1,91,3
1,26,3
1,57,3
1,131,5
1,68,3
2,127,5
2,76,5
2,45,5
2,3,4
2,53,5
3,18,3
3,76,3
3,53,4
3,45,4
3,3,3
4,9,5
4,133,3
4,3,5
4,113,5
4,48,5
5,9,4
5,127,5
5,76,5
5,45,3
5,53,3
6,83,3
6,26,3
6,13,4
6,79,3
6,2,4
7,76,4
7,113,5
7,3,5
7,88,4
7,20,5
8,3,3
8,45,3
8,53,3
8,113,4
8,48,3
9,18,5
9,45,5
9,60,5
9,23,5
9,33,5
10,3,5
10,23,5
10,88,5
10,103,5
10,83,5
11,118,3
11,9,3
11,127,5
11,133,3
11,76,4
12,118,5
12,127,5
12,45,5
12,3,5
12,60,5
13,9,5
13,76,5
13,3,5
13,60,5
13,23,5
14,118,3
14,9,4
14,18,4
14,127,5
14,45,5
15,113,5
15,3,5
15,23,3
15,88,4
15,20,3
16,118,5
16,127,5
16,113,5
16,91,3
16,60,5
17,76,3
17,3,3
17,91,3
17,88,3
17,20,3
18,118,5
18,133,5
18,18,5
18,60,5
18,3,5
19,18,4
19,91,4
19,48,4
19,23,3
19,33,3
20,23,3
20,91,4
20,20,3
20,13,3
20,57,4
21,113,5
21,53,3
21,33,5
21,20,3
21,79,5
22,91,4
22,48,3
22,60,3
22,23,3
22,20,4
23,127,5
23,18,5
23,76,5
23,45,5
23,48,5
24,23,4
24,83,3
24,20,4
24,68,3
24,2,5
25,127,5
25,76,5
25,3,5
25,91,5
25,125,5
26,9,3
26,18,4
26,23,3
26,91,3
26,88,4
27,118,3
27,9,5
27,127,5
27,45,5
27,76,5
28,127,4
28,45,4
28,3,4
28,53,5
28,113,5
29,3,5
29,88,5
29,13,5
29,26,4
29,134,5
30,118,3
30,127,3
30,18,4
30,133,3
30,45,3
31,127,3
31,9,3
31,133,5
31,53,3
31,45,3
32,3,5
32,88,5
32,103,5
32,20,5
32,13,5
33,127,5
33,18,4
33,60,4
33,88,4
33,23,3
34,76,3
34,60,3
34,3,4
34,88,4
34,23,3
35,23,3
35,83,4
35,33,3
35,20,4
35,131,4
36,127,3
36,3,4
36,60,4
36,48,5
36,88,3
37,133,3
37,3,3
37,60,5
37,23,3
37,88,3
38,118,3
38,3,3
38,60,3
38,48,3
38,23,3
39,118,5
39,127,5
39,9,3
39,76,3
39,18,5
40,113,4
40,91,4
40,60,4
40,23,3
40,33,3
41,48,5
41,23,5
41,13,5
41,134,5
41,131,5
42,118,5
42,9,5
42,76,5
42,113,5
42,60,5
43,48,3
43,88,3
43,26,3
43,68,4
43,11,3
44,118,3
44,18,3
44,127,3
44,9,3
44,133,3
45,9,3
45,3,5
45,88,5
45,20,5
45,83,3
46,127,3
46,9,4
46,113,5
46,91,4
46,23,3
47,9,5
47,103,3
47,83,3
47,26,3
47,55,3
48,18,3
48,127,4
48,133,5
48,45,4
48,53,4
49,18,3
49,26,3
49,131,3
49,11,4
49,87,4
50,118,3
50,9,4
50,3,5
50,60,5
50,103,3
51,48,3
51,23,4
51,83,4
51,2,3
51,68,3
52,127,3
52,9,3
52,133,3
52,76,3
52,113,3
53,123,4
53,95,4
53,119,4
53,43,4
53,117,4
54,118,3
54,127,4
54,9,4
54,18,4
54,133,4
55,9,3
55,76,3
55,113,5
55,60,5
55,48,5
56,18,3
56,113,4
56,60,5
56,91,4
56,20,3
57,118,3
57,18,3
57,133,3
57,113,3
57,60,3
58,113,5
58,91,3
58,23,4
58,20,5
58,79,3
59,23,5
59,83,5
59,27,5
59,5,5
59,70,5
60,18,3
60,103,3
60,20,5
60,26,3
60,55,3
61,91,3
61,83,3
61,26,3
61,11,4
61,69,4
62,118,4
62,127,4
62,18,4
62,133,4
62,76,5
63,45,5
63,53,5
63,76,3
63,18,3
63,60,5
64,9,3
64,45,4
64,133,5
64,18,5
64,113,5
65,9,3
65,76,3
65,3,3
65,48,3
65,103,3
66,88,3
66,103,3
66,11,3
66,116,4
66,70,4
67,118,5
67,9,3
67,76,4
67,18,3
67,3,4
68,83,3
68,13,4
68,134,3
68,11,4
68,5,3
69,118,4
69,18,4
69,60,4
69,3,4
69,48,4
70,125,3
70,79,3
70,68,3
70,70,3
70,28,3
71,45,4
71,76,3
71,48,4
71,91,4
71,83,4
72,18,4
72,133,4
72,3,4
72,91,3
72,48,4
73,18,5
73,133,3
73,3,3
73,91,5
73,20,5
74,118,5
74,9,3
74,18,5
74,133,5
74,45,5
75,9,5
75,18,4
75,3,4
75,48,5
75,91,4
76,18,3
76,66,4
76,26,3
76,81,3
76,55,3
77,113,3
77,3,5
77,20,4
77,103,4
77,83,3
78,9,5
78,18,5
78,3,5
78,23,5
78,20,5
79,118,5
79,18,5
79,3,5
79,88,3
79,66,5
80,18,5
80,113,5
80,60,5
80,3,5
80,66,5
81,18,3
81,3,3
81,91,3
81,48,3
81,83,3
82,9,3
82,45,5
82,18,5
82,113,5
82,3,5
83,127,5
83,23,4
83,20,4
83,103,4
83,83,4
84,113,3
84,60,4
84,88,4
84,48,5
84,23,5
85,91,3
85,110,4
85,134,4
85,131,4
85,68,3
86,113,5
86,23,4
86,131,4
86,116,4
86,70,4
87,118,4
87,9,5
87,76,5
87,18,5
87,67,5
88,18,4
88,118,3
88,127,3
88,133,3
88,91,3
89,18,4
89,55,4
89,11,4
89,116,4
89,27,4
90,3,3
90,113,5
90,60,5
90,2,3
90,79,4
91,9,3
91,18,5
91,133,4
91,66,4
91,20,5
92,118,4
92,18,4
92,60,4
92,3,4
92,48,4
93,18,3
93,133,3
93,125,5
93,11,4
93,81,4
94,118,4
94,18,4
94,76,4
94,113,4
94,23,4
95,48,5
95,55,3
95,11,5
95,116,4
95,10,5
96,3,3
96,113,4
96,60,4
96,48,4
96,23,4
97,9,4
97,3,4
97,113,5
97,23,5
97,91,5
98,103,5
98,26,4
98,68,3
98,5,5
98,69,5
99,83,3
99,131,3
99,87,3
99,11,4
99,49,3
100,48,4
100,68,4
100,87,4
100,49,4
100,69,3
101,76,3
101,23,5
101,48,5
101,87,5
101,116,4
102,9,5
102,18,3
102,23,5
102,48,5
102,83,5
103,83,5
103,81,3
103,68,5
103,11,5
103,116,3
104,118,3
104,18,3
104,66,3
104,68,3
104,81,3
105,18,3
105,113,3
105,23,5
105,33,5
105,103,5
106,127,5
106,9,5
106,45,5
106,53,5
106,76,3
107,91,3
107,48,4
107,83,4
107,26,4
107,79,4
108,127,5
108,118,5
108,9,5
108,18,5
108,113,5
109,118,5
109,127,3
109,9,5
109,133,5
109,18,5
110,118,5
110,18,5
110,133,5
110,3,5
110,103,5
111,57,3
111,55,3
111,11,3
111,116,3
111,27,3
112,76,3
112,103,3
112,26,3
112,134,4
112,81,3
113,76,3
113,113,5
113,48,5
113,33,5
113,103,3
114,118,4
114,9,4
114,18,4
114,76,3
114,91,3
115,3,5
115,23,4
115,91,3
115,66,5
115,83,3
116,18,5
116,76,3
116,23,5
116,20,5
116,26,3
117,9,4
117,88,3
117,103,4
117,11,4
117,27,4
118,113,5
118,60,5
118,125,4
118,103,5
118,83,5
119,118,5
119,9,5
119,133,5
119,76,4
119,18,5
120,76,3
120,18,3
120,60,3
120,41,3
120,3,3
121,18,4
121,76,4
121,60,4
121,83,4
121,103,4
122,76,4
122,48,4
122,103,4
122,26,4
122,13,4
123,3,5
123,48,5
123,88,5
123,91,3
123,20,5
124,127,5
124,18,5
124,76,5
124,3,5
124,60,5
125,127,5
125,9,5
125,18,3
125,76,4
125,23,4
126,18,5
126,76,3
126,3,5
126,91,3
126,48,5
127,18,3
127,45,3
127,53,4
127,3,5
127,60,3
128,127,4
128,9,3
128,76,5
128,113,4
128,60,5
129,23,5
129,88,5
129,33,4
129,26,4
129,57,4
130,76,4
130,103,4
130,26,4
130,11,4
130,116,4
131,133,3
131,3,3
131,23,4
131,88,3
131,33,3
132,9,3
132,18,4
132,3,4
132,23,4
132,91,3
133,3,5
133,91,5
133,48,4
133,26,5
133,13,4
134,9,3
134,113,5
134,3,5
134,60,3
134,88,3
135,9,3
135,18,4
135,3,3
135,91,3
135,48,3
136,9,4
136,18,3
136,3,5
136,66,4
136,103,3
137,9,5
137,18,3
137,41,4
137,26,5
137,55,3
138,127,3
138,53,3
138,113,3
138,3,3
138,60,5
139,9,4
139,18,4
139,133,4
139,76,3
139,3,4
140,118,5
140,18,5
140,133,5
140,76,5
140,113,5
141,118,5
141,76,5
141,113,5
141,133,5
141,18,5
142,127,3
142,9,3
142,133,3
142,18,3
142,113,3
143,18,5
143,23,4
143,33,5
143,66,5
143,2,3
144,18,5
144,76,5
144,48,5
144,103,3
144,66,5
145,9,3
145,18,4
145,133,3
145,76,4
145,3,4
146,3,5
146,48,3
146,26,4
146,55,3
146,2,5
147,18,5
147,23,5
147,48,5
147,103,5
147,83,5
148,9,3
148,18,5
148,133,3
148,3,3
148,48,5
149,9,4
149,18,4
149,133,4
149,23,3
149,125,5
150,9,5
150,3,4
150,23,5
150,88,4
150,83,4
151,127,4
151,18,4
151,133,4
151,76,4
151,3,4
152,48,4
152,83,3
152,88,4
152,11,4
152,2,4
153,3,5
153,91,3
153,83,5
153,79,4
153,55,4
154,3,5
154,88,3
154,131,3
154,134,3
154,68,3
155,127,5
155,9,3
155,45,5
155,53,5
155,18,5
156,18,5
156,133,4
156,23,4
156,48,4
156,125,5
157,76,4
157,133,4
157,53,3
157,60,4
157,23,3
158,76,4
158,3,5
158,60,4
158,23,4
158,83,3
159,118,3
159,127,4
159,9,3
159,45,4
159,53,4
160,9,5
160,133,5
160,76,5
160,18,5
160,113,5
161,127,4
161,9,3
161,76,3
161,3,5
161,91,4
162,9,5
162,18,3
162,88,3
162,33,4
162,66,3
163,9,3
163,3,4
163,48,3
163,88,4
163,103,3
164,118,3
164,127,4
164,45,5
164,9,4
164,113,3
165,26,3
165,69,3
165,43,3
165,74,5
165,84,4
166,53,3
166,9,3
166,133,4
166,76,4
166,18,5
167,118,5
167,127,4
167,9,5
167,53,3
167,133,5
168,9,4
168,91,3
168,103,4
168,83,5
168,55,3
169,118,3
169,9,3
169,18,4
169,76,4
169,133,3
170,9,5
170,76,5
170,33,5
170,83,5
170,103,5
171,118,5
171,53,5
171,133,5
171,113,5
171,18,5
172,18,4
172,76,4
172,3,4
172,88,3
172,83,4
173,9,5
173,33,4
173,11,5
173,68,5
173,27,3
174,9,5
174,133,4
174,76,3
174,18,4
174,3,5
175,127,5
175,9,3
175,18,5
175,76,5
175,60,5
176,18,5
176,76,4
176,91,4
176,83,5
176,134,5
177,9,5
177,133,5
177,76,4
177,113,4
177,18,5
178,88,3
178,83,5
178,26,3
178,2,5
178,87,3
179,127,3
179,9,3
179,18,3
179,3,3
179,60,3
180,9,3
180,3,4
180,91,3
180,103,3
180,83,5
181,9,3
181,127,4
181,118,3
181,18,4
181,113,3
182,3,5
182,26,3
182,2,5
182,123,5
182,95,5
183,18,5
183,91,3
183,66,5
183,26,5
183,55,5
184,18,5
184,76,4
184,91,4
184,83,5
184,81,3
185,9,3
185,18,5
185,23,3
185,83,5
185,26,3
186,18,4
186,76,3
186,60,4
186,91,4
186,48,3
187,3,3
187,23,5
187,83,3
187,26,3
187,79,3
188,2,4
188,70,3
188,27,4
188,81,3
188,43,3
189,127,4
189,9,3
189,133,4
189,53,4
189,18,4
190,9,3
190,45,4
190,133,5
190,53,4
190,18,5
191,118,3
191,18,4
191,76,4
191,133,4
191,3,4
192,57,3
192,55,3
192,2,5
192,109,5
192,11,5
193,18,3
193,133,3
193,125,4
193,103,3
193,83,3
194,127,4
194,18,5
194,133,3
194,113,3
194,3,3
195,118,4
195,18,4
195,76,3
195,133,4
195,113,4
196,18,3
196,3,5
196,125,5
196,87,3
196,2,5
197,18,4
197,45,4
197,53,4
197,133,4
197,3,4
198,9,4
198,113,3
198,45,3
198,133,3
198,53,4
199,9,4
199,18,3
199,23,5
199,103,4
199,26,4
200,48,5
200,91,3
200,103,3
200,83,5
200,26,3
201,48,5
201,33,4
201,103,3
201,110,4
201,13,5
202,113,5
202,3,5
202,91,5
202,83,5
202,103,5
203,9,3
203,18,4
203,48,5
203,20,4
203,83,5
204,127,5
204,18,5
204,53,5
204,45,4
204,76,4
205,3,3
205,60,5
205,23,3
205,88,3
205,103,5
206,9,4
206,45,4
206,113,5
206,91,4
206,23,3
207,127,5
207,76,5
207,45,5
207,53,5
207,113,5
208,127,4
208,53,5
208,3,4
208,113,5
208,60,5
209,127,4
209,45,4
209,53,4
209,113,4
209,91,4
210,118,3
210,9,3
210,113,3
210,3,3
210,91,3
211,127,4
211,76,5
211,53,4
211,113,4
211,91,3
212,9,4
212,127,5
212,45,5
212,53,5
212,76,3
213,9,5
213,91,5
213,60,5
213,23,3
213,88,3
214,127,5
214,45,5
214,53,4
214,60,5
214,48,5
215,23,4
215,33,4
215,26,3
215,81,3
215,79,4
216,48,3
216,131,3
216,13,3
216,70,3
216,27,3
217,127,5
217,45,5
217,53,5
217,3,4
217,113,5
218,127,5
218,18,5
218,76,5
218,45,5
218,53,5
219,127,5
219,76,5
219,53,5
219,113,5
219,91,5
220,118,3
220,45,5
220,18,5
220,76,3
220,113,5
221,127,5
221,76,5
221,45,5
221,53,5
221,113,5
222,23,5
222,55,5
222,131,4
222,27,4
222,28,5
223,127,5
223,76,5
223,53,5
223,3,5
223,113,5
224,76,3
224,3,3
224,60,5
224,91,3
224,48,5
225,131,3
225,68,3
225,87,3
225,70,3
225,49,3
226,127,4
226,45,3
226,76,5
226,3,3
226,60,5
227,133,3
227,18,5
227,76,4
227,113,5
227,48,5
228,127,5
228,45,5
228,76,5
228,60,5
228,48,5
229,118,4
229,127,5
229,76,3
229,18,4
229,45,5
230,127,5
230,3,4
230,60,5
230,23,4
230,33,4
231,9,5
231,48,3
231,91,3
231,33,5
231,20,5
232,113,5
232,60,5
232,48,5
232,20,3
232,110,5
233,127,3
233,45,4
233,53,4
233,23,3
233,60,4
234,127,5
234,45,5
234,53,5
234,113,5
234,48,5
235,127,4
235,3,3
235,113,5
235,60,5
235,88,5
236,9,3
236,18,4
236,127,5
236,45,4
236,53,5
237,127,5
237,45,5
237,113,5
237,60,5
237,91,5
238,113,5
238,91,4
238,60,4
238,110,4
238,2,3
239,127,4
239,113,4
239,91,3
239,23,5
239,83,3
240,118,4
240,9,4
240,18,4
240,45,4
240,3,4
241,127,4
241,76,4
241,60,5
241,48,5
241,23,4
242,113,5
242,60,5
242,91,5
242,33,5
242,23,5
243,118,3
243,9,5
243,127,5
243,45,5
243,53,5
244,127,5
244,3,3
244,113,3
244,91,3
244,23,5
245,9,5
245,133,3
245,113,5
245,83,3
245,125,3
246,127,5
246,9,4
246,113,5
246,60,5
246,23,5
247,127,3
247,45,3
247,53,4
247,113,4
247,91,3
248,127,5
248,76,4
248,3,4
248,113,4
248,60,5
249,9,3
249,18,3
249,23,3
249,33,3
249,103,3
250,26,3
250,10,3
250,123,5
250,16,4
250,95,4
251,45,5
251,53,5
251,113,5
251,60,5
251,91,5
252,23,3
252,81,5
252,131,5
252,109,5
252,68,5
253,127,3
253,76,3
253,45,4
253,53,4
253,60,4
254,127,5
254,9,4
254,76,5
254,48,5
254,91,5
255,9,3
255,18,3
255,60,3
255,23,3
255,103,4
256,127,5
256,3,4
256,113,5
256,91,5
256,83,5
257,18,3
257,3,3
257,66,4
257,83,4
257,134,4
258,76,3
258,60,5
258,48,5
258,91,3
258,23,5
259,48,5
259,91,3
259,26,5
259,134,3
259,87,5
260,76,5
260,113,5
260,60,5
260,3,5
260,20,5
261,23,5
261,88,3
261,33,3
261,83,5
261,26,5
262,3,3
262,23,5
262,33,5
262,83,3
262,108,5
263,66,3
263,83,5
263,26,5
263,11,4
263,69,5
264,9,3
264,18,4
264,76,5
264,91,3
264,48,5
265,45,5
265,76,3
265,113,5
265,3,5
265,91,5
266,3,4
266,113,5
266,88,3
266,83,3
266,103,5
267,118,5
267,9,5
267,18,5
267,133,5
267,3,5
268,9,4
268,18,5
268,23,5
268,33,5
268,83,5
269,113,5
269,91,3
269,23,4
269,81,3
269,79,5
270,9,4
270,3,4
270,23,4
270,26,4
270,131,5
271,18,4
271,91,3
271,48,5
271,83,5
271,131,4
272,9,3
272,113,5
272,3,5
272,33,4
272,67,3
273,118,3
273,127,5
273,76,5
273,133,3
273,18,5
274,9,3
274,113,4
274,3,4
274,48,5
274,91,3
275,3,4
275,60,5
275,91,4
275,67,4
275,23,4
276,118,5
276,127,4
276,9,5
276,133,5
276,18,4
277,127,4
277,113,5
277,3,5
277,110,5
277,103,4
278,18,3
278,45,5
278,53,5
278,113,5
278,60,5
279,127,4
279,18,4
279,45,5
279,53,5
279,113,5
280,118,5
280,9,3
280,18,5
280,133,5
280,127,5
281,113,5
281,60,5
281,91,5
281,83,5
281,131,5
282,76,3
282,3,4
282,23,4
282,88,3
282,83,3
283,45,5
283,18,5
283,60,5
283,23,5
283,48,5
284,118,3
284,113,5
284,60,5
284,91,5
284,23,5
285,3,4
285,60,4
285,23,4
285,103,3
285,83,5
286,18,4
286,3,3
286,23,5
286,91,3
286,48,5
287,60,5
287,48,5
287,83,4
287,103,4
287,11,4
288,127,5
288,9,3
288,133,4
288,53,4
288,45,5
289,45,3
289,53,5
289,76,5
289,3,4
289,113,5
290,9,3
290,113,3
290,3,3
290,91,3
290,23,3
291,118,3
291,18,3
291,113,5
291,60,5
291,33,4
292,133,4
292,53,5
292,45,5
292,18,3
292,76,3
293,118,5
293,127,4
293,133,5
293,45,4
293,53,4
294,133,4
294,76,4
294,45,4
294,53,3
294,113,4
295,18,4
295,76,3
295,133,4
295,3,3
295,88,3
296,9,3
296,76,3
296,113,3
296,48,4
296,131,3
297,60,5
297,48,5
297,91,3
297,103,5
297,110,4
298,48,5
298,33,5
298,91,3
298,23,4
298,103,4
299,118,5
299,9,5
299,133,5
299,113,5
299,91,5
300,18,5
300,127,5
300,76,5
300,48,5
300,91,5
301,76,4
301,113,5
301,23,4
301,48,5
301,83,5
302,18,3
302,3,3
302,91,3
302,23,4
302,103,4
303,45,5
303,3,4
303,110,5
303,55,4
303,116,5
304,118,5
304,9,3
304,18,5
304,76,5
304,113,5
305,18,4
305,127,4
305,133,3
305,76,4
305,45,4
306,127,5
306,45,3
306,60,5
306,88,5
306,33,4
307,127,4
307,113,5
307,3,4
307,60,4
307,23,5
308,9,3
308,113,5
308,33,5
308,103,4
308,110,5
309,91,5
309,23,5
309,103,5
309,83,5
309,26,4
310,113,4
310,3,5
310,23,3
310,91,4
310,67,4
311,113,3
311,23,5
311,91,3
311,67,3
311,110,4
312,60,5
312,23,4
312,91,4
312,83,5
312,79,4
313,9,4
313,18,3
313,133,3
313,91,3
313,103,3
314,127,3
314,9,4
314,18,3
314,45,4
314,91,3
315,127,5
315,45,4
315,133,5
315,113,3
315,60,5
316,127,5
316,18,4
316,133,3
316,76,4
316,3,4
317,127,5
317,18,4
317,133,5
317,45,5
317,60,5
318,3,4
318,60,3
318,23,3
318,91,5
318,55,3
319,127,3
319,18,5
319,76,3
319,133,5
319,45,5
320,133,5
320,18,5
320,60,5
320,91,4
320,23,5
321,53,5
321,45,5
321,76,4
321,113,5
321,3,4
322,9,4
322,18,5
322,113,4
322,3,5
322,48,5
323,9,3
323,123,5
323,95,5
323,119,5
323,43,5
324,18,3
324,76,3
324,113,3
324,60,3
324,3,5
325,76,4
325,60,5
325,23,4
325,91,3
325,48,5
326,9,4
326,18,4
326,76,4
326,113,4
326,60,5
327,127,5
327,9,3
327,3,3
327,60,5
327,23,5
328,133,5
328,18,3
328,113,5
328,3,5
328,125,5
329,18,4
329,131,3
329,69,5
329,123,5
329,16,4
330,9,3
330,133,4
330,91,3
330,88,4
330,103,4
331,23,5
331,103,5
331,26,4
331,79,5
331,68,3
332,18,3
332,60,5
332,48,5
332,23,5
332,83,5
333,118,3
333,23,5
333,91,3
333,55,5
333,57,3
334,18,4
334,103,5
334,83,4
334,66,4
334,57,3
335,127,5
335,133,5
335,45,5
335,18,4
335,76,5
336,127,4
336,9,4
336,76,4
336,60,4
336,91,4
337,76,3
337,60,5
337,91,4
337,23,4
337,67,4
338,133,3
338,3,4
338,88,4
338,91,3
338,67,5
339,118,4
339,127,4
339,133,4
339,76,5
339,18,4
340,60,5
340,91,4
340,79,5
340,81,3
340,11,4
341,9,4
341,48,5
341,88,4
341,66,4
341,20,4
342,45,4
342,18,5
342,133,5
342,3,4
342,23,3
343,87,4
343,11,4
343,70,4
343,28,3
343,95,4
344,127,5
344,18,5
344,45,5
344,53,5
344,113,5
345,113,5
345,91,4
345,103,4
345,79,4
345,2,5
346,118,4
346,127,5
346,133,4
346,53,4
346,9,3
347,9,4
347,18,5
347,133,5
347,3,4
347,23,5
348,118,5
348,18,4
348,113,4
348,3,5
348,91,3
349,76,3
349,91,3
349,83,3
349,103,3
349,26,3
350,133,3
350,45,3
350,53,3
350,60,5
350,91,3
351,133,5
351,23,5
351,125,5
351,88,5
351,33,5
352,127,5
352,9,5
352,18,5
352,3,5
352,91,5
353,18,5
353,45,5
353,76,3
353,133,5
353,3,5
354,127,4
354,9,4
354,45,4
354,133,4
354,53,4
355,45,4
355,53,4
355,60,4
355,91,4
355,48,4
356,134,3
356,27,4
356,69,3
356,19,4
356,10,4
357,9,4
357,18,4
357,45,5
357,53,5
357,3,4
358,118,4
358,133,4
358,76,4
358,3,4
358,60,5
359,127,4
359,9,3
359,45,4
359,53,5
359,133,3
360,18,3
360,9,3
360,118,3
360,3,5
360,127,4
361,127,5
361,133,5
361,45,5
361,113,5
361,3,5
362,18,5
362,48,5
362,91,3
362,66,5
362,83,5
363,99,3
363,74,3
363,84,5
363,64,3
363,77,3
364,18,5
364,3,5
364,66,5
364,110,5
364,41,3
365,9,5
365,133,5
365,18,5
365,113,5
365,125,5
366,9,4
366,18,4
366,3,4
366,48,5
366,88,4
367,113,3
367,91,3
367,23,3
367,48,5
367,103,3
368,127,4
368,9,4
368,45,4
368,18,4
368,60,5
369,118,5
369,9,4
369,18,4
369,45,5
369,53,5
370,127,5
370,9,5
370,45,5
370,133,5
370,53,5
371,127,5
371,3,4
371,60,5
371,23,5
371,48,5
372,118,5
372,18,5
372,133,5
372,3,5
372,60,5
373,127,3
373,9,3
373,133,3
373,76,4
373,18,4
374,127,4
374,76,3
374,3,4
374,88,3
374,91,4
375,18,4
375,133,4
375,3,5
375,48,3
375,103,3
376,118,4
376,133,4
376,76,4
376,18,4
376,60,4
377,118,4
377,127,5
377,45,4
377,133,5
377,76,4
378,76,3
378,91,3
378,83,5
378,103,5
378,88,5
379,9,3
379,18,3
379,76,4
379,3,4
379,91,3
380,3,5
380,88,3
380,83,4
380,26,4
380,57,3
381,118,4
381,127,4
381,9,4
381,18,3
381,76,5
382,127,3
382,9,3
382,18,4
382,118,3
382,91,3
383,9,5
383,18,4
383,76,4
383,91,5
383,48,5
384,118,5
384,9,5
384,18,5
384,48,5
384,23,5
385,127,3
385,45,3
385,76,3
385,23,3
385,91,4
386,9,3
386,127,3
386,133,3
386,18,3
386,45,4
387,118,3
387,9,4
387,76,4
387,18,3
387,125,3
388,127,3
388,76,3
388,45,5
388,3,5
388,53,5
389,127,4
389,45,4
389,53,4
389,113,3
389,3,4
390,2,3
390,109,4
390,28,3
390,123,4
390,95,4
391,103,3
391,66,4
391,26,3
391,11,3
391,116,3
392,133,3
392,3,4
392,91,3
392,48,4
392,83,4
393,9,5
393,133,3
393,18,4
393,113,5
393,60,5
394,127,3
394,18,4
394,76,5
394,60,5
394,3,5
395,118,3
395,9,3
395,127,5
395,45,4
395,53,4
396,9,3
396,45,4
396,53,4
396,113,3
396,3,3
397,118,4
397,127,5
397,133,4
397,45,5
397,53,5
398,9,5
398,88,4
398,26,3
398,134,4
398,131,4
399,118,4
399,127,5
399,9,4
399,45,3
399,133,5
400,33,3
400,83,4
400,103,4
400,110,4
400,26,3
401,3,5
401,23,5
401,33,3
401,83,3
401,103,4
402,127,5
402,18,4
402,113,3
402,60,3
402,48,3
403,76,3
403,3,3
403,91,4
403,103,4
403,67,4
404,118,4
404,127,3
404,18,3
404,45,3
404,76,3
405,45,5
405,53,5
405,133,5
405,18,5
405,76,4
406,88,3
406,26,3
406,131,3
406,68,3
406,116,3
407,9,4
407,113,5
407,23,4
407,91,4
407,103,4
408,18,4
408,3,4
408,127,3
408,118,3
408,9,4
409,18,5
409,3,5
409,23,5
409,48,4
409,133,5
410,9,5
410,127,5
410,118,5
410,3,4
410,76,5
411,9,5
411,118,5
411,3,5
411,45,5
411,11,5
412,127,3
412,133,3
412,113,3
412,45,3
412,53,3
413,9,3
413,76,3
413,113,3
413,45,3
413,88,3
414,9,5
414,48,5
414,76,5
414,133,5
414,60,5
415,76,3
415,113,3
415,48,3
415,103,3
415,88,3
416,133,3
416,91,3
416,45,3
416,83,3
416,88,3
417,127,3
417,70,5
417,55,3
417,33,4
417,87,3
418,127,4
418,133,4
418,48,3
418,103,4
418,131,4
419,76,4
419,113,4
419,60,3
419,45,4
419,55,3
420,127,3
420,118,3
420,113,5
420,48,3
420,60,5
421,113,3
421,133,3
421,23,5
421,45,3
421,60,3
422,45,3
422,55,3
422,68,3
422,20,4
422,110,3
423,9,3
423,18,3
423,3,3
423,133,3
423,53,3
424,13,3
424,52,4
424,105,4
424,71,4
424,107,3
425,113,5
425,45,3
425,88,5
425,28,5
425,131,3
426,133,4
426,23,5
426,45,5
426,113,3
426,2,5
427,118,4
427,23,4
427,45,4
427,116,4
427,131,4
428,9,4
428,127,5
428,91,5
428,23,5
428,83,5
429,118,3
429,27,3
429,131,3
429,87,3
429,110,3
430,91,5
430,60,5
430,53,5
430,116,5
430,131,5
431,127,5
431,23,4
431,113,4
431,133,5
431,53,3
432,131,4
432,87,4
432,57,4
432,68,4
432,125,5
433,113,4
433,88,4
433,87,3
433,68,3
433,110,4
434,9,5
434,76,4
434,45,5
434,103,4
434,26,4
435,9,4
435,76,4
435,48,3
435,60,3
435,113,4
436,18,5
436,3,5
436,83,5
436,91,5
436,127,4
437,76,5
437,113,5
437,60,5
437,45,4
437,53,3
438,83,3
438,133,3
438,113,3
438,103,3
438,53,3
439,23,3
439,33,5
439,116,3
439,2,5
439,125,3
440,18,5
440,118,5
440,133,4
440,27,4
440,55,5
441,9,4
441,127,3
441,91,5
441,23,5
441,60,5
442,3,3
442,91,5
442,83,5
442,118,5
442,11,3
443,9,3
443,3,3
443,91,3
443,83,3
443,23,3
444,18,3
444,127,3
444,83,4
444,76,4
444,48,3
445,127,4
445,118,3
445,91,4
445,83,3
445,76,3
446,48,5
446,53,5
446,131,5
446,68,3
446,125,5
447,55,3
447,27,4
447,131,4
447,123,5
447,13,5
448,18,3
448,133,3
448,45,3
448,48,3
448,53,3
449,127,5
449,118,5
449,53,5
449,88,5
449,55,3
450,9,5
450,76,5
450,91,5
450,23,3
450,113,5
451,9,3
451,91,3
451,48,4
451,60,4
451,113,3
452,91,4
452,83,4
452,23,4
452,48,4
452,76,4
453,18,3
453,9,5
453,127,4
453,118,5
453,91,5
454,18,3
454,9,5
454,127,5
454,91,5
454,76,5
455,127,3
455,118,3
455,60,3
455,53,4
455,55,3
456,48,4
456,60,4
456,45,3
456,27,4
456,116,4
457,76,4
457,23,4
457,60,4
457,45,3
457,53,3
458,3,4
458,118,5
458,76,5
458,113,5
458,60,3
459,53,3
459,116,4
459,33,3
459,57,4
459,110,4
460,110,3
460,66,3
460,67,3
460,134,3
460,81,3
461,9,5
461,3,5
461,118,5
461,91,5
461,83,5
462,18,4
462,127,3
462,23,3
462,76,4
462,48,4
463,9,3
463,23,3
463,133,3
463,113,3
463,48,3
464,118,3
464,76,4
464,133,3
464,60,3
464,26,5
465,60,4
465,116,4
465,123,4
465,57,5
465,20,3
466,127,5
466,118,5
466,76,5
466,48,3
466,60,5
467,41,3
467,120,3
467,52,5
467,36,4
467,25,4
468,9,3
468,3,3
468,133,4
468,60,4
468,33,4
469,127,3
469,118,3
469,60,3
469,53,4
469,116,3
470,127,5
470,118,3
470,133,3
470,45,3
470,131,3
471,3,3
471,9,4
471,127,3
471,91,4
471,83,4
472,133,5
472,55,4
472,33,3
472,87,3
472,110,3
473,45,3
473,53,4
473,116,4
473,131,4
473,87,4
474,76,5
474,113,5
474,45,3
474,2,4
474,88,5
475,18,3
475,9,4
475,127,5
475,118,5
475,91,5
476,127,4
476,118,4
476,133,4
476,45,3
476,55,3
477,18,5
477,3,5
477,118,5
477,103,5
477,113,5
478,18,5
478,127,5
478,9,5
478,3,5
478,118,5
479,118,5
479,53,5
479,116,5
479,55,5
479,2,5
480,127,3
480,45,3
480,116,4
480,2,3
480,87,3
481,9,4
481,3,4
481,91,4
481,118,4
481,83,4
482,76,5
482,133,4
482,113,5
482,53,4
482,88,5
483,91,4
483,127,3
483,118,5
483,76,4
483,48,4
484,131,4
484,110,4
484,125,4
484,66,4
484,134,4
485,76,3
485,48,3
485,113,4
485,60,3
485,53,3
486,127,5
486,133,5
486,45,3
486,53,5
486,88,5
487,18,4
487,9,5
487,127,3
487,118,5
487,91,5
488,60,3
488,53,3
488,33,3
488,68,3
488,57,3
489,118,3
489,2,5
489,131,3
489,68,5
489,110,3
490,9,4
490,18,5
490,127,3
490,76,5
490,3,4
491,133,3
491,2,5
491,134,3
491,13,5
491,126,5
492,133,4
492,20,4
492,125,4
492,67,4
492,81,4
493,91,3
493,76,3
493,45,3
493,113,3
493,26,3
494,76,5
494,45,5
494,113,5
494,26,4
494,79,5
495,3,3
495,23,5
495,118,5
495,113,3
495,70,5
496,18,3
496,118,4
496,133,4
496,70,5
496,55,3
497,127,3
497,66,4
497,134,4
497,5,4
497,81,4
498,133,5
498,27,3
498,55,3
498,88,5
498,131,3
499,127,5
499,91,5
499,83,5
499,76,5
499,23,4
500,2,3
500,79,3
500,68,5
500,81,3
500,13,5
501,9,5
501,91,4
501,83,5
501,76,5
501,133,4
502,9,4
502,118,5
502,76,5
502,91,5
502,113,5
503,127,3
503,118,5
503,76,5
503,48,3
503,113,5
504,127,5
504,91,3
504,76,4
504,48,3
504,45,3
505,118,5
505,113,5
505,45,5
505,133,5
505,48,5
506,76,4
506,45,5
506,53,3
506,26,4
506,68,3
507,23,4
507,113,3
507,88,5
507,57,4
507,13,3
508,9,4
508,127,4
508,91,4
508,23,4
508,83,3
509,127,4
509,118,4
509,48,4
509,60,3
509,88,5
510,127,3
510,118,4
510,76,3
510,3,3
510,48,3
511,127,3
511,118,4
511,48,3
511,11,5
511,60,3
512,127,4
512,118,3
512,113,4
512,48,4
512,133,4
513,9,3
513,3,5
513,118,5
513,23,5
513,76,5
514,118,3
514,3,4
514,60,3
514,11,3
514,131,3
515,9,4
515,133,4
515,2,3
515,20,3
515,110,4
516,127,3
516,76,4
516,113,3
516,45,4
516,55,3
517,127,3
517,70,4
517,20,4
517,110,3
517,66,3
518,23,5
518,60,3
518,116,3
518,53,3
518,88,5
519,118,4
519,91,4
519,83,4
519,113,4
519,45,4
520,9,3
520,127,3
520,91,4
520,118,4
520,76,4
521,118,4
521,3,3
521,23,3
521,76,3
521,113,3
522,18,5
522,127,5
522,118,4
522,76,5
522,23,4
523,18,3
523,127,4
523,3,4
523,118,4
523,113,4
524,133,3
524,33,3
524,2,5
524,68,3
524,110,3
525,133,5
525,11,5
525,70,5
525,33,5
525,55,5
526,88,4
526,2,3
526,125,3
526,110,3
526,13,3
527,118,5
527,3,5
527,133,5
527,55,5
527,27,5
528,33,3
528,79,3
528,20,3
528,110,3
528,125,3
529,127,5
529,118,4
529,113,4
529,53,4
529,88,4
530,60,3
530,55,3
530,68,4
530,110,5
530,13,4
531,9,3
531,127,3
531,23,5
531,48,3
531,11,5
532,118,4
532,88,5
532,57,3
532,110,4
532,125,4
533,127,4
533,53,3
533,2,4
533,33,4
533,125,4
534,127,4
534,133,4
534,45,4
534,20,3
534,125,4
535,127,5
535,45,5
535,2,5
535,53,5
535,88,5
536,9,3
536,118,4
536,127,4
536,113,4
536,76,4
537,91,5
537,133,5
537,48,5
537,26,5
537,116,5
538,127,3
538,45,3
538,60,3
538,53,3
538,88,4
539,127,3
539,118,3
539,45,3
539,60,3
539,88,3
540,9,3
540,91,5
540,83,4
540,60,3
540,103,5
541,127,3
541,118,5
541,3,3
541,70,5
541,33,5
542,127,4
542,118,4
542,133,3
542,60,4
542,11,5
543,9,4
543,118,3
543,76,4
543,23,4
543,91,4
544,127,3
544,118,3
544,3,3
544,48,4
544,133,5
545,45,4
545,53,5
545,88,4
545,110,3
545,66,4
546,9,4
546,118,4
546,127,4
546,76,4
546,23,3
547,118,4
547,3,4
547,48,3
547,60,3
547,53,4
548,127,3
548,118,3
548,103,3
548,60,3
548,45,3
549,133,4
549,45,3
549,20,3
549,68,3
549,110,3
550,118,4
550,60,3
550,33,3
550,55,3
550,2,3
551,9,4
551,127,3
551,48,5
551,45,5
551,88,4
552,9,4
552,118,4
552,3,4
552,113,4
552,11,4
553,118,3
553,48,5
553,88,5
553,33,4
553,2,5
554,76,4
554,133,4
554,60,4
554,53,4
554,88,5
555,3,4
555,127,3
555,118,3
555,76,5
555,11,3
556,9,5
556,118,4
556,3,3
556,133,5
556,45,5
557,76,4
557,60,3
557,53,5
557,27,5
557,33,4
558,127,5
558,118,3
558,3,3
558,23,3
558,133,3
559,118,4
559,133,4
559,45,3
559,55,3
559,53,4
560,18,3
560,127,4
560,118,4
560,3,4
560,76,4
561,9,3
561,127,4
561,23,4
561,76,4
561,48,4
562,9,4
562,3,4
562,127,3
562,118,4
562,48,4
563,18,5
563,127,4
563,118,5
563,91,4
563,23,4
564,18,4
564,3,5
564,118,5
564,23,4
564,83,5
565,9,3
565,127,4
565,118,4
565,3,3
565,91,3
566,9,4
566,3,5
566,127,3
566,91,3
566,23,3
567,33,5
567,2,5
567,87,4
567,20,5
567,110,4
568,91,4
568,133,5
568,45,5
568,53,4
568,26,5
569,118,5
569,127,5
569,9,5
569,76,3
569,113,5
570,18,4
570,9,5
570,118,5
570,127,5
570,3,5
571,18,4
571,127,3
571,118,3
571,91,3
571,83,3
572,118,4
572,3,4
572,76,5
572,48,4
572,133,4
573,118,5
573,133,4
573,60,3
573,27,3
573,88,5
574,127,5
574,133,5
574,70,4
574,125,5
574,134,5
575,9,3
575,127,3
575,118,3
575,91,3
575,76,4
576,127,5
576,118,5
576,76,5
576,48,5
576,103,5
577,127,4
577,118,4
577,53,4
577,116,3
577,88,4
578,3,4
578,127,3
578,118,3
578,48,3
578,60,5
579,118,4
579,9,4
579,3,5
579,133,4
579,91,4
580,118,4
580,3,4
580,45,4
580,48,4
580,60,3
581,118,4
581,133,3
581,48,3
581,45,3
581,68,3
582,18,5
582,3,5
582,118,5
582,48,5
582,60,3
583,18,5
583,3,4
583,118,5
583,48,5
583,11,4
584,18,4
584,9,4
584,3,4
584,127,4
584,118,4
585,18,3
585,127,3
585,3,4
585,118,4
585,48,4
586,18,3
586,127,5
586,118,3
586,83,4
586,76,5
587,9,5
587,127,3
587,91,5
587,118,5
587,83,5
588,18,5
588,9,3
588,127,5
588,3,5
588,23,5
589,9,3
589,127,3
589,91,3
589,83,3
589,23,3
590,18,4
590,127,4
590,118,4
590,3,4
590,113,4
591,127,3
591,133,3
591,45,4
591,88,3
591,33,3
592,9,4
592,127,4
592,118,5
592,3,5
592,91,3
593,3,5
593,48,5
593,45,4
593,11,5
593,53,5
594,66,4
594,5,4
594,67,4
594,134,3
594,81,3
595,18,5
595,3,5
595,23,5
595,118,5
595,48,5
596,18,3
596,9,5
596,3,3
596,91,5
596,118,5
597,9,4
597,127,5
597,76,4
597,103,4
597,60,3
598,18,4
598,9,3
598,3,3
598,83,3
598,91,3
599,118,3
599,133,3
599,53,3
599,2,3
599,88,3
600,9,3
600,118,3
600,127,3
600,91,3
600,76,3
601,18,5
601,3,4
601,118,4
601,76,4
601,11,4
602,9,5
602,118,5
602,3,5
602,127,3
602,76,3
603,127,4
603,118,4
603,91,3
603,83,4
603,76,5
604,18,3
604,9,3
604,23,5
604,127,5
604,76,5
605,127,5
605,76,5
605,113,5
605,60,5
605,45,5
606,45,3
606,53,3
606,116,3
606,88,3
606,131,3
607,133,5
607,103,5
607,113,5
607,26,5
607,45,5
608,18,3
608,76,5
608,45,5
608,113,5
608,103,5
609,53,3
609,79,4
609,20,3
609,110,3
609,125,4
610,76,3
610,45,5
610,103,4
610,33,3
610,27,4
611,18,5
611,9,3
611,127,5
611,118,5
611,83,3
612,127,3
612,76,5
612,23,5
612,103,4
612,131,4
613,76,4
613,133,3
613,48,3
613,60,3
613,103,3
614,18,3
614,9,3
614,91,4
614,83,3
614,76,4
615,9,3
615,118,3
615,76,4
615,133,3
615,103,3
616,9,5
616,91,4
616,83,3
616,76,5
616,48,5
617,127,3
617,91,5
617,76,5
617,23,4
617,48,4
618,91,3
618,76,3
618,133,3
618,113,3
618,26,3
619,23,3
619,76,5
619,113,5
619,133,4
619,103,4
620,127,3
620,9,5
620,91,5
620,83,5
620,23,5
621,45,4
621,88,5
621,116,3
621,55,3
621,33,3
622,9,5
622,127,4
622,76,5
622,133,3
622,60,5
623,18,3
623,118,4
623,76,4
623,133,3
623,113,5
624,76,5
624,113,5
624,53,5
624,103,5
624,26,5
625,9,5
625,3,3
625,23,4
625,76,4
625,11,3
626,9,5
626,127,3
626,91,5
626,76,5
626,83,5
627,76,5
627,23,5
627,45,5
627,53,5
627,70,5
628,9,5
628,91,5
628,83,4
628,76,5
628,48,4
629,18,3
629,3,4
629,76,4
629,23,5
629,113,4
630,53,4
630,116,5
630,2,4
630,131,4
630,87,4
631,9,4
631,127,3
631,91,4
631,83,4
631,76,5
632,127,4
632,76,4
632,23,5
632,133,4
632,60,3
633,23,5
633,53,5
633,2,5
633,87,5
633,79,3
634,9,4
634,118,4
634,23,4
634,76,5
634,113,5
635,23,4
635,76,5
635,133,3
635,60,4
635,113,5
636,23,4
636,113,5
636,11,5
636,45,3
636,103,5
637,9,5
637,76,5
637,48,3
637,60,4
637,133,3
638,9,4
638,91,5
638,23,4
638,48,3
638,76,4
639,127,3
639,23,4
639,60,5
639,103,4
639,45,4
640,76,3
640,133,4
640,48,3
640,28,3
640,20,4
641,127,3
641,113,5
641,103,5
641,88,5
641,2,3
642,118,5
642,9,5
642,91,5
642,133,5
642,83,5
643,18,3
643,118,4
643,113,5
643,133,3
643,45,4
644,9,3
644,3,3
644,127,3
644,23,3
644,11,3
645,23,4
645,60,4
645,113,4
645,133,3
645,45,4
646,118,4
646,48,4
646,103,4
646,53,4
646,28,4
647,18,3
647,9,5
647,76,5
647,133,5
647,23,4
648,9,5
648,91,5
648,23,5
648,83,5
648,133,5
649,118,4
649,76,5
649,113,3
649,133,3
649,45,3
650,127,3
650,76,5
650,113,3
650,103,5
650,45,3
651,76,5
651,133,3
651,113,5
651,45,5
651,87,5
652,83,4
652,76,5
652,48,3
652,103,5
652,133,3
653,9,4
653,91,4
653,76,4
653,83,5
653,48,3
654,18,4
654,118,5
654,3,3
654,23,3
654,133,4
655,9,4
655,23,5
655,76,5
655,133,5
655,26,4
656,23,5
656,133,5
656,113,5
656,60,5
656,45,5
657,113,4
657,87,4
657,123,4
657,68,3
657,57,5
658,18,5
658,127,3
658,118,4
658,91,4
658,83,4
659,9,3
659,127,3
659,91,3
659,76,3
659,23,3
660,9,4
660,91,4
660,83,3
660,23,3
660,48,3
661,53,3
661,55,3
661,2,3
661,33,3
661,131,3
662,76,5
662,133,4
662,113,3
662,45,3
662,48,3
663,118,4
663,76,5
663,103,5
663,70,5
663,113,5
664,3,3
664,118,4
664,91,5
664,83,5
664,23,5
665,3,4
665,23,4
665,133,4
665,113,5
665,11,4
666,118,3
666,91,3
666,83,3
666,76,5
666,103,3
667,45,5
667,26,5
667,53,3
667,27,5
667,55,3
668,9,4
668,127,4
668,3,3
668,113,4
668,45,4
669,18,4
669,127,4
669,113,4
669,60,4
669,53,3
670,127,5
670,118,3
670,23,5
670,76,5
670,113,5
671,23,4
671,113,4
671,133,3
671,60,3
671,45,4
672,127,4
672,118,5
672,76,5
672,103,5
672,133,4
673,76,5
673,48,3
673,60,3
673,133,3
673,45,4
674,76,5
674,23,5
674,133,3
674,60,5
674,113,5
675,18,3
675,9,3
675,118,3
675,91,3
675,83,3
676,53,3
676,33,4
676,20,4
676,125,3
676,66,3
677,9,4
677,3,4
677,118,4
677,91,4
677,23,4
678,76,5
678,103,5
678,113,5
678,60,4
678,26,5
679,9,3
679,127,3
679,118,3
679,76,4
679,23,5
680,87,4
680,68,3
680,134,3
680,5,3
680,13,3
681,133,4
681,45,4
681,69,4
681,2,4
681,131,4
682,76,5
682,60,5
682,131,5
682,33,5
682,68,5
683,9,4
683,103,4
683,26,5
683,88,3
683,55,4
684,118,5
684,76,5
684,60,5
684,113,5
684,103,5
685,18,4
685,118,4
685,45,5
685,69,4
685,2,5
686,9,4
686,127,3
686,118,4
686,91,5
686,83,5
687,118,4
687,48,4
687,133,5
687,45,3
687,116,4
688,18,3
688,9,3
688,3,3
688,118,3
688,91,5
689,83,5
689,23,4
689,76,5
689,113,5
689,45,3
690,127,4
690,9,4
690,76,5
690,23,5
690,133,5
691,45,3
691,53,3
691,2,3
691,33,3
691,125,4
692,127,3
692,118,5
692,91,3
692,23,3
692,103,5
693,127,4
693,60,4
693,53,3
693,33,4
693,110,3
694,91,5
694,76,4
694,133,4
694,113,4
694,26,4
695,9,3
695,118,3
695,23,5
695,88,3
695,116,3
696,113,4
696,48,3
696,45,3
696,28,4
696,33,4
697,18,3
697,3,3
697,9,3
697,91,3
697,83,4
698,53,5
698,70,3
698,2,3
698,33,4
698,68,5
699,23,4
699,60,5
699,87,3
699,125,5
699,79,5
700,18,5
700,118,5
700,113,5
700,60,3
700,26,5
701,118,3
701,131,3
701,28,4
701,79,3
701,125,3
702,9,3
702,127,3
702,91,3
702,23,3
702,11,3
703,48,3
703,60,4
703,53,3
703,55,3
703,116,3
704,60,3
704,125,3
704,13,3
704,5,4
704,39,3
705,76,5
705,45,3
705,53,4
705,57,4
705,20,3
706,9,4
706,127,5
706,91,5
706,23,4
706,76,5
707,118,3
707,23,4
707,45,3
707,53,3
707,116,3
708,18,4
708,127,5
708,118,3
708,23,5
708,55,3
709,9,4
709,91,5
709,83,4
709,76,5
709,48,3
710,18,3
710,9,3
710,118,4
710,133,4
710,23,3
711,76,5
711,48,3
711,60,5
711,113,5
711,26,3
712,3,3
712,60,3
712,26,4
712,11,3
712,70,4
713,9,3
713,127,3
713,118,3
713,133,4
713,55,3
714,76,5
714,23,5
714,133,3
714,113,5
714,53,5
715,9,5
715,91,5
715,83,5
715,23,4
715,76,5
716,23,4
716,76,5
716,113,4
716,116,5
716,53,5
717,53,5
717,20,4
717,66,3
717,134,3
717,49,3
718,127,5
718,118,4
718,3,5
718,133,5
718,103,5
719,9,5
719,127,5
719,133,5
719,103,5
719,45,5
720,9,5
720,127,3
720,118,5
720,113,5
720,48,5
721,3,3
721,118,4
721,113,5
721,48,5
721,133,4
722,9,5
722,3,4
722,127,4
722,91,5
722,118,5
723,9,4
723,3,5
723,127,5
723,118,4
723,76,5
724,133,4
724,45,4
724,60,4
724,88,4
724,69,5
725,9,5
725,91,5
725,113,5
725,83,5
725,60,3
726,18,3
726,118,4
726,3,3
726,91,5
726,23,4
727,76,4
727,113,4
727,45,4
727,103,4
727,53,5
728,48,4
728,45,4
728,53,5
728,33,4
728,69,4
729,9,5
729,23,5
729,133,3
729,103,5
729,26,4
730,118,5
730,76,5
730,48,5
730,103,5
730,113,5
731,118,5
731,60,3
731,53,5
731,55,3
731,88,5
732,18,5
732,91,5
732,83,5
732,23,5
732,76,5
733,118,5
733,45,3
733,103,5
733,53,3
733,88,3
734,9,4
734,127,4
734,91,4
734,83,4
734,48,4
735,118,3
735,23,5
735,60,3
735,11,5
735,53,5
736,118,5
736,133,5
736,45,3
736,2,3
736,131,5
737,113,5
737,53,5
737,116,3
737,55,3
737,20,5
738,9,5
738,76,5
738,113,5
738,48,4
738,45,5
739,76,5
739,133,3
739,20,4
739,110,3
739,125,4
740,18,4
740,127,4
740,9,4
740,118,4
740,3,4
741,3,3
741,48,4
741,45,3
741,53,3
741,88,5
742,118,5
742,91,5
742,76,5
742,83,5
742,60,5
743,53,5
743,20,3
743,66,5
743,67,3
743,49,3
744,9,3
744,23,3
744,11,3
744,60,3
744,133,4
745,18,3
745,127,3
745,118,3
745,113,3
745,60,4
746,3,4
746,127,5
746,118,5
746,91,5
746,83,5
747,18,5
747,118,5
747,9,5
747,3,5
747,76,5
748,118,4
748,133,4
748,33,4
748,20,3
748,125,4
749,60,4
749,33,4
749,20,4
749,110,4
749,125,4
750,127,3
750,3,3
750,45,3
750,110,3
750,67,3
751,118,4
751,110,5
751,66,3
751,67,4
751,13,4
752,133,4
752,27,5
752,79,4
752,125,4
752,67,4
753,127,5
753,91,3
753,76,5
753,23,5
753,48,5
754,53,5
754,88,5
754,20,4
754,49,3
754,13,4
755,127,3
755,76,4
755,113,4
755,53,5
755,2,3
756,76,5
756,53,5
756,88,5
756,27,4
756,57,5
757,127,4
757,76,5
757,53,5
757,88,5
757,55,3
758,45,5
758,53,5
758,55,4
758,79,4
758,66,3
759,127,5
759,118,5
759,76,5
759,113,5
759,26,5
760,118,3
760,79,4
760,110,3
760,109,4
760,41,4
761,116,5
761,67,4
761,41,5
761,120,5
761,39,4
762,60,5
762,53,4
762,88,5
762,33,3
762,20,4
763,118,4
763,48,4
763,60,3
763,133,5
763,45,5
764,76,4
764,113,3
764,45,3
764,60,4
764,88,3
765,103,5
765,53,3
765,125,3
765,66,3
765,67,3
766,9,5
766,3,3
766,23,5
766,91,5
766,83,5
767,127,4
767,3,3
767,118,4
767,113,4
767,133,4
768,91,3
768,76,5
768,113,3
768,26,5
768,53,3
769,9,4
769,76,4
769,48,4
769,133,4
769,103,4
770,76,5
770,103,5
770,53,5
770,26,5
770,88,5
771,91,3
771,48,3
771,133,4
771,103,3
771,45,3
772,118,3
772,66,3
772,41,3
772,126,3
772,19,3
773,91,5
773,45,5
773,103,5
773,53,5
773,27,4
774,127,3
774,3,5
774,53,5
774,88,5
774,70,3
775,76,5
775,48,4
775,60,4
775,133,4
775,45,4
776,9,4
776,91,4
776,23,4
776,76,5
776,83,4
777,118,4
777,91,4
777,23,5
777,83,5
777,113,3
778,113,5
778,48,3
778,45,3
778,88,5
778,27,5
779,18,5
779,9,5
779,127,5
779,118,5
779,3,5
780,127,5
780,118,5
780,3,5
780,133,5
780,48,3
781,127,3
781,9,3
781,18,3
781,3,3
781,113,3
782,48,3
782,27,4
782,110,4
782,125,4
782,66,3
783,13,3
783,108,3
783,109,3
783,97,3
783,104,3
784,9,4
784,127,4
784,91,4
784,23,3
784,83,4
785,18,4
785,118,3
785,3,4
785,133,4
785,11,4
786,9,5
786,91,5
786,118,4
786,83,5
786,76,5
787,9,5
787,127,3
787,118,4
787,91,3
787,76,5
788,23,3
788,27,4
788,33,3
788,79,4
788,110,4
789,118,5
789,3,5
789,23,5
789,83,5
789,133,5
790,18,5
790,3,4
790,91,5
790,118,5
790,83,5
791,127,4
791,48,4
791,103,4
791,113,4
791,60,4
792,60,3
792,133,4
792,45,4
792,116,5
792,53,5
793,9,5
793,83,3
793,76,5
793,48,5
793,133,5
794,9,4
794,127,4
794,83,3
794,23,3
794,48,5
795,127,3
795,133,3
795,45,3
795,70,4
795,28,5
796,133,3
796,103,5
796,45,4
796,53,5
796,33,5
797,9,3
797,118,3
797,113,3
797,48,3
797,60,3
798,48,4
798,116,4
798,131,4
798,57,3
798,20,4
799,18,5
799,9,3
799,127,3
799,118,5
799,3,5
800,9,3
800,3,5
800,118,5
800,127,5
800,91,5
801,9,5
801,127,5
801,91,5
801,83,5
801,23,5
802,9,4
802,3,3
802,127,3
802,118,3
802,91,4
803,3,5
803,9,5
803,127,5
803,118,5
803,91,5
804,9,3
804,3,4
804,127,3
804,118,3
804,91,4
805,9,3
805,118,4
805,91,4
805,23,4
805,76,4
806,83,3
806,76,3
806,48,3
806,60,3
806,45,3
807,9,4
807,127,4
807,118,4
807,76,5
807,83,4
808,9,4
808,127,3
808,118,5
808,91,5
808,83,5
809,9,5
809,3,3
809,127,5
809,118,5
809,91,5
810,9,5
810,48,5
810,113,5
810,133,4
810,53,5
811,3,3
811,91,4
811,23,4
811,83,5
811,76,4
812,53,3
812,70,5
812,20,3
812,66,3
812,67,4
813,9,3
813,118,3
813,3,3
813,76,3
813,91,3
814,18,3
814,9,5
814,3,5
814,91,5
814,127,5
815,9,5
815,127,5
815,118,5
815,3,5
815,23,5
816,118,4
816,53,5
816,88,5
816,57,4
816,95,5
817,48,4
817,113,5
817,103,5
817,133,5
817,45,5
