1,55,3
1,32,3
1,28,3
1,63,3
1,25,3
2,3,4
2,53,5
2,48,5
2,91,4
2,83,5
3,53,4
3,83,5
3,110,4
3,10,4
3,119,3
4,3,5
4,91,5
4,134,5
4,55,5
4,28,4
5,83,3
5,55,5
5,116,3
5,49,3
5,69,5
6,13,4
6,10,3
6,7,3
6,99,3
6,75,3
7,3,5
7,55,5
7,116,5
7,63,3
7,31,4
8,3,3
8,48,3
8,88,4
8,110,4
8,11,3
9,66,5
9,134,5
9,49,3
9,116,5
9,119,5
10,86,3
10,87,5
10,22,5
10,132,3
10,3,5
11,118,3
11,53,5
11,48,5
11,91,4
11,83,3
12,3,5
12,83,5
12,11,5
12,10,5
12,7,5
13,3,5
13,67,5
13,55,3
13,116,5
13,10,5
14,118,3
14,91,3
14,53,4
14,83,3
14,88,3
15,3,5
15,88,4
15,39,5
15,37,5
15,123,5
16,91,3
16,88,5
16,110,5
16,134,5
16,116,5
17,83,4
17,134,4
17,116,4
17,38,4
17,74,5
18,66,5
18,134,5
18,115,5
18,118,5
18,3,5
19,91,4
19,48,4
19,67,3
19,134,3
19,116,4
20,13,3
20,38,5
20,90,5
20,128,5
20,114,5
21,53,3
21,134,5
21,13,5
21,49,4
21,39,4
22,48,3
22,49,3
22,38,4
22,85,3
22,130,4
23,66,5
23,67,5
23,134,5
23,69,5
23,72,5
24,83,3
24,7,4
24,104,4
24,85,3
24,111,4
25,3,5
25,88,5
25,110,5
25,134,5
25,38,5
26,88,4
26,66,4
26,83,4
26,13,4
26,134,4
27,118,3
27,48,5
27,116,5
27,134,5
27,13,5
28,3,4
28,55,4
28,63,4
28,2,5
28,56,5
29,49,5
29,85,5
29,70,3
29,27,4
29,17,5
30,118,3
30,53,3
30,3,4
30,66,4
30,67,4
31,53,3
31,3,5
31,67,3
31,88,5
31,110,3
32,69,5
32,39,5
32,37,5
32,129,5
32,90,5
33,13,4
33,116,5
33,28,4
33,31,4
33,96,3
34,3,4
34,88,4
34,11,3
34,10,4
34,39,4
35,116,4
35,39,4
35,7,3
35,38,5
35,129,4
36,13,4
36,63,3
36,94,3
36,127,3
36,24,4
37,39,5
37,37,3
37,119,5
37,129,5
37,90,5
38,48,3
38,55,3
38,11,3
38,104,3
38,22,3
39,24,5
39,118,5
39,67,5
39,66,5
39,110,5
40,91,4
40,67,3
40,32,3
40,39,4
40,37,4
41,48,5
41,13,5
41,134,5
41,10,5
41,37,5
42,48,5
42,13,3
42,10,3
42,99,5
42,9,5
43,48,3
43,88,3
43,10,4
43,69,4
43,25,3
44,118,3
44,3,3
44,53,3
44,83,4
44,48,4
45,3,5
45,88,5
45,83,3
45,13,5
45,134,5
46,91,4
46,13,4
46,28,5
46,104,4
46,85,3
47,55,3
47,11,3
47,28,3
47,119,5
47,90,3
48,48,5
48,116,4
48,28,3
48,49,4
48,69,5
49,11,4
49,116,3
49,69,3
49,123,3
49,104,3
50,118,3
50,28,5
50,39,4
50,37,5
50,63,3
51,48,3
51,83,4
51,116,4
51,50,4
51,12,4
52,91,4
52,110,4
52,134,3
52,39,3
52,37,3
53,50,3
53,12,5
53,42,4
53,61,4
53,123,4
54,134,3
54,61,3
54,118,3
54,3,4
54,53,4
55,48,5
55,91,3
55,134,4
55,116,5
55,11,5
56,91,4
56,55,5
56,28,4
56,39,4
56,74,4
57,118,3
57,48,3
57,88,3
57,66,3
57,116,3
58,91,3
58,11,3
58,10,3
58,28,3
58,39,5
59,83,5
59,28,5
59,69,5
59,104,5
59,99,5
60,119,4
60,95,5
60,7,5
60,38,5
60,99,5
61,91,3
61,121,4
61,107,3
61,130,3
61,86,4
62,118,4
62,88,4
62,48,5
62,110,4
62,134,4
63,53,5
63,110,5
63,134,5
63,55,5
63,116,5
64,3,5
64,88,5
64,48,4
64,91,3
64,110,5
65,3,3
65,48,3
65,83,3
65,134,3
65,49,3
66,116,4
66,28,4
66,84,5
66,100,3
66,111,4
67,66,5
67,28,4
67,100,4
67,130,4
67,121,4
68,13,4
68,134,3
68,119,4
68,38,4
68,84,4
69,118,4
69,3,4
69,48,4
69,49,4
69,10,4
70,28,3
70,10,4
70,37,4
70,7,4
70,25,5
71,48,4
71,55,4
71,39,4
71,69,4
71,95,4
72,91,3
72,110,3
72,119,5
72,94,5
72,96,5
73,3,3
73,94,5
73,133,3
73,131,5
73,2,3
74,118,5
74,53,5
74,3,5
74,91,3
74,55,5
75,3,4
75,55,4
75,28,3
75,39,4
75,63,4
76,66,4
76,38,3
76,72,4
76,90,5
76,77,4
77,49,3
77,129,4
77,34,4
77,87,4
77,96,4
78,3,5
78,13,5
78,49,5
78,116,5
78,10,5
79,118,5
79,3,5
79,88,3
79,66,5
79,39,4
80,3,5
80,66,5
80,48,5
80,67,5
80,13,5
81,3,3
81,91,3
81,48,3
81,83,3
81,67,3
82,66,4
82,83,5
82,134,5
82,32,3
82,38,3
83,13,5
83,134,4
83,11,4
83,10,5
83,39,5
84,88,4
84,48,5
84,83,5
84,32,3
84,72,4
85,110,4
85,134,4
85,69,3
85,10,3
85,121,3
86,39,3
86,104,4
86,38,3
86,74,3
86,107,3
87,118,4
87,67,5
87,48,5
87,55,3
87,32,3
88,118,3
88,48,4
88,88,3
88,66,4
88,11,4
89,11,4
89,10,4
89,37,4
89,123,3
89,95,4
90,3,3
90,11,4
90,28,5
90,119,3
90,72,4
91,66,4
91,83,4
91,134,4
91,104,5
91,63,4
92,91,4
92,67,4
92,55,3
92,28,4
92,63,3
93,6,5
93,82,4
93,1,4
93,73,5
93,11,4
94,118,4
94,91,4
94,88,4
94,110,4
94,67,4
95,55,3
95,63,3
95,25,4
95,107,3
95,130,3
96,3,3
96,48,4
96,66,3
96,32,3
96,39,3
97,3,4
97,91,5
97,88,5
97,67,5
97,69,4
98,69,5
98,7,3
98,90,3
98,130,3
98,34,3
99,49,3
99,7,3
99,38,4
99,90,3
99,78,3
100,119,4
100,130,3
100,87,4
100,98,4
100,4,4
101,10,4
101,69,4
101,90,5
101,121,3
101,34,3
102,83,5
102,28,3
102,119,3
102,90,5
102,9,5
103,83,5
103,7,4
103,81,3
103,22,5
103,82,5
104,118,3
104,66,3
104,123,3
104,129,3
104,128,4
105,69,4
105,72,5
105,121,3
105,130,3
105,113,3
106,53,5
106,3,5
106,48,5
106,66,4
106,110,5
107,91,3
107,83,4
107,32,4
107,90,4
107,111,4
108,118,5
108,53,5
108,83,3
108,88,5
108,123,5
109,118,5
109,48,5
109,13,5
109,39,3
109,37,3
110,118,5
110,3,5
110,66,5
110,13,5
110,134,5
111,11,3
111,130,3
111,132,3
111,55,3
111,116,3
112,134,4
112,104,4
112,63,3
112,74,3
112,81,3
113,10,3
113,38,5
113,72,4
113,111,4
113,14,3
114,118,4
114,91,3
114,83,5
114,134,4
114,11,4
115,3,5
115,66,5
115,99,4
115,84,5
115,100,4
116,134,5
116,39,4
116,7,5
116,25,5
116,102,5
117,129,4
117,85,4
117,72,4
117,9,4
117,59,4
118,134,4
118,10,3
118,39,5
118,63,4
118,130,5
119,48,3
119,99,4
119,9,5
119,125,5
119,5,3
120,3,3
120,88,3
120,48,3
120,91,3
120,55,3
121,83,4
121,55,4
121,116,4
121,28,4
121,38,4
122,13,4
122,134,4
122,32,5
122,7,5
122,78,4
123,3,5
123,48,5
123,88,5
123,134,5
123,37,3
124,3,5
124,48,5
124,91,5
124,66,5
124,110,5
125,91,3
125,10,4
125,32,4
125,104,5
125,121,3
126,3,5
126,48,5
126,88,5
126,66,5
126,83,5
127,11,4
127,10,3
127,108,3
127,16,3
127,5,3
128,48,5
128,41,4
128,91,4
128,88,4
128,67,4
129,88,5
129,11,4
129,116,5
129,49,4
129,69,5
130,116,4
130,123,3
130,10,3
130,95,3
130,7,4
131,38,5
131,86,3
131,6,3
131,23,4
131,73,3
132,32,4
132,7,4
132,119,4
132,38,4
132,111,4
133,13,4
133,134,4
133,38,3
133,6,5
133,106,5
134,88,3
134,91,3
134,83,5
134,13,4
134,55,5
135,3,3
135,91,3
135,66,3
135,134,3
135,123,3
136,3,5
136,66,4
136,83,4
136,134,4
136,55,3
137,41,4
137,46,3
137,55,3
137,11,4
137,116,3
138,53,3
138,3,3
138,88,3
138,91,3
138,110,3
139,3,4
139,10,4
139,86,3
139,133,4
139,26,4
140,118,5
140,3,4
140,91,3
140,48,4
140,66,5
141,88,5
141,67,3
141,39,5
141,95,5
141,84,5
142,66,3
142,88,3
142,67,3
142,48,3
142,55,3
143,38,4
143,86,3
143,6,5
143,23,4
143,46,5
144,66,5
144,83,5
144,28,4
144,25,5
144,111,5
145,13,4
145,32,3
145,9,3
145,133,3
145,24,4
146,32,4
146,99,3
146,64,3
146,78,3
146,34,3
147,48,5
147,83,5
147,55,5
147,116,5
147,28,3
148,3,3
148,48,5
148,83,5
148,10,3
148,32,3
149,91,3
149,110,4
149,83,3
149,95,4
149,38,4
150,3,4
150,83,4
150,49,3
150,10,4
150,87,4
151,3,4
151,37,4
151,90,4
151,14,4
151,26,4
152,88,4
152,129,3
152,25,3
152,107,3
152,130,3
153,3,5
153,91,3
153,83,5
153,119,5
153,99,5
154,134,3
154,104,3
154,38,5
154,90,3
154,72,5
155,18,5
155,15,3
155,66,5
155,67,5
155,48,5
156,83,4
156,13,4
156,134,4
156,123,5
156,37,4
157,123,3
157,111,3
157,102,4
157,86,4
157,57,3
158,3,5
158,116,3
158,28,4
158,25,3
158,90,4
159,53,4
159,91,4
159,110,4
159,48,4
159,13,3
160,3,5
160,48,5
160,67,5
160,134,5
160,49,5
161,91,4
161,88,4
161,67,3
161,110,5
161,13,3
162,88,3
162,66,3
162,134,4
162,28,3
162,95,4
163,3,4
163,88,4
163,11,4
163,72,3
163,121,3
164,118,3
164,88,4
164,3,3
164,67,4
164,66,4
165,34,3
165,130,3
165,14,3
165,26,3
165,69,3
166,53,3
166,67,3
166,88,4
166,66,4
166,3,4
167,41,5
167,125,5
167,118,5
167,66,4
167,13,5
168,91,3
168,83,5
168,119,5
168,38,4
168,99,4
169,118,3
169,88,3
169,66,4
169,10,3
169,32,3
170,83,5
170,49,5
170,39,5
170,37,5
170,123,5
171,118,5
171,53,5
171,3,5
171,67,5
171,66,5
172,88,3
172,13,4
172,130,4
172,93,4
172,3,4
173,10,5
173,123,5
173,119,5
173,104,4
173,38,5
174,91,4
174,48,5
174,83,5
174,32,3
174,123,5
175,48,5
175,88,5
175,66,5
175,13,5
175,83,5
176,134,5
176,37,4
176,130,5
176,14,5
176,5,4
177,38,3
177,50,3
177,9,5
177,133,5
177,131,4
178,88,3
178,83,5
178,99,5
178,85,5
178,74,3
179,88,3
179,110,3
179,134,3
179,116,3
179,69,3
180,49,3
180,123,5
180,25,5
180,109,5
180,52,3
181,53,3
181,110,3
181,13,3
181,49,3
181,134,4
182,117,5
182,3,5
182,123,5
182,95,5
182,119,5
183,91,3
183,66,5
183,28,5
183,119,5
183,72,5
184,91,4
184,83,5
184,55,5
184,11,5
184,10,5
185,99,3
185,84,5
185,100,5
185,130,3
185,94,3
186,91,4
186,48,3
186,110,3
186,83,4
186,32,3
187,3,3
187,134,3
187,28,5
187,10,3
187,32,3
188,129,3
188,63,3
188,78,3
188,107,3
188,77,3
189,134,4
189,49,3
189,39,4
189,111,4
189,50,3
190,53,4
190,66,5
190,110,4
190,67,4
190,11,4
191,118,3
191,67,4
191,49,4
191,116,3
191,37,3
192,10,5
192,95,4
192,119,5
192,7,5
192,99,4
193,32,3
193,37,3
193,90,4
193,130,3
193,14,3
194,88,3
194,110,5
194,55,4
194,10,3
194,32,5
195,118,4
195,48,4
195,67,4
195,66,4
195,49,3
196,69,3
196,123,3
196,119,5
196,104,3
196,63,3
197,53,4
197,3,4
197,48,4
197,110,4
197,66,4
198,53,4
198,13,4
198,32,5
198,7,4
198,111,3
199,49,3
199,116,4
199,104,4
199,99,3
199,129,3
200,48,5
200,91,3
200,83,5
200,37,4
200,104,5
201,72,4
201,2,3
201,126,4
201,96,3
201,103,3
202,91,5
202,83,5
202,116,5
202,85,5
202,100,5
203,48,5
203,13,5
203,32,3
203,28,5
203,10,3
204,53,5
204,3,3
204,91,3
204,134,5
204,37,5
205,116,3
205,104,5
205,63,3
205,99,3
205,50,3
206,134,3
206,11,3
206,10,3
206,38,3
206,7,3
207,53,5
207,91,5
207,48,5
207,66,4
207,88,3
208,53,5
208,3,4
208,91,5
208,13,4
208,55,5
209,104,5
209,59,4
209,114,3
209,17,4
209,46,3
210,118,3
210,3,3
210,88,3
210,134,4
210,10,5
211,53,4
211,88,4
211,67,3
211,55,3
211,11,3
212,53,5
212,67,5
212,83,3
212,95,5
212,84,4
213,38,5
213,9,5
213,68,3
213,61,5
213,91,5
214,38,5
214,68,4
214,61,3
214,53,4
214,48,5
215,11,3
215,49,3
215,28,5
215,10,3
215,37,5
216,123,3
216,85,3
216,100,3
216,31,4
216,14,3
217,53,5
217,3,4
217,83,5
217,11,3
217,10,4
218,119,5
218,84,5
218,130,3
218,50,3
218,101,3
219,91,5
219,48,5
219,83,4
219,69,4
219,129,5
220,116,5
220,119,5
220,45,5
220,24,5
220,26,5
221,55,3
221,121,5
221,59,5
221,31,3
221,15,3
222,55,5
222,28,5
222,7,4
222,90,5
222,111,4
223,88,5
223,11,5
223,69,5
223,74,5
223,100,5
224,11,3
224,123,3
224,63,3
224,107,3
224,78,3
225,49,3
225,78,3
225,14,3
225,131,3
225,87,3
226,3,3
226,91,3
226,37,5
226,14,4
226,45,3
227,116,5
227,119,3
227,38,5
227,100,5
227,133,3
228,38,3
228,81,3
228,68,5
228,61,3
228,48,5
229,118,4
229,88,4
229,91,4
229,110,4
229,134,5
230,3,4
230,55,4
230,49,3
230,28,5
230,69,3
231,48,3
231,91,3
231,49,5
231,32,3
231,28,5
232,48,5
232,11,5
232,116,3
232,49,3
232,7,5
233,53,4
233,88,3
233,66,4
233,110,5
233,11,3
234,134,5
234,55,4
234,116,5
234,69,4
234,7,4
235,55,5
235,69,5
235,49,5
235,10,5
235,119,4
236,3,3
236,83,3
236,134,3
236,69,3
236,119,4
237,13,5
237,10,4
237,28,5
237,7,5
237,34,5
238,91,4
238,110,4
238,49,4
238,37,4
238,99,3
239,91,3
239,83,3
239,116,3
239,39,4
239,38,3
240,91,4
240,48,4
240,88,4
240,67,4
240,110,4
241,83,4
241,110,4
241,55,3
241,49,5
241,116,4
242,13,5
242,69,5
242,37,5
242,38,4
242,99,5
243,118,3
243,53,5
243,83,3
243,110,5
243,11,5
244,3,3
244,91,3
244,55,4
244,13,5
244,32,3
245,83,3
245,88,3
245,11,5
245,116,3
245,49,3
246,49,5
246,119,5
246,104,5
246,14,3
246,9,4
247,84,5
247,121,5
247,130,3
247,59,4
247,109,3
248,32,4
248,107,5
248,130,3
248,127,5
248,108,5
249,110,3
249,134,3
249,55,5
249,49,3
249,28,3
250,10,3
250,104,3
250,38,3
250,111,4
250,64,4
251,53,5
251,67,5
251,110,5
251,55,3
251,49,5
252,69,5
252,111,4
252,81,5
252,131,5
252,109,5
253,55,5
253,116,3
253,49,4
253,28,5
253,10,4
254,49,3
254,37,4
254,7,3
254,72,4
254,34,5
255,83,3
255,134,4
255,55,5
255,39,5
255,38,5
256,3,4
256,67,5
256,110,5
256,111,5
256,127,5
257,66,4
257,134,4
257,55,3
257,119,4
257,38,4
258,116,3
258,119,3
258,38,3
258,72,4
258,36,3
259,48,5
259,91,3
259,134,3
259,28,4
259,69,3
260,3,5
260,110,5
260,91,4
260,134,5
260,25,5
261,88,3
261,11,3
261,10,5
261,38,5
261,63,3
262,3,3
262,11,3
262,116,4
262,10,3
262,39,3
263,66,3
263,104,5
263,85,3
263,100,5
263,78,5
264,91,3
264,48,5
264,88,3
264,67,3
264,83,3
265,3,5
265,110,5
265,116,5
265,32,5
265,63,5
266,11,5
266,131,3
266,82,4
266,3,4
266,88,3
267,118,5
267,3,5
267,123,5
267,95,5
267,72,5
268,83,5
268,116,5
268,49,5
268,99,5
268,74,5
269,55,5
269,49,4
269,69,3
269,104,5
269,63,4
270,3,4
270,116,5
270,28,4
270,123,3
270,37,3
271,91,3
271,48,5
271,83,5
271,11,5
271,39,5
272,83,5
272,69,3
272,99,5
272,130,3
272,113,5
273,66,3
273,94,5
273,96,5
273,73,5
273,89,5
274,3,4
274,48,5
274,83,4
274,38,4
274,72,4
275,3,4
275,67,4
275,39,3
275,60,5
275,103,3
276,66,4
276,49,5
276,63,5
276,133,5
276,113,4
277,110,5
277,83,5
277,55,5
277,69,5
277,39,5
278,53,5
278,48,5
278,13,5
278,10,5
278,37,5
279,3,3
279,67,5
279,130,3
279,121,4
279,113,5
280,66,5
280,115,5
280,61,3
280,118,5
280,3,5
281,91,5
281,55,3
281,116,3
281,28,5
281,32,3
282,55,4
282,49,3
282,69,3
282,129,4
282,78,3
283,110,5
283,83,5
283,55,5
283,11,3
283,63,5
284,118,3
284,110,5
284,49,4
284,39,4
284,107,3
285,3,4
285,55,5
285,10,3
285,25,4
285,29,5
286,48,5
286,110,5
286,107,3
286,14,5
286,24,5
287,116,3
287,28,4
287,10,4
287,38,3
287,129,4
288,53,4
288,66,5
288,110,5
288,39,5
288,28,5
289,53,5
289,134,5
289,49,3
289,32,5
289,107,3
290,3,3
290,91,3
290,49,3
290,10,3
290,39,3
291,118,3
291,48,4
291,91,3
291,134,3
291,32,3
292,53,5
292,3,3
292,67,5
292,48,5
292,110,5
293,118,5
293,48,5
293,49,3
293,55,4
293,32,3
294,53,3
294,91,4
294,67,3
294,134,4
294,14,3
295,3,3
295,88,3
295,39,4
295,38,3
295,99,3
296,69,3
296,90,3
296,121,3
296,14,4
296,86,3
297,48,5
297,91,3
297,83,5
297,7,5
297,104,5
298,49,4
298,11,4
298,10,4
298,37,4
298,39,4
299,118,5
299,39,5
299,123,5
299,95,5
299,102,5
300,96,3
300,101,5
300,76,5
300,120,3
300,19,5
301,48,5
301,110,5
301,104,5
301,90,5
301,24,4
302,3,3
302,91,3
302,13,3
302,134,3
302,49,3
303,3,4
303,110,5
303,55,4
303,116,5
303,28,5
304,118,5
304,110,5
304,91,3
304,55,5
304,11,5
305,66,5
305,88,4
305,13,4
305,134,3
305,11,4
306,88,5
306,83,5
306,49,3
306,39,5
306,63,4
307,3,4
307,110,4
307,13,5
307,55,4
307,39,4
308,11,3
308,10,3
308,14,3
308,9,3
308,71,3
309,116,3
309,78,4
309,50,3
309,87,5
309,42,5
310,3,5
310,91,4
310,67,4
310,83,3
310,13,5
311,67,3
311,110,4
311,55,3
311,69,3
311,39,3
312,69,4
312,99,3
312,63,4
312,25,4
312,131,4
313,10,3
313,130,3
313,14,3
313,9,4
313,133,3
314,10,4
314,72,3
314,14,3
314,9,4
314,45,4
315,3,5
315,48,5
315,11,3
315,10,3
315,72,5
316,3,4
316,134,4
316,63,4
316,129,5
316,90,5
317,123,4
317,72,4
317,74,3
317,41,5
317,42,5
318,91,5
318,28,4
318,123,4
318,119,3
318,90,5
319,38,3
319,34,3
319,14,3
319,23,5
319,117,3
320,55,4
320,11,4
320,69,4
320,119,5
320,72,3
321,53,5
321,67,5
321,48,5
321,37,3
321,38,3
322,88,5
322,67,4
322,110,5
322,13,5
322,134,5
323,74,5
323,9,3
323,54,5
323,92,5
323,35,5
324,67,3
324,66,4
324,11,4
324,32,3
324,123,4
325,91,3
325,48,5
325,88,4
325,49,3
325,10,3
326,88,4
326,39,4
326,130,3
326,23,5
326,82,4
327,110,5
327,32,5
327,37,3
327,72,3
327,9,3
328,3,5
328,48,3
328,83,5
328,116,3
328,11,3
329,69,5
329,123,5
329,119,5
329,104,5
329,7,4
330,91,3
330,88,4
330,83,4
330,10,3
330,39,4
331,55,5
331,69,5
331,119,5
331,63,5
331,25,4
332,83,5
332,111,3
332,102,5
332,126,5
332,16,5
333,118,3
333,91,3
333,55,5
333,28,3
333,10,4
334,66,4
334,116,4
334,104,3
334,63,3
334,72,4
335,88,4
335,67,5
335,55,5
335,11,3
335,69,3
336,67,4
336,110,4
336,10,4
336,69,4
336,119,4
337,67,4
337,49,4
337,119,5
337,63,4
337,129,4
338,88,4
338,91,3
338,67,5
338,66,3
338,110,3
339,118,4
339,3,3
339,110,4
339,49,5
339,39,4
340,91,4
340,32,4
340,39,4
340,95,5
340,119,4
341,48,5
341,66,4
341,28,4
341,104,5
341,85,5
342,48,3
342,123,5
342,129,3
342,107,3
342,45,4
343,28,3
343,129,3
343,78,4
343,87,4
343,22,3
344,88,5
344,67,5
344,134,3
344,49,3
344,39,5
345,91,4
345,32,5
345,95,5
345,119,4
345,64,4
346,66,4
346,67,3
346,13,4
346,134,3
346,10,4
347,110,5
347,134,5
347,10,5
347,39,5
347,130,5
348,3,5
348,48,5
348,13,3
348,134,4
348,55,3
349,91,3
349,83,3
349,55,3
349,28,3
349,123,3
350,53,3
350,48,5
350,88,4
350,49,3
350,116,3
351,116,5
351,49,5
351,32,5
351,39,5
351,119,5
352,3,5
352,91,5
352,67,5
352,134,5
352,55,5
353,91,3
353,88,5
353,13,5
353,11,5
353,32,5
354,53,4
354,110,4
354,49,4
354,39,5
354,7,4
355,53,4
355,83,4
355,32,4
355,63,4
355,72,4
356,134,3
356,69,3
356,10,4
356,39,4
356,38,4
357,53,5
357,48,5
357,67,3
357,13,5
357,37,4
358,48,5
358,14,3
358,33,4
358,41,4
358,125,4
359,53,5
359,48,5
359,110,5
359,83,5
359,49,3
360,88,4
360,50,4
360,14,3
360,52,4
360,71,4
361,88,5
361,110,5
361,55,5
361,10,3
361,32,5
362,48,5
362,91,3
362,66,5
362,83,5
362,55,3
363,99,3
363,64,3
363,78,3
363,31,3
363,75,3
364,3,5
364,110,5
364,10,4
364,69,5
364,123,4
365,66,3
365,83,5
365,107,3
365,9,5
365,133,5
366,48,5
366,69,4
366,123,4
366,119,5
366,38,3
367,91,3
367,48,5
367,116,3
367,49,3
367,123,3
368,3,3
368,48,5
368,55,5
368,28,5
368,37,5
369,53,5
369,91,5
369,67,5
369,110,5
369,83,5
370,53,5
370,48,5
370,91,5
370,66,5
370,67,5
371,3,4
371,48,5
371,37,4
371,14,3
371,44,3
372,118,5
372,3,5
372,91,4
372,48,5
372,66,5
373,88,4
373,66,3
373,39,4
373,64,4
373,86,4
374,3,4
374,88,3
374,67,3
374,49,3
374,63,4
375,3,5
375,66,5
375,134,4
375,49,4
375,78,3
376,118,4
376,66,4
376,116,4
376,32,4
376,37,4
377,118,4
377,88,5
377,110,5
377,66,5
377,67,4
378,91,3
378,83,5
378,88,5
378,28,3
378,49,4
379,3,4
379,49,3
379,28,3
379,10,3
379,69,4
380,3,5
380,88,3
380,83,4
380,49,4
380,123,4
381,118,4
381,91,3
381,48,5
381,66,5
381,110,3
382,91,3
382,53,3
382,110,4
382,67,3
382,13,3
383,91,5
383,88,4
383,110,5
383,83,5
383,49,4
384,48,5
384,69,3
384,90,5
384,121,3
384,26,3
385,48,3
385,49,3
385,123,3
385,95,4
385,25,3
386,53,4
386,88,4
386,48,5
386,110,3
386,83,3
387,49,4
387,123,5
387,63,4
387,125,3
387,23,4
388,48,5
388,110,5
388,37,5
388,129,3
388,74,3
389,53,4
389,3,4
389,88,5
389,83,3
389,55,3
390,28,3
390,129,3
390,85,4
390,74,3
390,100,3
391,66,4
391,11,3
391,116,3
391,69,4
391,123,4
392,67,3
392,49,3
392,10,4
392,38,4
392,133,3
393,48,5
393,91,3
393,110,5
393,32,5
393,28,5
394,28,5
394,38,3
394,90,5
394,75,5
394,26,4
395,118,3
395,53,4
395,88,3
395,48,5
395,134,3
396,53,4
396,48,5
396,110,4
396,13,3
396,28,3
397,118,4
397,134,4
397,11,4
397,38,4
397,127,5
398,88,4
398,55,5
398,11,4
398,72,5
398,90,5
399,118,4
399,53,3
399,3,5
399,110,5
399,32,5
400,83,4
400,110,4
400,32,3
400,37,3
400,95,5
401,3,5
401,83,3
401,55,4
401,28,4
401,10,4
402,48,3
402,11,3
402,7,5
402,38,3
402,33,5
403,3,3
403,67,4
403,66,4
403,10,5
403,38,4
404,66,4
404,121,3
404,75,3
404,15,3
404,101,3
405,53,5
405,3,4
405,91,5
405,67,5
405,66,4
406,88,3
406,116,3
406,11,3
406,39,3
406,72,3
407,91,4
407,55,3
407,11,3
407,49,5
407,28,4
408,3,4
408,14,3
408,43,3
408,18,4
408,20,4
409,3,5
409,48,4
409,123,5
409,49,3
409,67,5
410,3,4
410,91,5
410,11,5
410,55,3
410,116,5
411,118,5
411,3,5
411,69,5
411,121,5
411,78,5
412,53,3
412,88,3
412,10,4
412,129,3
412,99,3
413,110,3
413,49,3
413,10,3
413,39,3
413,90,3
414,69,5
414,104,5
414,31,5
414,9,5
414,45,5
415,48,3
415,116,4
415,28,3
415,67,3
415,37,3
416,91,3
416,134,3
416,123,3
416,49,3
416,45,3
417,129,3
417,72,4
417,94,5
417,127,3
417,70,5
418,102,4
418,25,3
418,133,4
418,131,4
418,43,3
419,55,3
419,116,4
419,66,4
419,85,4
419,38,4
420,118,3
420,48,3
420,88,5
420,55,3
420,10,4
421,55,5
421,116,4
421,39,5
421,129,3
421,38,4
422,55,3
422,66,4
422,100,3
422,29,3
422,94,4
423,53,3
423,48,3
423,66,3
423,67,3
423,13,3
424,94,3
424,52,4
424,13,3
424,107,3
424,115,4
425,88,5
425,28,5
425,123,5
425,134,5
425,49,4
426,110,4
426,95,5
426,67,4
426,104,5
426,129,5
427,118,4
427,116,4
427,66,4
427,49,3
427,10,3
428,48,5
428,53,5
428,123,5
428,134,5
428,67,5
429,118,3
429,66,3
429,10,3
429,13,3
429,99,4
430,91,5
430,116,5
430,134,5
430,38,5
430,37,5
431,78,4
431,124,4
431,53,3
431,116,4
431,110,5
432,67,5
432,37,5
432,31,3
432,128,4
432,6,5
433,129,3
433,37,4
433,25,4
433,72,4
433,78,4
434,28,4
434,10,4
434,64,3
434,126,4
434,68,3
435,48,3
435,28,3
435,67,3
435,10,3
435,74,4
436,3,5
436,83,5
436,91,5
436,118,5
436,11,4
437,53,3
437,55,3
437,88,5
437,116,4
437,69,5
438,83,3
438,55,3
438,67,3
438,99,3
438,74,3
439,123,5
439,99,3
439,38,5
439,72,3
439,59,5
440,68,4
440,65,3
440,118,5
440,55,5
440,116,5
441,91,5
441,28,4
441,69,5
441,88,5
441,110,5
442,3,3
442,91,5
442,83,5
442,118,5
442,11,3
443,116,3
443,123,3
443,129,3
443,39,3
443,86,3
444,114,3
444,83,4
444,48,3
444,53,5
444,116,5
445,118,3
445,91,4
445,83,3
445,116,3
445,123,3
446,48,5
446,53,5
446,74,3
446,111,5
446,125,5
447,55,3
447,123,5
447,102,4
447,128,4
447,109,3
448,88,3
448,55,3
448,116,3
448,95,3
448,66,4
449,118,5
449,55,3
449,119,5
449,39,5
449,6,5
450,91,5
450,48,5
450,83,5
450,88,5
450,11,3
451,91,3
451,48,4
451,88,5
451,28,5
451,123,4
452,83,4
452,48,4
452,116,4
452,123,4
452,129,4
453,118,5
453,91,5
453,83,5
453,95,3
453,116,5
454,91,5
454,83,5
454,64,5
454,127,5
454,26,5
455,55,3
455,134,4
455,119,3
455,84,4
455,38,4
456,84,4
456,121,3
456,125,4
456,35,4
456,122,4
457,53,3
457,88,4
457,49,4
457,13,3
457,32,4
458,3,4
458,118,5
458,11,4
458,55,3
458,95,4
459,116,4
459,110,4
459,66,3
459,13,4
459,129,4
460,124,3
460,110,3
460,66,3
460,67,3
460,134,3
461,3,5
461,118,5
461,91,5
461,83,5
461,116,5
462,48,4
462,116,4
462,95,3
462,88,4
462,53,4
463,48,3
463,116,3
463,28,3
463,69,3
463,104,3
464,118,3
464,53,4
464,88,4
464,10,4
464,104,3
465,116,4
465,123,4
465,66,5
465,13,3
465,129,4
466,116,3
466,50,3
466,12,5
466,54,3
466,82,5
467,25,4
467,72,3
467,34,3
467,130,4
467,41,3
468,3,3
468,66,3
468,67,4
468,10,3
468,49,3
469,118,3
469,53,4
469,116,3
469,55,3
469,66,4
470,118,3
470,67,3
470,129,3
470,85,3
470,59,3
471,91,4
471,83,4
471,11,3
471,95,3
471,116,3
472,55,4
472,66,5
472,134,5
472,129,4
472,38,5
473,53,4
473,116,4
473,49,4
473,13,3
473,104,4
474,10,5
474,104,5
474,99,4
474,37,4
474,29,4
475,118,5
475,91,5
475,83,5
475,95,3
475,116,5
476,118,4
476,119,3
476,129,4
476,38,4
476,37,4
477,3,5
477,11,5
477,116,5
477,123,5
477,66,5
478,3,5
478,118,5
478,83,5
478,11,5
478,95,5
479,55,5
479,102,5
479,121,3
479,131,5
479,15,3
480,116,4
480,119,4
480,129,4
480,85,3
480,39,4
481,116,4
481,10,4
481,66,4
481,74,4
481,39,4
482,119,5
482,49,4
482,129,3
482,38,5
482,37,4
483,91,4
483,118,5
483,48,4
483,116,4
483,88,5
484,134,4
484,74,4
484,85,4
484,25,4
484,59,4
485,28,3
485,34,3
485,107,4
485,135,4
485,87,3
486,88,5
486,66,3
486,10,5
486,32,5
486,90,5
487,48,5
487,2,5
487,43,5
487,118,5
487,91,5
488,53,3
488,78,5
488,63,3
488,31,3
488,115,3
489,118,3
489,119,5
489,37,3
489,111,3
489,59,3
490,3,4
490,118,4
490,48,4
490,11,4
490,69,4
491,100,4
491,94,5
491,6,5
491,14,5
491,133,3
492,39,4
492,133,4
492,16,4
492,54,3
492,120,4
493,91,3
493,69,3
493,123,3
493,66,3
493,134,3
494,66,5
494,14,3
494,54,5
494,10,5
494,13,4
495,3,3
495,116,5
495,95,3
495,69,3
495,110,3
496,118,4
496,134,4
496,39,5
496,18,3
496,133,4
497,66,4
497,119,4
497,39,3
497,90,3
497,111,4
498,88,5
498,66,3
498,39,5
498,90,3
498,128,3
499,91,5
499,83,5
499,119,5
499,10,5
499,74,5
500,39,3
500,102,3
500,90,5
500,25,3
500,63,5
501,91,4
501,83,5
501,110,5
501,66,4
501,49,5
502,118,5
502,91,5
502,83,5
502,48,5
502,88,5
503,118,5
503,88,5
503,25,4
503,31,3
503,78,5
504,91,3
504,48,3
504,116,5
504,13,3
504,119,5
505,48,5
505,116,5
505,66,5
505,69,5
505,95,5
506,66,4
506,49,4
506,119,3
506,74,4
506,100,3
507,88,5
507,13,3
507,39,3
507,32,5
507,38,4
508,83,3
508,69,4
508,66,3
508,134,4
508,84,3
509,88,5
509,104,4
509,39,4
509,107,3
509,115,5
510,118,4
510,48,3
510,11,5
510,116,3
510,55,3
511,118,4
511,48,3
511,11,5
511,116,4
511,119,5
512,48,4
512,53,4
512,49,4
512,13,3
512,72,3
513,48,5
513,28,5
513,88,5
513,53,3
513,110,5
514,118,3
514,3,4
514,11,3
514,66,3
514,67,3
515,110,4
515,123,4
515,134,4
515,10,4
515,119,4
516,129,3
516,50,4
516,12,4
516,113,3
516,82,4
517,119,3
517,39,3
517,121,3
517,127,3
517,122,3
518,116,3
518,28,5
518,110,3
518,104,3
518,102,4
519,91,4
519,83,4
519,69,3
519,10,4
519,99,4
520,12,4
520,113,4
520,82,4
520,62,3
520,91,4
521,3,3
521,116,4
521,55,3
521,69,3
521,119,4
522,49,3
522,104,3
522,129,5
522,84,4
522,100,3
523,116,4
523,94,3
523,18,3
523,54,3
523,3,4
524,110,3
524,67,3
524,49,4
524,39,3
524,32,4
525,11,5
525,55,5
525,66,3
525,134,5
525,129,4
526,110,3
526,99,3
526,7,4
526,100,3
526,31,3
527,3,5
527,55,5
527,119,5
527,25,4
527,130,5
528,110,3
528,38,3
528,100,3
528,59,3
528,6,3
529,64,4
529,72,3
529,94,4
529,127,5
529,68,4
530,55,3
530,110,5
530,32,5
530,38,4
530,37,3
531,48,3
531,11,5
531,66,3
531,10,3
531,32,3
532,118,4
532,110,4
532,134,4
532,67,4
532,7,4
533,53,3
533,119,4
533,85,3
533,84,3
533,25,3
534,13,5
534,99,4
534,32,4
534,100,4
534,64,5
535,53,5
535,88,5
535,66,3
535,10,5
535,32,5
536,118,4
536,3,4
536,83,4
536,48,5
536,55,5
537,91,5
537,119,5
537,102,5
537,64,5
537,59,5
538,53,3
538,88,4
538,110,3
538,66,3
538,10,4
539,118,3
539,119,3
539,90,3
539,128,3
539,117,3
540,91,5
540,83,4
540,66,3
540,134,4
540,49,5
541,50,3
541,34,4
541,107,5
541,54,4
541,1,5
542,11,5
542,95,3
542,66,3
542,119,4
542,90,3
543,118,3
543,91,4
543,3,4
543,83,4
543,48,3
544,118,3
544,3,3
544,48,4
544,69,3
544,95,3
545,53,5
545,88,4
545,110,3
545,66,4
545,67,3
546,91,4
546,95,4
546,135,3
546,8,3
546,118,4
547,3,4
547,48,3
547,53,4
547,11,3
547,55,3
548,50,3
548,12,5
548,54,3
548,82,5
548,44,4
549,119,4
549,102,3
549,121,4
549,126,3
549,16,5
550,118,4
550,55,3
550,13,5
550,49,3
550,129,3
551,48,5
551,64,5
551,59,5
551,9,4
551,106,5
552,118,4
552,3,4
552,11,4
552,110,4
552,66,4
553,7,5
553,92,3
553,118,3
553,48,5
553,88,5
554,88,5
554,134,4
554,49,5
554,129,4
554,38,4
555,48,3
555,119,3
555,129,3
555,85,3
555,64,5
556,118,4
556,3,3
556,11,3
556,116,4
556,69,5
557,110,4
557,74,4
557,102,3
557,7,4
557,121,4
558,11,3
558,26,3
558,23,3
558,118,3
558,3,3
559,49,3
559,13,4
559,45,3
559,20,3
559,118,4
560,118,4
560,3,4
560,55,3
560,95,3
560,110,4
561,119,4
561,66,4
561,13,3
561,74,3
561,85,4
562,3,4
562,48,4
562,69,4
562,110,3
562,66,3
563,3,5
563,11,5
563,123,4
563,55,5
563,95,5
564,3,5
564,118,5
564,95,4
564,55,5
564,100,3
565,118,4
565,3,3
565,91,3
565,83,4
565,55,3
566,69,4
566,88,4
566,119,4
566,110,4
566,85,4
567,85,4
567,100,3
567,64,4
567,125,5
567,33,5
568,91,4
568,53,4
568,66,5
568,119,4
568,100,4
569,53,5
569,91,3
569,3,4
569,48,3
569,88,5
570,83,5
570,48,5
570,91,5
570,28,3
570,69,5
571,129,3
571,130,3
571,18,4
571,118,3
571,91,3
572,3,4
572,11,3
572,28,5
572,55,4
572,88,5
573,88,5
573,49,4
573,134,4
573,32,4
573,38,5
574,134,5
574,32,5
574,37,5
574,7,5
574,90,5
575,118,3
575,91,3
575,28,3
575,88,3
575,123,3
576,118,5
576,48,5
576,88,5
576,69,5
576,110,5
577,53,4
577,116,3
577,49,3
577,129,3
577,85,3
578,3,4
578,88,5
578,119,4
578,39,4
578,84,4
579,26,4
579,64,4
579,9,4
579,133,4
579,113,4
580,118,4
580,3,4
580,48,4
580,11,4
580,55,3
581,134,3
581,99,3
581,111,3
581,128,3
581,50,3
582,3,5
582,118,5
582,48,5
582,11,5
582,69,3
583,11,4
583,66,3
583,104,3
583,31,4
583,29,5
584,88,4
584,69,4
584,95,4
584,119,4
584,10,4
585,3,4
585,118,4
585,48,4
585,53,4
585,88,3
586,74,5
586,130,4
586,18,3
586,118,3
586,83,4
587,91,5
587,83,5
587,74,5
587,99,5
587,39,5
588,11,5
588,123,3
588,69,5
588,49,5
588,104,5
589,28,3
589,129,3
589,102,3
589,37,4
589,43,3
590,48,4
590,129,3
590,94,4
590,18,4
590,27,4
591,110,3
591,119,3
591,84,3
591,38,3
591,37,3
592,3,5
592,91,3
592,53,5
592,55,3
592,116,3
593,3,5
593,11,5
593,53,5
593,55,5
593,100,5
594,66,4
594,134,3
594,10,4
594,32,3
594,100,3
595,99,5
595,100,5
595,25,5
595,50,3
595,86,5
596,3,3
596,91,5
596,118,5
596,83,5
596,11,5
597,123,5
597,119,4
597,9,4
597,127,5
597,113,3
598,3,3
598,83,3
598,91,3
598,118,4
598,95,4
599,118,3
599,53,3
599,134,4
599,85,3
599,84,3
600,91,3
600,11,3
600,123,5
600,69,3
600,84,3
601,3,4
601,118,4
601,11,4
601,55,4
601,95,4
602,116,3
602,118,5
602,3,5
602,83,3
602,91,3
603,91,3
603,53,3
603,102,4
603,64,4
603,31,3
604,48,5
604,53,5
604,123,3
604,95,3
604,39,4
605,69,5
605,13,4
605,104,3
605,74,5
605,90,5
606,53,3
606,116,3
606,66,4
606,49,3
606,67,3
607,69,5
607,53,5
607,28,5
607,123,5
607,66,5
608,66,5
608,134,5
608,14,5
608,18,3
608,16,5
609,53,3
609,66,3
609,84,4
609,14,3
609,109,4
610,69,5
610,63,3
610,78,3
610,45,5
610,57,4
611,83,3
611,48,3
611,55,5
611,28,3
611,95,5
612,14,4
612,54,4
612,28,5
612,49,3
612,10,4
613,53,5
613,64,4
613,43,3
613,48,3
613,55,3
614,91,4
614,83,3
614,48,3
614,116,3
614,95,3
615,95,3
615,53,4
615,69,3
615,28,3
615,123,4
616,91,4
616,83,3
616,48,5
616,53,5
616,28,5
617,91,5
617,48,4
617,66,3
617,49,4
617,104,5
618,91,3
618,134,3
618,78,3
618,6,3
618,26,3
619,123,3
619,67,3
619,99,5
619,74,5
619,25,4
620,91,5
620,83,5
620,116,3
620,88,5
620,69,5
621,88,5
621,116,3
621,67,3
621,49,3
621,119,4
622,28,4
622,88,5
622,123,5
622,134,3
622,49,5
623,118,4
623,116,3
623,69,3
623,99,4
623,38,3
624,53,5
624,28,5
624,66,4
624,13,5
624,39,3
625,3,3
625,11,3
625,116,4
625,69,4
625,123,4
626,91,5
626,83,5
626,48,4
626,95,3
626,123,4
627,53,5
627,116,3
627,67,5
627,104,5
627,32,5
628,48,4
628,116,4
628,53,5
628,88,5
628,28,5
629,3,4
629,11,4
629,116,4
629,55,3
629,69,4
630,53,4
630,116,5
630,110,4
630,10,5
630,129,5
631,91,4
631,83,4
631,53,5
631,123,4
631,110,3
632,55,3
632,53,4
632,88,4
632,69,4
632,110,4
633,78,5
633,6,5
633,2,5
633,57,5
633,56,5
634,28,5
634,123,5
634,110,3
634,134,3
634,66,3
635,134,3
635,10,5
635,129,5
635,99,5
635,29,5
636,11,5
636,129,4
636,85,4
636,64,5
636,128,4
637,48,3
637,116,3
637,66,4
637,99,5
637,38,5
638,91,5
638,48,3
638,49,3
638,38,4
638,9,4
639,119,4
639,104,4
639,100,4
639,64,4
639,121,4
640,48,3
640,28,3
640,134,4
640,49,3
640,99,4
641,123,3
641,119,5
641,102,5
641,128,4
641,127,3
642,118,5
642,53,3
642,67,4
642,104,5
642,29,5
643,118,4
643,69,3
643,134,3
643,129,3
643,99,3
644,3,3
644,11,3
644,88,5
644,119,5
644,110,3
645,116,3
645,53,4
645,55,3
645,110,4
645,67,3
646,118,4
646,28,4
646,66,3
646,134,4
646,49,4
647,28,3
647,110,3
647,123,3
647,134,5
647,10,5
648,69,5
648,123,5
648,129,3
648,85,5
648,74,5
649,118,4
649,123,3
649,119,5
649,39,3
649,38,3
650,55,3
650,53,5
650,88,5
650,110,3
650,134,4
651,66,3
651,104,3
651,111,5
651,121,3
651,6,3
652,83,4
652,88,5
652,123,5
652,119,4
652,99,4
653,123,3
653,67,3
653,104,4
653,129,4
653,74,5
654,118,5
654,3,3
654,11,3
654,55,3
654,28,5
655,55,3
655,88,5
655,123,3
655,49,4
655,85,3
656,110,5
656,10,3
656,115,5
656,33,5
656,133,5
657,123,4
657,129,3
657,102,3
657,111,5
657,31,3
658,118,4
658,91,4
658,83,4
658,116,4
658,69,5
659,91,3
659,83,3
659,110,3
659,49,4
659,10,3
660,91,4
660,83,3
660,48,3
660,116,3
660,53,4
661,67,3
661,72,3
661,33,3
661,131,3
661,16,3
662,48,3
662,55,3
662,116,4
662,28,3
662,69,3
663,118,4
663,28,4
663,119,3
663,110,5
663,104,3
664,3,3
664,91,5
664,83,5
664,11,3
664,116,4
665,3,4
665,11,4
665,110,5
665,134,5
665,84,3
666,118,3
666,91,3
666,83,3
666,95,3
666,55,3
667,53,3
667,28,5
667,67,3
667,100,3
667,111,5
668,3,3
668,53,4
668,99,3
668,85,3
668,37,3
669,110,4
669,134,4
669,129,3
669,99,3
669,85,4
670,118,3
670,53,5
670,55,4
670,66,3
670,119,3
671,69,3
671,119,4
671,13,4
671,85,3
671,64,5
672,118,5
672,55,3
672,95,5
672,28,5
672,53,5
673,48,3
673,110,4
673,66,3
673,134,3
673,49,3
674,53,5
674,28,5
674,67,4
674,129,4
674,99,3
675,91,3
675,83,3
675,28,3
675,95,3
675,67,3
676,53,3
676,66,3
676,63,5
676,34,5
676,75,4
677,3,4
677,91,4
677,48,4
677,11,4
677,28,4
678,69,4
678,119,3
678,110,5
678,66,4
678,104,5
679,118,3
679,88,3
679,116,5
679,69,3
679,28,5
680,134,3
680,13,3
680,37,3
680,7,3
680,59,3
681,69,4
681,49,3
681,67,4
681,129,4
681,85,4
682,99,3
682,39,5
682,38,5
682,128,5
682,131,5
683,88,3
683,55,4
683,28,3
683,123,4
683,66,3
684,118,5
684,67,3
684,10,5
684,121,3
684,87,3
685,118,4
685,69,4
685,123,5
685,67,5
685,85,4
686,118,4
686,91,5
686,83,5
686,116,3
686,123,4
687,118,4
687,48,4
687,116,4
687,55,3
687,88,3
688,118,3
688,91,5
688,83,5
688,28,4
688,67,3
689,83,5
689,116,5
689,53,4
689,28,4
689,67,5
690,123,3
690,64,3
690,29,3
690,6,5
690,26,5
691,13,4
691,85,3
691,39,3
691,102,3
691,90,3
692,118,5
692,91,3
692,116,4
692,69,3
692,110,3
693,53,3
693,134,4
693,13,4
693,72,4
693,63,4
694,134,4
694,119,5
694,10,4
694,39,4
694,38,4
695,118,3
695,116,3
695,55,5
695,69,5
695,110,3
696,48,3
696,49,3
696,39,4
696,37,4
696,78,4
697,3,3
697,91,3
697,83,4
697,118,3
697,55,3
698,7,4
698,78,5
698,115,5
698,12,5
698,52,4
699,123,5
699,119,5
699,85,5
699,38,4
699,84,5
700,66,3
700,104,5
700,74,5
700,31,5
700,128,5
701,118,3
701,28,4
701,67,3
701,32,3
701,39,3
702,91,3
702,11,3
702,116,3
702,88,5
702,111,4
703,55,3
703,99,3
703,85,3
703,78,3
703,29,4
704,13,3
704,39,3
704,37,3
704,59,3
704,14,3
705,53,4
705,66,3
705,63,3
705,24,4
705,41,4
706,91,5
706,48,3
706,55,5
706,28,4
706,67,4
707,118,3
707,53,3
707,116,3
707,110,3
707,67,4
708,118,3
708,55,3
708,95,4
708,119,4
708,37,5
709,116,3
709,69,4
709,119,4
709,129,3
709,85,4
710,118,4
710,48,4
710,88,5
710,55,3
710,116,3
711,48,3
711,123,5
711,67,5
711,10,4
711,85,5
712,3,3
712,11,3
712,116,4
712,55,3
712,110,4
713,118,3
713,55,3
713,119,3
713,104,3
713,102,4
714,10,5
714,85,5
714,99,5
714,84,5
714,64,5
715,123,5
715,67,4
715,104,5
715,74,5
715,84,5
716,116,5
716,53,5
716,39,5
716,25,4
716,94,5
717,134,3
717,49,3
717,37,3
717,100,4
717,25,4
718,118,4
718,3,5
718,11,5
718,55,3
718,110,3
719,53,5
719,119,5
719,39,3
719,94,5
719,50,5
720,118,5
720,48,5
720,28,5
720,69,5
720,119,3
721,3,3
721,104,5
721,90,5
721,78,4
721,50,5
722,69,5
722,88,5
722,110,5
722,119,3
722,85,4
723,3,5
723,118,4
723,95,5
723,53,5
723,123,5
724,88,4
724,69,5
724,110,4
724,134,4
724,67,4
725,28,5
725,123,5
725,39,5
725,129,3
725,59,5
726,91,5
726,83,4
726,11,4
726,88,4
726,95,3
727,53,5
727,110,4
727,66,4
727,10,4
727,104,3
728,53,5
728,69,4
728,119,5
728,85,5
728,84,5
729,67,3
729,10,4
729,99,5
729,85,4
729,59,3
730,118,5
730,48,5
730,116,5
730,69,5
730,28,5
731,118,5
731,53,5
731,55,3
731,66,3
731,104,4
732,91,5
732,83,5
732,95,3
732,74,5
732,99,5
733,118,5
733,88,3
733,110,3
733,119,3
733,39,5
734,91,4
734,83,4
734,48,4
734,28,4
734,110,3
735,118,3
735,11,5
735,53,5
735,88,5
735,28,4
736,119,5
736,110,5
736,13,4
736,39,3
736,64,5
737,53,5
737,116,3
737,55,3
737,110,3
737,66,3
738,48,4
738,53,5
738,88,5
738,69,5
738,66,5
739,110,3
739,66,3
739,134,4
739,10,5
739,32,3
740,118,4
740,3,4
740,91,4
740,83,4
740,11,4
741,3,3
741,48,4
741,53,3
741,69,3
741,66,3
742,118,5
742,91,5
742,83,5
742,11,5
742,123,5
743,102,5
743,7,4
743,121,3
743,12,5
743,71,5
744,11,3
744,69,4
744,104,3
744,85,3
744,84,4
745,53,4
745,55,4
745,116,3
745,28,4
745,123,3
746,3,4
746,28,5
746,123,5
746,104,5
746,25,5
747,48,5
747,116,5
747,110,5
747,39,5
747,129,5
748,118,4
748,67,4
748,13,5
748,104,3
748,39,3
749,85,3
749,25,5
749,72,5
749,121,3
749,34,5
750,3,3
750,110,3
750,67,3
750,134,4
750,13,4
751,118,4
751,110,5
751,66,3
751,67,4
751,119,4
752,67,4
752,119,4
752,38,4
752,84,4
752,37,4
753,91,3
753,48,5
753,134,5
753,85,4
753,84,5
754,88,5
754,39,5
754,64,5
754,72,4
754,78,5
755,88,5
755,28,5
755,110,4
755,119,4
755,49,3
756,53,5
756,66,4
756,13,4
756,25,4
756,94,5
757,88,5
757,55,3
757,95,3
757,119,3
757,39,3
758,55,4
758,66,3
758,49,5
758,90,3
758,25,3
759,123,5
759,88,5
759,39,5
759,85,4
759,37,5
760,118,3
760,110,3
760,39,4
760,102,3
760,90,4
761,116,5
761,67,4
761,39,4
761,129,5
761,37,5
762,53,4
762,88,5
762,67,4
762,32,5
762,102,5
763,48,4
763,53,3
763,69,5
763,110,4
763,85,3
764,116,3
764,104,3
764,129,3
764,99,3
764,74,3
765,85,3
765,37,3
765,25,4
765,72,3
765,78,3
766,11,4
766,95,3
766,123,5
766,64,4
766,72,5
767,3,3
767,118,4
767,55,3
767,123,4
767,85,4
768,91,3
768,88,5
768,119,3
768,49,5
768,10,5
769,69,3
769,104,3
769,90,3
769,64,4
769,45,4
770,110,5
770,134,5
770,99,5
770,121,5
770,128,5
771,91,3
771,48,3
771,53,4
771,88,4
771,69,3
772,118,3
772,66,3
772,7,3
772,102,3
772,90,4
773,91,5
773,67,3
773,10,4
773,129,4
773,99,5
774,3,5
774,55,5
774,95,3
774,10,4
774,37,3
775,119,5
775,99,3
775,38,4
775,59,5
775,26,3
776,91,4
776,83,4
776,69,5
776,110,5
776,49,5
777,118,4
777,91,4
777,83,5
777,53,4
777,88,5
778,48,3
778,39,4
778,38,4
778,37,4
778,121,3
779,118,5
779,91,5
779,83,5
779,48,5
779,121,5
780,3,5
780,48,3
780,28,5
780,123,5
780,95,5
781,91,3
781,83,3
781,88,3
781,67,3
781,28,4
782,110,4
782,66,3
782,134,5
782,67,4
782,32,3
783,104,3
783,37,3
783,99,3
783,74,3
783,111,3
784,10,4
784,2,4
784,45,4
784,15,4
784,91,4
785,11,4
785,66,3
785,95,4
785,13,4
785,39,4
786,91,5
786,118,4
786,83,5
786,11,4
786,55,3
787,118,4
787,91,3
787,83,4
787,28,3
787,66,4
788,110,4
788,13,5
788,32,5
788,78,5
788,31,3
789,3,5
789,83,5
789,11,5
789,104,5
789,84,5
790,3,4
790,91,5
790,118,5
790,83,5
790,11,5
791,48,4
791,53,5
791,59,4
791,15,3
791,120,4
792,116,5
792,53,5
792,28,3
792,49,4
792,10,4
793,83,3
793,48,5
793,116,5
793,53,5
793,88,5
794,83,3
794,48,5
794,53,5
794,59,5
794,23,3
795,28,5
795,110,5
795,134,4
795,104,5
795,84,3
796,110,4
796,66,3
796,84,4
796,25,3
796,59,5
797,48,3
797,28,3
797,39,3
797,85,3
797,125,3
798,48,4
798,25,4
798,59,4
798,107,3
798,106,3
799,118,5
799,3,5
799,91,4
799,83,4
799,11,5
800,123,5
800,95,4
800,100,3
800,86,3
800,76,5
801,28,5
801,37,5
801,103,5
801,36,5
801,61,3
802,3,3
802,11,3
802,28,5
802,102,3
802,37,3
803,118,5
803,119,5
803,78,5
803,50,3
803,115,5
804,3,4
804,55,3
804,119,3
804,74,3
804,38,4
805,91,4
805,83,4
805,55,3
805,28,3
805,95,3
806,83,3
806,48,3
806,69,3
806,67,3
806,49,4
807,53,4
807,6,4
807,130,4
807,131,3
807,43,4
808,91,5
808,83,5
808,69,5
808,110,5
808,104,5
809,3,3
809,55,5
809,53,5
809,119,5
809,25,4
810,48,5
810,88,4
810,119,3
810,10,5
810,67,5
811,3,3
811,91,4
811,11,3
811,55,3
811,95,3
812,119,5
812,39,5
812,37,3
812,25,5
812,31,3
813,3,3
813,11,3
813,55,3
813,119,3
813,100,3
814,50,4
814,12,5
814,82,5
814,44,5
814,27,5
815,3,5
815,48,5
815,11,3
815,55,4
815,116,5
816,53,5
816,95,5
816,66,3
816,31,3
816,75,5
817,48,4
817,28,5
817,67,5
817,49,3
817,104,5
