,1,2,3,4,5,6,7,8,9,10,11,12,13,14,15,16,17,18,19,20,21,22,23,24,25,26,27,28,29,30,31,32,33,34,35,36,37,38,39,40,41,42,43,44,45,46,47,48,49,50,51,52,53,54,55,56,57,58,59,60,61,62,63,64,65,66,67,68,69,70,71,72,73,74,75,76,77,78,79,80,81,82,83,84,85,86,87,88,89,90,91,92,93,94,95,96,97,98,99,100,101,102,103,104,105,106,107,108,109,110,111,112,113,114,115,116,117,118,119,120,121,122,123,124,125,126,127,128,129,130,131,132,133,134,135
1,,48,61,40,62,28,56,61,72,52,47,17,72,27,36,62,48,64,55,62,24,26,70,55,38,59,55,65,40,61,36,54,62,57,46,46,47,41,65,38,81,55,33,43,73,42,57,65,63,39,56,63,75,63,52,45,69,32,31,67,35,59,40,32,26,61,60,64,42,55,39,39,28,47,30,68,33,32,71,29,59,67,60,35,41,45,56,61,39,46,71,52,57,40,59,41,56,42,40,29,40,49,58,46,36,52,47,63,57,63,41,27,76,22,23,53,38,75,42,41,39,25,60,15,59,49,71,51,37,28,63,37,63,55,44
2,48,,401,145,241,156,153,124,357,221,310,49,217,107,171,211,214,392,179,244,77,108,312,137,173,294,282,276,132,162,149,207,258,97,99,156,183,174,193,171,213,132,269,129,297,137,83,318,217,124,180,176,275,157,299,121,252,135,153,288,131,182,143,173,157,241,243,261,282,297,124,156,182,186,94,298,126,142,254,142,230,127,311,199,210,114,273,273,88,168,328,104,184,135,275,203,214,231,194,186,123,177,288,218,125,170,115,199,207,234,130,160,289,119,74,308,232,347,263,266,146,126,275,42,257,239,336,118,221,107,261,160,310,236,51
3,61,401,,184,280,148,192,154,442,286,420,60,269,133,181,267,284,485,227,302,85,133,387,170,205,371,369,340,160,210,174,252,314,128,118,185,208,214,220,222,270,167,334,144,368,161,105,384,271,134,217,227,351,186,392,149,315,159,175,367,141,212,182,229,187,305,306,309,349,381,160,178,215,237,120,371,157,172,312,169,294,167,400,239,231,139,307,334,101,203,409,132,230,154,363,237,257,251,234,213,126,209,363,277,159,214,134,249,261,298,167,189,362,141,95,345,282,463,312,312,185,139,320,45,315,266,418,146,236,132,305,181,399,310,63
4,40,145,184,,121,61,92,83,175,119,139,27,123,75,86,110,113,179,126,139,49,65,158,92,93,150,146,138,86,110,83,123,145,69,67,99,105,94,112,90,127,72,116,56,165,69,49,166,134,69,103,107,173,71,156,76,135,81,82,174,65,113,92,98,75,140,137,131,131,154,79,86,95,82,73,160,73,88,145,67,138,83,161,95,114,79,138,144,45,106,170,72,110,61,123,87,102,124,93,95,55,81,148,119,90,96,77,121,131,136,73,66,157,73,47,143,100,181,123,108,81,69,111,29,143,135,199,74,102,63,130,79,169,140,30
5,62,241,280,121,,105,205,150,319,249,241,44,262,112,142,228,196,292,206,257,70,98,300,169,168,256,229,244,109,185,114,191,271,132,73,159,198,186,236,156,235,137,189,116,287,140,88,272,241,130,188,187,272,167,221,131,248,141,130,275,119,197,154,131,97,259,241,257,234,222,129,149,131,175,108,304,145,133,260,118,228,182,251,160,166,125,239,268,80,163,276,115,210,116,202,168,220,194,193,131,89,137,264,174,119,171,126,243,204,235,131,141,302,95,55,245,191,297,180,211,132,87,222,36,256,210,296,117,177,122,267,122,278,235,49
6,28,156,148,61,105,,64,44,153,93,144,25,76,37,68,104,61,159,64,98,28,44,151,34,63,132,120,134,87,89,82,68,105,37,56,45,57,81,85,86,44,55,149,68,108,62,36,131,88,56,56,46,95,90,132,29,100,52,65,121,66,67,23,91,81,77,81,105,126,151,26,57,108,97,59,112,47,69,109,82,80,61,138,107,103,67,123,99,37,80,141,41,28,68,157,61,116,102,88,109,20,106,119,109,36,86,19,65,67,95,66,91,125,57,44,146,128,129,124,103,71,74,150,16,84,92,132,75,122,25,131,64,109,85,30
7,56,153,192,92,205,64,,142,239,190,154,37,246,111,104,219,172,203,209,274,70,89,214,160,113,179,146,151,72,168,62,191,227,117,60,155,171,158,195,120,233,142,80,71,257,115,81,188,212,89,180,180,257,102,154,137,178,123,86,229,75,172,142,90,68,231,230,203,139,151,112,121,77,96,103,218,129,103,202,54,208,178,168,78,88,117,168,229,46,122,189,116,234,53,111,135,158,146,107,90,71,88,178,100,139,122,117,226,190,224,118,61,235,76,39,154,110,269,114,126,121,62,129,23,233,177,252,72,89,120,188,115,231,214,31
8,61,124,154,83,150,44,142,,180,136,125,30,171,76,90,139,133,155,149,159,48,65,168,132,97,159,144,146,60,131,64,151,166,109,48,114,122,97,140,95,176,105,81,76,182,93,70,144,139,85,131,150,182,91,145,109,157,101,73,160,74,128,118,70,53,150,155,140,114,126,88,90,56,92,66,180,84,85,181,63,144,133,147,72,88,76,138,152,75,104,169,92,147,67,93,107,115,116,93,71,84,75,155,97,116,137,117,156,136,154,83,59,183,69,44,127,95,182,85,108,82,59,104,24,147,132,183,74,89,85,144,80,163,144,56
9,72,357,442,175,319,153,239,180,,339,378,54,335,164,189,274,306,483,287,355,106,131,426,212,203,407,356,370,160,249,184,280,376,165,114,227,250,257,269,211,332,193,326,168,430,202,121,412,328,157,241,254,388,199,350,174,355,190,176,388,161,248,198,205,169,359,348,346,354,349,187,222,215,253,123,430,169,192,341,169,345,206,434,235,253,160,335,374,112,213,445,155,296,157,319,246,306,254,260,217,116,219,415,288,177,224,164,315,332,353,187,222,419,156,96,367,337,473,306,283,191,134,345,46,377,304,463,157,264,162,333,215,433,345,60
10,52,221,286,119,249,93,190,136,339,,245,45,250,126,122,195,209,296,196,246,63,100,275,148,149,277,239,244,118,187,122,209,257,137,80,151,185,195,189,150,218,136,198,112,290,158,83,278,232,115,187,168,270,142,223,110,230,141,129,278,109,169,139,140,116,242,232,242,241,229,125,152,148,195,87,307,135,127,239,110,233,145,267,147,168,112,228,271,73,151,284,108,196,98,201,179,213,180,193,141,78,137,266,190,119,162,105,228,211,243,135,151,279,94,57,223,208,307,193,191,127,94,219,39,239,197,308,120,160,112,229,139,276,241,43
11,47,310,420,139,241,144,154,125,378,245,,63,202,101,145,228,211,420,160,240,52,128,354,107,186,336,357,314,158,159,168,180,261,97,107,135,150,183,180,202,168,120,341,137,281,134,75,329,225,127,178,157,256,162,343,96,261,139,162,308,115,152,128,218,171,225,216,263,329,352,107,138,215,233,116,327,140,178,266,176,213,136,366,222,212,110,284,278,88,174,369,102,131,147,352,170,248,226,232,207,70,201,338,245,100,189,94,187,185,224,134,196,297,117,91,339,282,358,274,225,167,138,313,33,224,212,350,119,245,85,275,154,307,233,48
12,17,49,60,27,44,25,37,30,54,45,63,,49,19,32,43,52,58,34,45,9,29,44,24,30,47,51,49,25,35,31,39,44,24,26,25,25,39,31,39,37,48,39,27,51,35,33,46,41,28,37,44,50,30,53,20,41,35,31,45,25,32,38,28,22,39,33,44,50,52,37,29,32,37,24,56,28,25,39,28,35,29,55,28,34,22,46,44,21,32,52,29,28,30,45,30,43,33,38,26,20,27,44,41,21,36,21,40,33,37,28,32,54,19,24,54,41,56,34,39,31,27,46,8,36,37,52,20,40,20,39,28,50,45,14
13,72,217,269,123,262,76,246,171,335,250,202,49,,154,137,223,255,288,285,324,93,98,292,228,165,246,205,214,66,211,82,239,306,170,64,191,238,195,262,134,332,182,118,106,348,144,106,268,248,119,226,238,354,140,211,170,242,149,107,285,119,232,192,107,73,309,296,276,178,188,172,180,80,136,101,307,137,111,265,82,272,214,230,121,128,134,233,291,86,162,261,137,321,139,143,187,193,186,139,109,114,108,247,146,165,169,160,299,272,292,135,84,315,96,56,204,130,356,157,187,121,69,184,40,307,242,346,96,133,164,241,124,311,280,62
14,27,107,133,75,112,37,111,76,164,126,101,19,154,,80,97,134,142,128,145,43,58,112,100,81,111,102,92,41,104,46,118,135,82,32,109,117,104,107,64,146,63,52,44,149,67,41,133,122,56,113,101,161,48,106,87,110,81,66,135,50,111,105,55,41,150,154,117,93,85,99,105,45,63,48,140,70,61,118,40,145,74,113,49,75,68,106,129,26,75,121,62,149,39,51,92,79,97,75,67,51,44,118,76,88,63,77,126,132,128,67,30,129,62,23,102,63,173,74,95,69,42,70,25,159,112,152,39,66,88,108,80,157,142,18
15,36,171,181,86,142,68,104,90,189,122,145,32,137,80,,114,125,198,122,150,48,66,158,93,92,146,133,137,72,107,83,132,150,63,48,107,123,102,118,83,144,65,110,66,169,79,40,162,132,80,107,108,164,85,163,89,141,91,80,157,86,104,95,73,60,152,158,130,146,145,82,94,90,91,63,164,77,72,135,70,149,77,158,82,97,76,141,139,45,81,172,61,132,64,110,118,115,110,101,98,75,74,147,117,94,98,84,128,138,147,78,61,167,80,42,159,114,184,123,141,100,67,109,27,166,111,173,70,114,72,134,90,180,140,30
16,62,211,267,110,228,104,219,139,274,195,228,43,223,97,114,,195,280,178,260,60,91,278,141,117,230,198,202,103,181,120,171,242,116,105,143,160,166,198,196,204,152,178,93,260,116,96,228,223,102,163,179,245,134,210,118,208,112,98,253,91,162,126,136,111,213,208,231,198,219,112,120,136,152,131,244,129,107,221,112,216,195,234,148,142,137,195,232,69,153,239,121,180,92,204,145,214,162,150,132,78,137,217,167,112,146,98,207,163,227,128,120,263,87,69,205,177,296,175,167,156,83,203,29,214,195,277,104,143,108,231,121,304,252,46
17,48,214,284,113,196,61,172,133,306,209,211,52,255,134,125,195,,312,225,256,85,96,244,174,134,221,209,191,74,163,93,216,236,114,64,161,179,166,185,131,275,165,133,92,286,136,98,254,206,97,187,219,288,102,214,154,220,134,113,246,112,186,185,117,82,261,250,218,189,193,193,167,95,133,86,265,113,95,211,71,246,141,235,111,127,99,196,247,74,121,239,115,254,95,153,177,151,168,118,113,102,90,230,158,140,133,137,224,224,241,116,78,263,96,60,195,135,335,166,171,115,77,161,37,270,195,292,77,133,150,191,141,312,267,42
18,64,392,485,179,292,159,203,155,483,296,420,58,288,142,198,280,312,,262,341,101,139,422,180,204,385,384,357,172,224,192,260,339,138,123,212,228,247,252,229,313,181,364,176,399,186,112,419,289,158,225,227,374,210,405,153,325,169,178,391,156,227,186,223,190,360,322,333,372,401,177,204,245,257,133,407,156,172,320,178,347,180,434,256,254,153,339,353,117,209,430,143,249,177,394,237,293,279,245,236,120,221,395,296,153,222,146,272,293,323,177,209,389,153,107,391,307,500,348,300,192,158,358,50,359,282,457,144,285,145,328,203,450,344,57
19,55,179,227,126,206,64,209,149,287,196,160,34,285,128,122,178,225,262,,286,86,86,253,240,145,199,189,177,64,186,61,237,295,125,61,206,235,162,246,124,293,159,82,78,329,125,95,238,222,114,212,222,337,106,204,176,221,136,103,277,102,238,193,93,70,291,295,213,140,171,144,151,73,94,98,280,134,109,235,46,255,164,200,88,113,128,213,266,56,154,229,135,309,69,109,157,141,167,108,98,92,83,227,123,173,143,152,285,256,300,114,54,279,104,42,187,103,323,144,159,122,58,142,37,297,228,359,85,111,143,209,117,292,251,37
20,62,244,302,139,257,98,274,159,355,246,240,45,324,145,150,260,256,341,286,,91,109,305,209,145,249,216,221,103,206,106,244,319,140,86,216,229,206,253,158,315,182,158,102,365,148,102,295,276,123,229,233,364,141,238,176,255,161,127,311,108,223,187,139,105,333,307,259,224,231,154,185,120,139,126,320,157,137,258,88,290,213,260,139,159,150,244,313,68,175,286,146,312,97,179,197,219,223,160,153,97,134,276,176,173,166,146,296,280,304,156,105,331,117,70,238,170,390,200,194,157,88,193,38,333,234,377,102,150,170,247,147,349,297,45
21,24,77,85,49,70,28,70,48,106,63,52,9,93,43,48,60,85,101,86,91,,42,86,69,61,68,53,59,23,60,30,80,84,46,23,61,68,60,78,36,107,60,33,72,98,41,36,82,70,41,64,75,101,46,66,61,74,47,35,80,48,70,63,33,30,96,96,86,52,54,54,56,28,37,28,92,30,30,76,20,93,58,68,44,48,46,72,79,39,46,80,43,95,39,42,66,47,57,36,32,42,30,70,52,56,44,57,70,96,85,51,20,94,31,21,60,35,111,56,71,45,19,53,24,110,65,95,32,48,53,66,51,105,73,20
22,26,108,133,65,98,44,89,65,131,100,128,29,98,58,66,91,96,139,86,109,42,,128,75,83,115,106,98,61,75,61,99,114,54,38,82,85,82,71,73,103,46,85,45,130,57,37,121,111,57,90,80,121,54,103,57,95,81,61,116,60,84,79,64,54,123,111,95,122,106,68,71,70,84,48,142,77,68,116,65,109,64,122,72,79,45,113,126,38,72,120,41,91,45,82,86,85,82,94,75,51,56,130,97,67,76,63,87,92,104,63,65,121,58,32,109,84,133,81,84,77,66,74,16,119,94,135,47,71,57,95,82,134,100,23
23,70,312,387,158,300,151,214,168,426,275,354,44,292,112,158,278,244,422,253,305,86,128,,220,193,358,348,349,155,230,173,241,344,144,110,182,222,224,271,216,265,183,310,163,384,179,112,353,295,164,219,225,357,207,326,156,325,161,154,380,148,249,159,205,155,290,288,324,315,343,133,171,205,240,128,379,155,177,353,188,265,215,379,250,230,154,320,325,107,213,397,153,231,157,317,210,288,236,226,205,103,207,358,269,150,227,140,285,251,317,161,198,391,127,91,346,296,390,261,254,171,129,328,43,301,283,425,144,251,134,326,164,361,272,62
24,55,137,170,92,169,34,160,132,212,148,107,24,228,100,93,141,174,180,240,209,69,75,220,,135,164,144,143,36,152,47,193,247,107,45,150,208,120,200,102,248,138,46,58,259,98,87,174,177,79,176,199,272,94,153,164,186,104,81,237,81,215,170,62,42,220,245,170,100,119,120,129,42,65,69,217,106,87,201,31,200,139,146,51,85,96,151,203,46,119,182,113,253,51,72,128,100,125,74,62,86,64,162,91,144,112,130,233,209,243,90,26,226,78,29,131,72,245,97,115,86,43,108,31,237,194,267,64,72,115,162,84,236,182,38
25,38,173,205,93,168,63,113,97,203,149,186,30,165,81,92,117,134,204,145,145,61,83,193,135,,178,194,164,61,116,73,138,172,79,45,101,133,112,144,96,155,86,125,76,178,89,48,187,138,74,130,134,182,91,181,87,156,99,100,187,81,127,121,98,72,165,164,166,159,163,87,111,75,111,63,208,102,103,176,74,142,100,183,101,113,78,169,180,54,105,196,71,135,84,134,123,124,149,131,88,69,93,198,117,90,116,92,144,141,168,85,83,189,74,45,168,117,201,120,138,85,63,140,30,162,150,209,66,131,80,167,98,188,148,31
26,59,294,371,150,256,132,179,159,407,277,336,47,246,111,146,230,221,385,199,249,68,115,358,164,178,,334,340,144,203,161,222,294,128,99,159,183,194,203,194,230,145,302,147,339,163,95,334,250,128,197,188,303,176,302,123,300,165,159,325,114,189,152,187,154,267,251,281,322,311,122,161,197,246,109,365,150,155,290,161,247,161,377,207,220,129,284,311,101,184,388,121,189,132,290,201,264,210,237,185,94,196,355,258,139,202,123,246,229,282,153,214,335,114,85,310,283,353,255,243,156,122,299,41,259,244,363,142,228,120,280,159,328,259,57
27,55,282,369,146,229,120,146,144,356,239,357,51,205,102,133,198,209,384,189,216,53,106,348,144,194,334,,325,148,174,154,187,262,110,99,142,174,180,188,182,183,139,305,133,291,151,87,319,232,135,189,171,264,154,319,114,264,139,162,305,113,175,132,205,159,219,216,269,299,326,103,134,185,219,104,327,149,169,271,157,211,140,336,201,208,118,279,278,89,171,353,117,147,141,305,169,228,209,218,186,84,178,332,241,116,194,125,203,196,241,138,183,297,121,94,308,256,326,244,215,147,121,294,37,225,222,348,125,229,83,266,142,291,226,55
28,65,276,340,138,244,134,151,146,370,244,314,49,214,92,137,202,191,357,177,221,59,98,349,143,164,340,325,,146,183,160,182,258,108,99,138,163,161,200,174,183,134,306,145,300,169,95,316,227,139,160,170,261,188,303,119,280,133,152,305,127,181,124,174,145,213,211,262,289,326,98,132,187,235,89,326,122,160,267,157,202,148,345,203,205,115,287,254,91,177,363,118,142,143,292,174,264,194,215,195,84,205,346,241,121,206,117,209,190,243,133,202,325,114,75,311,272,300,234,223,137,119,306,37,217,224,326,135,240,89,285,138,278,208,59
29,40,132,160,86,109,87,72,60,160,118,158,25,66,41,72,103,74,172,64,103,23,61,155,36,61,144,148,146,,93,112,77,127,45,87,64,67,81,71,98,57,57,162,72,145,70,50,147,130,64,68,58,113,80,143,34,124,71,81,156,58,64,33,98,93,110,88,116,162,157,41,66,138,115,57,135,72,98,126,96,113,61,161,125,127,71,122,114,49,89,165,49,33,67,164,77,117,96,124,122,31,113,146,139,46,94,33,91,95,102,83,113,133,63,43,142,142,134,120,94,85,72,146,22,99,96,151,90,117,23,125,80,130,101,37
30,61,162,210,110,185,89,168,131,249,187,159,35,211,104,107,181,163,224,186,206,60,75,230,152,116,203,174,183,93,,117,162,227,107,76,144,167,147,183,120,201,139,128,84,255,151,92,203,197,92,155,161,239,123,178,117,212,120,105,229,95,162,127,96,80,200,199,199,163,182,113,135,111,126,86,228,110,106,213,91,195,141,199,121,129,118,175,200,73,137,215,105,183,85,141,145,163,146,127,118,72,118,205,154,114,136,105,207,191,215,111,95,235,89,45,185,149,248,131,154,106,74,172,35,214,184,244,122,131,100,206,115,225,188,50
31,36,149,174,83,114,82,62,64,184,122,168,31,82,46,83,120,93,192,61,106,30,61,173,47,73,161,154,160,112,117,,86,121,54,78,70,65,90,80,112,76,59,173,78,154,87,48,149,129,70,73,66,127,86,159,40,138,69,78,154,66,70,53,95,95,112,89,112,171,170,53,68,133,129,60,159,60,84,129,107,118,70,190,127,123,74,135,117,58,85,185,58,45,75,159,86,132,94,119,122,45,106,161,182,49,79,48,95,89,118,78,118,152,70,53,160,158,145,134,112,92,69,148,23,101,103,164,91,124,39,130,92,149,115,37
32,54,207,252,123,191,68,191,151,280,209,180,39,239,118,132,171,216,260,237,244,80,99,241,193,138,222,187,182,77,162,86,,254,115,68,193,198,157,186,132,258,147,117,93,299,134,91,246,201,106,222,212,311,109,217,166,227,131,102,257,95,198,177,101,81,262,281,204,175,189,136,154,102,124,83,278,121,106,231,63,245,141,226,96,117,112,204,271,66,140,254,111,256,73,138,177,141,162,126,107,99,97,225,147,197,147,155,240,228,263,118,80,275,105,46,192,134,306,150,172,118,71,146,34,269,199,294,77,117,122,187,134,286,233,38
33,62,258,314,145,271,105,227,166,376,257,261,44,306,135,150,242,236,339,295,319,84,114,344,247,172,294,262,258,127,227,121,254,,151,96,200,270,217,273,181,295,181,199,109,393,148,109,318,295,121,226,234,379,146,263,179,276,173,147,360,133,262,190,155,123,305,328,268,239,261,142,194,158,164,118,342,164,157,302,112,287,188,294,169,188,143,252,322,76,186,324,141,291,107,216,205,215,217,189,157,99,147,298,196,166,190,148,329,297,333,167,135,351,127,58,256,208,379,216,200,156,95,233,44,340,277,402,119,177,140,269,144,350,275,50
34,57,97,128,69,132,37,117,109,165,137,97,24,170,82,63,116,114,138,125,140,46,54,144,107,79,128,110,108,45,107,54,115,151,,45,91,104,107,124,76,165,95,59,67,152,70,58,123,124,69,108,107,160,72,102,73,111,79,56,129,59,104,94,59,43,144,131,134,88,89,81,91,51,78,62,148,72,61,129,50,129,117,111,60,75,71,112,136,62,80,121,72,133,58,75,88,97,93,81,54,61,59,120,77,79,92,85,136,121,126,68,43,144,49,31,102,73,161,79,91,66,42,91,24,132,109,156,65,73,86,118,76,139,135,48
35,46,99,118,67,73,56,60,48,114,80,107,26,64,32,48,105,64,123,61,86,23,38,110,45,45,99,99,99,87,76,78,68,96,45,,52,62,61,62,100,54,57,99,46,102,50,59,100,86,39,56,61,94,64,103,35,87,47,58,111,40,60,37,69,72,78,73,90,103,107,38,45,84,80,52,93,48,60,96,61,86,51,107,82,73,57,88,89,32,64,109,53,40,47,116,50,81,76,74,75,28,83,98,89,40,61,32,69,62,90,58,66,96,49,32,96,85,108,95,65,75,51,105,19,75,82,113,61,70,25,95,56,116,105,36
36,46,156,185,99,159,45,155,114,227,151,135,25,191,109,107,143,161,212,206,216,61,82,182,150,101,159,142,138,64,144,70,193,200,91,52,,164,133,166,94,218,104,77,64,233,111,74,183,171,96,160,160,233,83,165,132,172,124,83,194,88,164,147,74,64,226,225,152,126,146,122,125,67,82,76,224,113,87,170,44,205,117,168,78,93,86,152,194,46,108,194,96,221,53,88,146,118,135,101,87,81,67,185,110,148,113,135,194,190,193,96,52,201,77,37,167,100,254,117,134,110,61,106,27,232,163,232,64,84,110,141,111,227,186,27
37,47,183,208,105,198,57,171,122,250,185,150,25,238,117,123,160,179,228,235,229,68,85,222,208,133,183,174,163,67,167,65,198,270,104,62,164,,163,213,120,241,132,96,64,286,113,78,220,208,78,196,183,282,104,174,155,204,125,114,260,99,217,159,87,63,221,269,205,147,169,121,162,82,96,85,247,129,111,213,52,209,129,177,87,118,102,183,235,46,119,215,104,247,55,111,156,132,162,114,97,82,88,204,116,136,116,134,232,223,252,113,57,249,109,32,176,105,277,144,155,111,65,142,37,270,215,286,69,113,114,206,101,262,216,32
38,41,174,214,94,186,81,158,97,257,195,183,39,195,104,102,166,166,247,162,206,60,82,224,120,112,194,180,161,81,147,90,157,217,107,61,133,163,,178,126,190,126,151,84,231,114,76,226,195,89,159,150,214,100,171,108,180,127,113,222,113,146,122,114,91,197,207,187,171,166,100,144,113,129,78,233,126,99,181,75,189,115,206,106,128,99,181,219,52,111,207,93,171,74,149,145,159,126,143,117,57,96,200,147,95,116,86,184,184,198,126,98,224,86,55,193,148,258,159,148,117,85,164,26,229,160,239,87,126,91,186,116,236,197,29
39,65,193,220,112,236,85,195,140,269,189,180,31,262,107,118,198,185,252,246,253,78,71,271,200,144,203,188,200,71,183,80,186,273,124,62,166,213,178,,140,245,156,127,110,284,126,94,225,223,132,187,202,277,162,196,157,227,115,96,265,123,204,148,99,81,235,249,237,153,192,112,148,89,126,101,262,131,120,225,70,215,188,205,102,125,128,209,247,67,150,235,131,238,96,149,155,186,178,129,102,84,120,225,126,131,162,126,253,210,256,117,82,293,89,51,217,134,294,161,191,118,72,192,38,254,218,305,98,149,127,250,109,258,211,48
40,38,171,222,90,156,86,120,95,211,150,202,39,134,64,83,196,131,229,124,158,36,73,216,102,96,194,182,174,98,120,112,132,181,76,100,94,120,126,140,,121,112,170,70,199,88,74,193,158,70,125,129,177,103,190,77,163,85,98,209,61,129,100,116,103,155,156,170,174,198,72,88,125,128,101,186,100,99,187,104,154,109,201,119,117,94,163,172,52,129,209,91,106,70,183,111,146,134,134,123,51,122,186,150,81,121,66,145,127,175,97,106,196,86,58,180,154,216,163,121,129,75,176,23,151,161,215,90,134,63,185,84,229,193,34
41,81,213,270,127,235,44,233,176,332,218,168,37,332,146,144,204,275,313,293,315,107,103,265,248,155,230,183,183,57,201,76,258,295,165,54,218,241,190,245,121,,194,81,113,357,141,109,270,240,120,228,260,371,125,207,200,242,141,101,276,117,245,233,90,59,352,338,245,157,162,196,192,65,108,88,313,136,104,255,59,324,207,228,95,121,122,211,289,97,143,250,138,360,96,105,204,151,170,117,92,135,88,238,138,182,144,186,293,310,304,130,56,317,103,52,188,108,407,156,191,126,64,151,43,368,235,340,85,114,169,208,142,374,292,60
42,55,132,167,72,137,55,142,105,193,136,120,48,182,63,65,152,165,181,159,182,60,46,183,138,86,145,139,134,57,139,59,147,181,95,57,104,132,126,156,112,194,,92,72,201,103,107,163,146,70,138,164,202,102,139,113,162,84,66,181,71,151,122,77,63,165,165,182,105,146,105,98,67,95,75,177,94,70,162,51,163,131,148,79,82,101,129,155,56,107,173,111,163,65,121,107,123,110,81,73,61,86,137,102,96,112,86,166,165,183,98,59,199,64,52,114,97,218,113,110,82,47,172,22,176,150,210,75,79,82,157,82,197,154,47
43,33,269,334,116,189,149,80,81,326,198,341,39,118,52,110,178,133,364,82,158,33,85,310,46,125,302,305,306,162,128,173,117,199,59,99,77,96,151,127,170,81,92,,142,214,126,64,295,186,113,106,89,181,162,279,36,220,100,131,254,109,93,52,198,177,137,131,222,309,319,56,90,219,227,84,256,95,150,203,168,145,95,340,227,209,94,234,209,89,146,334,73,34,137,344,134,237,176,217,201,47,206,293,249,51,167,44,117,124,164,116,218,249,99,84,299,291,256,262,199,129,123,309,27,142,162,289,129,241,41,246,126,227,162,51
44,43,129,144,56,116,68,71,76,168,112,137,27,106,44,66,93,92,176,78,102,72,45,163,58,76,147,133,145,72,84,78,93,109,67,46,64,64,84,110,70,113,72,142,,136,87,51,140,108,99,80,84,121,115,125,48,134,61,58,119,78,71,52,67,68,113,91,128,134,126,56,67,89,118,33,155,50,62,117,77,107,98,152,106,107,52,123,123,81,82,160,49,66,92,134,97,117,87,98,83,54,93,147,111,51,102,58,95,98,108,65,98,157,35,43,151,126,137,106,128,58,52,143,23,102,92,144,76,129,49,127,77,130,92,47
45,73,297,368,165,287,108,257,182,430,290,281,51,348,149,169,260,286,399,329,365,98,130,384,259,178,339,291,300,145,255,154,299,393,152,102,233,286,231,284,199,357,201,214,136,,197,122,372,327,145,256,269,456,167,304,203,320,176,160,397,131,284,224,171,139,378,373,310,300,287,174,216,175,196,124,397,169,165,344,131,344,204,343,186,197,163,294,365,93,201,373,164,351,130,237,228,243,225,200,189,122,162,343,242,202,203,181,364,340,387,179,155,399,131,79,299,237,441,248,235,175,110,268,49,392,290,459,138,196,165,306,175,421,327,53
46,42,137,161,69,140,62,115,93,202,158,134,35,144,67,79,116,136,186,125,148,41,57,179,98,89,163,151,169,70,151,87,134,148,70,50,111,113,114,126,88,141,103,126,87,197,,75,166,145,79,119,116,178,101,146,85,162,91,91,177,83,114,101,81,71,140,139,157,144,158,85,86,89,128,54,202,86,80,147,65,141,95,175,94,106,74,151,173,55,94,188,82,120,73,128,121,132,110,111,97,55,94,174,118,78,115,76,152,143,161,88,93,188,72,40,154,134,181,116,121,71,60,152,27,149,129,181,74,107,63,153,99,171,140,33
47,57,83,105,49,88,36,81,70,121,83,75,33,106,41,40,96,98,112,95,102,36,37,112,87,48,95,87,95,50,92,48,91,109,58,59,74,78,76,94,74,109,107,64,51,122,75,,102,94,38,81,109,119,88,88,71,100,47,44,112,46,93,76,46,42,100,104,95,64,95,73,56,44,62,43,99,58,44,104,37,90,81,96,58,54,66,83,96,40,67,112,96,96,50,99,68,79,58,55,47,44,74,90,67,60,72,65,101,96,116,58,42,123,44,44,80,62,126,76,71,55,36,90,16,104,89,128,69,52,45,99,52,116,99,44
48,65,318,384,166,272,131,188,144,412,278,329,46,268,133,162,228,254,419,238,295,82,121,353,174,187,334,319,316,147,203,149,246,318,123,100,183,220,226,225,193,270,163,295,140,372,166,102,,291,136,212,207,347,175,309,145,299,167,180,376,132,236,178,195,164,308,310,293,309,321,148,196,187,215,117,379,152,169,294,144,281,155,369,209,240,142,303,328,89,189,384,126,236,132,285,212,255,230,226,200,99,184,350,263,154,200,145,261,268,298,168,177,360,136,81,334,260,400,260,242,167,132,294,43,328,266,399,133,238,134,292,169,366,291,54
49,63,217,271,134,241,88,212,139,328,232,225,41,248,122,132,223,206,289,222,276,70,111,295,177,138,250,232,227,130,197,129,201,295,124,86,171,208,195,223,158,240,146,186,108,327,145,94,291,,119,208,187,303,135,221,141,240,154,132,307,115,204,151,140,116,260,270,253,228,225,130,166,155,165,118,306,161,153,251,102,241,166,267,155,169,137,220,299,74,155,280,120,227,91,190,179,208,191,182,146,92,148,266,193,136,151,121,259,247,261,153,133,297,114,63,242,189,317,173,188,145,90,210,39,280,229,328,111,161,125,249,143,292,248,47
50,39,124,134,69,130,56,89,85,157,115,127,28,119,56,80,102,97,158,114,123,41,57,164,79,74,128,135,139,64,92,70,106,121,69,39,96,78,89,132,70,120,70,113,99,145,79,38,136,119,,98,98,136,96,135,75,141,76,55,134,74,93,72,68,65,132,113,129,126,128,62,66,81,94,50,165,74,81,126,70,116,99,144,91,101,77,139,132,62,98,155,62,98,83,109,100,123,101,94,88,59,81,148,101,72,112,75,116,101,122,59,79,169,46,40,153,112,143,100,123,77,55,122,23,111,102,156,62,103,63,129,73,137,112,34
51,56,180,217,103,188,56,180,131,241,187,178,37,226,113,107,163,187,225,212,229,64,90,219,176,130,197,189,160,68,155,73,222,226,108,56,160,196,159,187,125,228,138,106,80,256,119,81,212,208,98,,199,268,98,188,148,214,130,108,250,93,191,161,104,75,233,238,195,150,172,122,142,87,117,88,256,132,114,210,67,209,140,188,92,107,94,185,266,60,126,215,112,231,72,120,155,133,155,128,94,83,98,214,123,134,141,135,217,206,227,106,74,245,93,53,184,120,275,128,150,115,69,150,26,227,187,275,77,107,106,199,121,246,208,38
52,63,176,227,107,187,46,180,150,254,168,157,44,238,101,108,179,219,227,222,233,75,80,225,199,134,188,171,170,58,161,66,212,234,107,61,160,183,150,202,129,260,164,89,84,269,116,109,207,187,98,199,,281,107,188,208,260,105,91,240,90,204,191,86,57,237,254,200,143,157,160,138,65,99,79,250,114,98,230,57,214,153,186,82,102,102,180,219,61,130,225,124,257,83,114,162,131,141,114,85,97,86,201,123,155,139,152,231,215,247,115,60,294,87,65,164,107,288,135,158,113,54,140,30,243,194,276,76,99,121,200,106,273,229,45
53,75,275,351,173,272,95,257,182,388,270,256,50,354,161,164,245,288,374,337,364,101,121,357,272,182,303,264,261,113,239,127,311,379,160,94,233,282,214,277,177,371,202,181,121,456,178,119,347,303,136,268,281,,159,289,214,306,171,143,390,133,287,228,159,120,373,377,292,242,271,180,206,147,163,127,372,164,160,319,100,327,197,304,154,173,154,274,367,93,189,337,156,367,118,212,223,216,233,173,159,119,147,315,209,206,191,182,358,337,374,159,111,389,132,63,269,189,439,231,216,156,95,230,50,382,285,447,114,170,170,284,170,404,326,54
54,63,157,186,71,167,90,102,91,199,142,162,30,140,48,85,134,102,210,106,141,46,54,207,94,91,176,154,188,80,123,86,109,146,72,64,83,104,100,162,103,125,102,162,115,167,101,88,175,135,96,98,107,159,,159,77,171,80,74,167,101,110,64,87,84,129,125,165,143,164,57,87,93,136,54,167,70,82,153,87,118,125,179,116,115,88,168,139,68,115,190,98,90,102,185,109,164,112,120,106,50,136,177,118,62,131,63,130,111,139,84,107,208,55,50,197,149,171,129,175,75,64,196,27,133,126,176,106,167,53,185,71,154,116,55
55,52,299,392,156,221,132,154,145,350,223,343,53,211,106,163,210,214,405,204,238,66,103,326,153,181,302,319,303,143,178,159,217,263,102,103,165,174,171,196,190,207,139,279,125,304,146,88,309,221,135,188,188,289,159,,137,274,130,155,317,124,184,171,184,165,245,253,254,296,342,116,136,194,190,119,317,135,157,268,153,242,131,327,196,197,134,273,268,88,175,354,124,180,138,313,183,211,219,197,197,93,184,311,233,157,202,138,212,198,260,125,154,304,124,84,312,243,369,259,238,174,116,266,48,236,229,361,127,228,102,261,152,319,241,51
56,45,121,149,76,131,29,137,109,174,110,96,20,170,87,89,118,154,153,176,176,61,57,156,164,87,123,114,119,34,117,40,166,179,73,35,132,155,108,157,77,200,113,36,48,203,85,71,145,141,75,148,208,214,77,137,,217,89,77,183,73,165,143,52,30,183,203,137,88,105,106,114,39,55,51,173,89,79,162,28,166,106,122,42,68,84,128,152,38,83,159,86,205,42,58,120,86,102,70,59,76,50,136,74,129,98,118,175,167,185,83,24,216,73,26,115,62,214,91,112,84,40,81,24,204,139,196,49,64,98,140,75,194,155,27
57,69,252,315,135,248,100,178,157,355,230,261,41,242,110,141,208,220,325,221,255,74,95,325,186,156,300,264,280,124,212,138,227,276,111,87,172,204,180,227,163,242,162,220,134,320,162,100,299,240,141,214,260,306,171,274,217,,152,151,318,124,217,170,151,118,258,267,248,259,252,132,167,156,194,92,325,136,151,284,129,245,166,300,169,181,128,263,268,92,164,340,122,221,122,224,198,236,196,198,155,102,171,309,225,153,197,146,254,240,285,150,166,370,125,74,271,226,337,209,226,143,96,258,38,267,230,335,146,196,118,275,142,306,236,59
58,32,135,159,81,141,52,123,101,190,141,139,35,149,81,91,112,134,169,136,161,47,81,161,104,99,165,139,133,71,120,69,131,173,79,47,124,125,127,115,85,141,84,100,61,176,91,47,167,154,76,130,105,171,80,130,89,152,,109,172,78,121,110,83,64,156,162,144,139,125,82,106,78,100,60,191,105,95,153,71,151,92,161,90,111,72,151,163,47,87,167,63,137,54,92,123,120,118,112,95,57,72,174,115,84,90,90,143,150,142,89,74,163,72,31,150,110,177,97,120,87,59,113,24,169,130,183,68,103,84,140,86,162,140,30
59,31,153,175,82,130,65,86,73,176,129,162,31,107,66,80,98,113,178,103,127,35,61,154,81,100,159,162,152,81,105,78,102,147,56,58,83,114,113,96,98,101,66,131,58,160,91,44,180,132,55,108,91,143,74,155,77,151,109,,176,69,111,96,98,76,121,134,138,152,155,71,104,105,110,51,175,87,103,143,76,121,67,170,98,125,62,151,147,43,85,176,58,90,60,122,108,119,125,131,98,50,88,167,120,70,100,71,112,114,133,86,91,151,83,33,152,131,163,114,121,84,70,133,27,150,136,173,76,118,50,151,76,149,121,30
60,67,288,367,174,275,121,229,160,388,278,308,45,285,135,157,253,246,391,277,311,80,116,380,237,187,325,305,305,156,229,154,257,360,129,111,194,260,222,265,209,276,181,254,119,397,177,112,376,307,134,250,240,390,167,317,183,318,172,176,,139,307,194,179,151,309,336,297,292,326,137,193,204,202,127,382,172,189,319,135,297,177,350,193,227,154,299,346,80,201,376,156,267,111,275,207,246,243,209,196,96,183,334,251,175,197,149,304,289,347,176,163,377,150,78,307,247,417,264,230,176,121,276,42,334,297,435,141,218,127,309,168,374,300,53
61,35,131,141,65,119,66,75,74,161,109,115,25,119,50,86,91,112,156,102,108,48,60,148,81,81,114,113,127,58,95,66,95,133,59,40,88,99,113,123,61,117,71,109,78,131,83,46,132,115,74,93,90,133,101,124,73,124,78,69,139,,98,74,53,59,112,115,124,107,118,69,95,77,90,36,152,63,64,117,57,114,72,141,80,94,65,128,121,47,64,140,56,96,70,103,107,108,90,84,75,53,77,129,99,64,94,62,102,108,105,74,69,145,53,40,144,103,153,101,133,68,61,117,23,129,94,146,60,107,56,127,82,136,101,34
62,59,182,212,113,197,67,172,128,248,169,152,32,232,111,104,162,186,227,238,223,70,84,249,215,127,189,175,181,64,162,70,198,262,104,60,164,217,146,204,129,245,151,93,71,284,114,93,236,204,93,191,204,287,110,184,165,217,121,111,307,98,,178,96,73,234,265,197,145,176,116,153,85,103,82,259,123,106,226,54,215,141,191,87,117,98,190,226,56,144,226,123,250,65,118,144,133,155,109,90,85,100,200,134,147,137,137,240,216,261,116,60,268,96,39,183,112,282,141,144,104,73,150,31,259,233,295,82,116,114,207,100,259,211,36
63,40,143,182,92,154,23,142,118,198,139,128,38,192,105,95,126,185,186,193,187,63,79,159,170,121,152,132,124,33,127,53,177,190,94,37,147,159,122,148,100,233,122,52,52,224,101,76,178,151,72,161,191,228,64,171,143,170,110,96,194,74,178,,72,45,217,222,152,124,128,134,125,40,65,66,226,105,82,164,32,193,111,153,48,84,73,155,194,45,98,178,98,221,52,65,131,85,121,82,63,84,47,168,95,132,104,146,185,183,198,83,29,195,80,37,141,75,239,104,126,89,46,84,27,218,166,226,50,77,114,142,97,230,180,29
64,32,173,229,98,131,91,90,70,205,140,218,28,107,55,73,136,117,223,93,139,33,64,205,62,98,187,205,174,98,96,95,101,155,59,69,74,87,114,99,116,90,77,198,67,171,81,46,195,140,68,104,86,159,87,184,52,151,83,98,179,53,96,72,,127,107,119,155,195,210,54,67,127,129,91,168,85,108,155,98,109,83,202,135,125,72,160,161,53,99,208,68,71,76,201,88,152,132,139,124,37,120,185,145,59,112,54,99,99,132,81,109,164,68,54,178,162,194,161,110,92,86,177,23,119,133,213,75,127,38,163,88,162,128,34
65,26,157,187,75,97,81,68,53,169,116,171,22,73,41,60,111,82,190,70,105,30,54,155,42,72,154,159,145,93,80,95,81,123,43,72,64,63,91,81,103,59,63,177,68,139,71,42,164,116,65,75,57,120,84,165,30,118,64,76,151,59,73,45,127,,96,98,134,156,170,35,56,121,112,60,139,63,88,122,92,104,63,171,138,118,72,130,131,62,97,167,49,41,67,176,82,129,116,109,113,37,111,151,129,48,96,32,81,81,111,68,101,126,61,49,155,139,165,167,106,85,79,166,27,100,113,180,74,114,31,139,82,140,110,34
66,61,241,305,140,259,77,231,150,359,242,225,39,309,150,152,213,261,360,291,333,96,123,290,220,165,267,219,213,110,200,112,262,305,144,78,226,221,197,235,155,352,165,137,113,378,140,100,308,260,132,233,237,373,129,245,183,258,156,121,309,112,234,217,107,96,,338,257,219,212,184,196,125,144,113,345,150,123,267,93,340,177,271,140,156,144,239,315,82,175,286,133,330,104,160,216,186,194,152,145,117,119,287,181,184,160,164,311,305,311,150,97,325,109,65,242,166,394,207,207,154,88,184,42,356,245,366,111,151,167,227,151,387,308,42
67,60,243,306,137,241,81,230,155,348,232,216,33,296,154,158,208,250,322,295,307,96,111,288,245,164,251,216,211,88,199,89,281,328,131,73,225,269,207,249,156,338,165,131,91,373,139,104,310,270,113,238,254,377,125,253,203,267,162,134,336,115,265,222,119,98,338,,259,199,215,169,205,116,121,110,329,153,138,278,75,301,160,253,125,147,134,238,308,60,145,304,139,342,77,160,203,159,193,139,125,106,106,264,169,193,141,174,291,302,319,145,73,317,135,50,239,144,400,195,199,163,84,173,42,373,255,370,97,139,165,240,147,365,303,42
68,64,261,309,131,257,105,203,140,346,242,263,44,276,117,130,231,218,333,213,259,86,95,324,170,166,281,269,262,116,199,112,204,268,134,90,152,205,187,237,170,245,182,222,128,310,157,95,293,253,129,195,200,292,165,254,137,248,144,138,297,124,197,152,155,134,257,259,,241,259,135,156,149,194,110,311,144,149,262,125,232,184,282,182,174,142,273,280,86,186,306,127,215,145,228,179,223,203,184,155,90,162,278,190,128,194,120,243,216,251,136,142,312,107,70,262,198,337,219,223,130,115,281,43,260,241,343,120,209,118,281,141,297,252,57
69,42,282,349,131,234,126,139,114,354,241,329,50,178,93,146,198,189,372,140,224,52,122,315,100,159,322,299,289,162,163,171,175,239,88,103,126,147,171,153,174,157,105,309,134,300,144,64,309,228,126,150,143,242,143,296,88,259,139,152,292,107,145,124,195,156,219,199,241,,307,98,135,216,235,103,309,132,160,250,173,218,116,348,210,224,111,264,270,87,165,350,87,121,135,294,169,243,202,237,202,77,186,315,260,103,177,94,183,183,222,139,209,290,122,83,299,278,311,257,209,161,130,274,34,217,192,310,127,230,85,257,152,286,223,49
70,55,297,381,154,222,151,151,126,349,229,352,52,188,85,145,219,193,401,171,231,54,106,343,119,163,311,326,326,157,182,170,189,261,89,107,146,169,166,192,198,162,146,319,126,287,158,95,321,225,128,172,157,271,164,342,105,252,125,155,326,118,176,128,210,170,212,215,259,307,,98,124,224,219,109,301,135,162,251,156,217,126,350,208,218,131,266,260,83,178,363,118,131,130,341,164,235,225,200,210,72,202,304,244,126,194,108,194,182,235,135,183,297,136,92,334,271,348,273,221,156,135,311,39,223,228,360,126,240,76,273,154,296,224,48
71,39,124,160,79,129,26,112,88,187,125,107,37,172,99,82,112,193,177,144,154,54,68,133,120,87,122,103,98,41,113,53,136,142,81,38,122,121,100,112,72,196,105,56,56,174,85,73,148,130,62,122,160,180,57,116,106,132,82,71,137,69,116,134,54,35,184,169,135,98,98,,124,41,74,49,165,72,58,129,38,168,92,129,54,72,67,111,148,45,71,142,76,180,53,66,122,88,97,69,55,81,51,132,93,101,84,103,143,153,153,66,37,163,60,38,106,75,208,94,107,75,45,87,20,183,127,174,46,67,100,115,93,198,175,32
72,39,156,178,86,149,57,121,90,222,152,138,29,180,105,94,120,167,204,151,185,56,71,171,129,111,161,134,132,66,135,68,154,194,91,45,125,162,144,148,88,192,98,90,67,216,86,56,196,166,66,142,138,206,87,136,114,167,106,104,193,95,153,125,67,56,196,205,156,135,124,124,,83,95,51,205,99,90,163,58,180,96,168,81,114,78,144,188,50,92,170,76,186,66,90,138,117,131,103,85,67,74,175,118,105,99,96,169,179,175,99,67,198,74,33,152,105,225,115,145,86,53,117,30,222,158,205,70,116,97,145,93,210,173,27
73,28,182,215,95,131,108,77,56,215,148,215,32,80,45,90,136,95,245,73,120,28,70,205,42,75,197,185,187,138,111,133,102,158,51,84,67,82,113,89,125,65,67,219,89,175,89,44,187,155,81,87,65,147,93,194,39,156,78,105,204,77,85,40,127,121,125,116,149,216,224,41,83,,157,72,178,89,115,158,124,146,64,220,161,157,78,158,156,72,104,210,60,40,97,221,101,157,129,143,146,38,137,188,183,47,109,31,107,104,139,90,141,178,84,59,194,192,194,183,133,100,90,188,36,126,118,202,99,154,33,158,106,180,138,32
74,47,186,237,82,175,97,96,92,253,195,233,37,136,63,91,152,133,257,94,139,37,84,240,65,111,246,219,235,115,126,129,124,164,78,80,82,96,129,126,128,108,95,227,118,196,128,62,215,165,94,117,99,163,136,190,55,194,100,110,202,90,103,65,129,112,144,121,194,235,219,74,95,157,,66,266,95,106,182,130,149,112,262,163,164,79,199,186,78,124,260,66,71,106,217,137,210,137,190,139,58,155,239,195,62,158,64,147,122,154,96,182,238,78,60,214,206,194,170,170,99,94,224,25,129,142,216,107,176,53,204,113,193,156,51
75,30,94,120,73,108,59,103,66,123,87,116,24,101,48,63,131,86,133,98,126,28,48,128,69,63,109,104,89,57,86,60,83,118,62,52,76,85,78,101,101,88,75,84,33,124,54,43,117,118,50,88,79,127,54,119,51,92,60,51,127,36,82,66,91,60,113,110,110,103,109,49,51,72,66,,115,71,79,115,59,96,92,106,72,67,75,100,114,30,73,114,71,89,40,106,63,102,106,77,74,30,73,108,81,61,73,50,100,75,106,61,44,121,47,40,98,74,144,97,68,87,49,92,16,99,107,147,47,68,51,115,60,129,111,23
76,68,298,371,160,304,112,218,180,430,307,327,56,307,140,164,244,265,407,280,320,92,142,379,217,208,365,327,326,135,228,159,278,342,148,93,224,247,233,262,186,313,177,256,155,397,202,99,379,306,165,256,250,372,167,317,173,325,191,175,382,152,259,226,168,139,345,329,311,309,301,165,205,178,266,115,,191,180,324,145,311,195,374,202,234,139,333,371,107,206,404,137,290,136,253,242,265,243,241,174,122,177,395,270,176,230,183,315,297,336,178,198,402,133,83,335,260,411,252,259,163,114,287,45,347,282,426,137,225,151,312,188,389,303,57
77,33,126,157,73,145,47,129,84,169,135,140,28,137,70,77,129,113,156,134,157,30,77,155,106,102,150,149,122,72,110,60,121,164,72,48,113,129,126,131,100,136,94,95,50,169,86,58,152,161,74,132,114,164,70,135,89,136,105,87,172,63,123,105,85,63,150,153,144,132,135,72,99,89,95,71,191,,102,152,66,149,94,134,80,105,70,138,174,45,98,149,69,137,50,107,112,109,121,111,83,50,81,160,98,77,102,84,147,136,154,83,73,168,75,37,140,101,177,105,101,87,55,110,22,161,139,183,66,91,78,141,81,174,152,24
78,32,142,172,88,133,69,103,85,192,127,178,25,111,61,72,107,95,172,109,137,30,68,177,87,103,155,169,160,98,106,84,106,157,61,60,87,111,99,120,99,104,70,150,62,165,80,44,169,153,81,114,98,160,82,157,79,151,95,103,189,64,106,82,108,88,123,138,149,160,162,58,90,115,106,79,180,102,,163,93,114,85,175,110,116,70,157,161,48,98,179,63,94,55,142,94,125,141,128,111,45,103,190,126,73,110,75,126,116,133,84,100,173,83,40,166,145,169,127,110,90,78,148,28,147,142,202,73,131,54,161,83,151,122,32
79,71,254,312,145,260,109,202,181,341,239,266,39,265,118,135,221,211,320,235,258,76,116,353,201,176,290,271,267,126,213,129,231,302,129,96,170,213,181,225,187,255,162,203,117,344,147,104,294,251,126,210,230,319,153,268,162,284,153,143,319,117,226,164,155,122,267,278,262,250,251,129,163,158,182,115,324,152,163,,191,255,182,300,218,186,136,257,281,86,178,325,138,230,112,219,184,221,201,199,162,100,159,296,215,161,206,146,272,248,296,140,152,334,121,70,253,211,340,203,203,142,99,241,38,282,249,355,128,182,121,271,141,317,255,58
80,29,142,169,67,118,82,54,63,169,110,176,28,82,40,70,112,71,178,46,88,20,65,188,31,74,161,157,157,96,91,107,63,112,50,61,44,52,75,70,104,59,51,168,77,131,65,37,144,102,70,67,57,100,87,153,28,129,71,76,135,57,54,32,98,92,93,75,125,173,156,38,58,124,130,59,145,66,93,191,,93,73,182,168,134,57,141,112,60,88,170,47,27,81,162,78,142,101,129,124,35,114,160,142,34,101,36,76,76,99,70,125,140,58,55,156,159,132,126,111,78,73,159,19,84,104,142,86,131,31,132,73,125,98,35
81,59,230,294,138,228,80,208,144,345,233,213,35,272,145,149,216,246,347,255,290,93,109,265,200,142,247,211,202,113,195,118,245,287,129,86,205,209,189,215,154,324,163,145,107,344,141,90,281,241,116,209,214,327,118,242,166,245,151,121,297,114,215,193,109,104,340,301,232,218,217,168,180,146,149,96,311,149,114,255,93,,166,270,136,158,137,212,283,78,152,278,125,285,94,164,200,174,176,151,143,116,113,260,182,171,149,146,272,281,285,146,110,301,122,60,212,164,384,196,189,152,84,180,45,342,221,333,106,137,149,220,160,372,291,45
82,67,127,167,83,182,61,178,133,206,145,136,29,214,74,77,195,141,180,164,213,58,64,215,139,100,161,140,148,61,141,70,141,188,117,51,117,129,115,188,109,207,131,95,98,204,95,81,155,166,99,140,153,197,125,131,106,166,92,67,177,72,141,111,83,63,177,160,184,116,126,92,96,64,112,92,195,94,85,182,73,166,,162,93,96,109,151,182,83,123,171,117,168,81,118,117,172,124,109,84,81,99,165,107,96,133,103,184,144,182,93,71,217,58,50,142,113,208,101,125,82,56,129,21,169,150,208,78,101,104,183,86,185,162,58
83,60,311,400,161,251,138,168,147,434,267,366,55,230,113,158,234,235,434,200,260,68,122,379,146,183,377,336,345,161,199,190,226,294,111,107,168,177,206,205,201,228,148,340,152,343,175,96,369,267,144,188,186,304,179,327,122,300,161,170,350,141,191,153,202,171,271,253,282,348,350,129,168,220,262,106,374,134,175,300,182,270,162,,241,252,135,310,317,105,198,438,123,181,147,333,215,292,224,248,217,94,209,370,286,131,208,127,234,245,270,158,228,354,139,100,355,322,380,279,254,168,138,317,42,277,247,386,145,264,107,287,181,347,256,56
84,35,199,239,95,160,107,78,72,235,147,222,28,121,49,82,148,111,256,88,139,44,72,250,51,101,207,201,203,125,121,127,96,169,60,82,78,87,106,102,119,95,79,227,106,186,94,58,209,155,91,92,82,154,116,196,42,169,90,98,193,80,87,48,135,138,140,125,182,210,208,54,81,161,163,72,202,80,110,218,168,136,93,241,,167,83,183,163,86,118,231,60,60,124,226,116,174,138,156,145,55,151,211,179,55,126,45,117,120,138,88,162,193,75,60,191,199,202,178,155,91,90,209,32,133,133,216,105,164,49,181,104,187,144,45
85,41,210,231,114,166,103,88,88,253,168,212,34,128,75,97,142,127,254,113,159,48,79,230,85,113,220,208,205,127,129,123,117,188,75,73,93,118,128,125,117,121,82,209,107,197,106,54,240,169,101,107,102,173,115,197,68,181,111,125,227,94,117,84,125,118,156,147,174,224,218,72,114,157,164,67,234,105,116,186,134,158,96,252,167,,84,193,179,79,130,246,66,89,96,201,129,186,153,162,147,64,136,220,191,70,133,65,128,147,152,104,151,214,86,60,214,201,214,180,162,108,100,210,34,163,165,227,107,183,54,186,118,197,144,43
86,45,114,139,79,125,67,117,76,160,112,110,22,134,68,76,137,99,153,128,150,46,45,154,96,78,129,118,115,71,118,74,112,143,71,57,86,102,99,128,94,122,101,94,52,163,74,66,142,137,77,94,102,154,88,134,84,128,72,62,154,65,98,73,72,72,144,134,142,111,131,67,78,78,79,75,139,70,70,136,57,137,109,135,83,84,,122,128,35,95,143,86,112,57,123,88,121,100,78,95,41,83,120,99,83,91,59,130,112,145,74,54,152,64,40,125,103,163,99,100,93,54,128,24,140,115,166,71,85,62,143,69,148,128,33
87,56,273,307,138,239,123,168,138,335,228,284,46,233,106,141,195,196,339,213,244,72,113,320,151,169,284,279,287,122,175,135,204,252,112,88,152,183,181,209,163,211,129,234,123,294,151,83,303,220,139,185,180,274,168,273,128,263,151,151,299,128,190,155,160,130,239,238,273,264,266,111,144,158,199,100,333,138,157,257,141,212,151,310,183,193,122,,280,91,180,317,112,185,138,238,186,234,218,200,168,88,168,326,217,132,197,131,215,204,248,125,166,312,114,68,311,224,308,213,228,137,118,262,42,238,227,331,123,232,105,284,147,284,230,52
88,61,273,334,144,268,99,229,152,374,271,278,44,291,129,139,232,247,353,266,313,79,126,325,203,180,311,278,254,114,200,117,271,322,136,89,194,235,219,247,172,289,155,209,123,365,173,96,328,299,132,266,219,367,139,268,152,268,163,147,346,121,226,194,161,131,315,308,280,270,260,148,188,156,186,114,371,174,161,281,112,283,182,317,163,179,128,280,,89,191,322,141,282,112,227,208,215,217,203,159,103,160,322,200,150,180,157,296,278,309,159,151,343,122,70,273,206,385,229,209,153,103,235,37,321,264,403,109,178,141,270,164,355,293,47
89,39,88,101,45,80,37,46,75,112,73,88,21,86,26,45,69,74,117,56,68,39,38,107,46,54,101,89,91,49,73,58,66,76,62,32,46,46,52,67,52,97,56,89,81,93,55,40,89,74,62,60,61,93,68,88,38,92,47,43,80,47,56,45,53,62,82,60,86,87,83,45,50,72,78,30,107,45,48,86,60,78,83,105,86,79,35,91,89,,62,102,41,51,89,91,77,80,71,70,55,62,66,100,84,32,74,53,68,76,77,39,67,104,28,33,87,84,99,86,83,42,39,88,34,67,70,104,60,74,35,78,58,93,74,47
90,46,168,203,106,163,80,122,104,213,151,174,32,162,75,81,153,121,209,154,175,46,72,213,119,105,184,171,177,89,137,85,140,186,80,64,108,119,111,150,129,143,107,146,82,201,94,67,189,155,98,126,130,189,115,175,83,164,87,85,201,64,144,98,99,97,175,145,186,165,178,71,92,104,124,73,206,98,98,178,88,152,123,198,118,130,95,180,191,62,,204,99,125,86,158,109,143,143,122,118,66,120,187,139,90,165,80,172,148,173,89,101,201,66,57,162,135,201,140,132,92,73,173,25,147,174,232,91,131,68,177,89,192,148,42
91,71,328,409,170,276,141,189,169,445,284,369,52,261,121,172,239,239,430,229,286,80,120,397,182,196,388,353,363,165,215,185,254,324,121,109,194,215,207,235,209,250,173,334,160,373,188,112,384,280,155,215,225,337,190,354,159,340,167,176,376,140,226,178,208,167,286,304,306,350,363,142,170,210,260,114,404,149,179,325,170,278,171,438,231,246,143,317,322,102,204,,140,216,155,326,226,293,237,253,212,109,217,381,286,165,228,151,262,266,308,168,224,391,143,90,349,314,399,287,276,169,131,331,43,297,271,421,153,249,121,313,169,360,275,61
92,52,104,132,72,115,41,116,92,155,108,102,29,137,62,61,121,115,143,135,146,43,41,153,113,71,121,117,118,49,105,58,111,141,72,53,96,104,93,131,91,138,111,73,49,164,82,96,126,120,62,112,124,156,98,124,86,122,63,58,156,56,123,98,68,49,133,139,127,87,118,76,76,60,66,71,137,69,63,138,47,125,117,123,60,66,86,112,141,41,99,140,,142,60,109,77,110,90,69,65,49,81,120,84,79,100,79,144,116,142,66,44,162,54,66,112,74,172,102,92,72,39,108,23,129,122,178,74,70,66,131,66,147,132,40
93,57,184,230,110,210,28,234,147,296,196,131,28,321,149,132,180,254,249,309,312,95,91,231,253,135,189,147,142,33,183,45,256,291,133,40,221,247,171,238,106,360,163,34,66,351,120,96,236,227,98,231,257,367,90,180,205,221,137,90,267,96,250,221,71,41,330,342,215,121,131,180,186,40,71,89,290,137,94,230,27,285,168,181,60,89,112,185,282,51,125,216,142,,62,65,189,119,160,89,67,109,57,204,101,188,118,177,306,296,310,116,24,294,95,35,161,70,367,129,164,119,50,105,42,352,229,330,62,81,174,193,123,335,284,30
94,40,135,154,61,116,68,53,67,157,98,147,30,139,39,64,92,95,177,69,97,39,45,157,51,84,132,141,143,67,85,75,73,107,58,47,53,55,74,96,70,96,65,137,92,130,73,50,132,91,83,72,83,118,102,138,42,122,54,60,111,70,65,52,76,67,104,77,145,135,130,53,66,97,106,40,136,50,55,112,81,94,81,147,124,96,57,138,112,89,86,155,60,62,,154,91,121,98,94,86,53,100,143,101,38,102,52,85,88,103,64,92,152,40,46,136,115,135,120,120,47,56,147,43,86,92,142,71,123,41,129,72,126,97,46
95,59,275,363,123,202,157,111,93,319,201,352,45,143,51,110,204,153,394,109,179,42,82,317,72,134,290,305,292,164,141,159,138,216,75,116,88,111,149,149,183,105,121,344,134,237,128,99,285,190,109,120,114,212,185,313,58,224,92,122,275,103,118,65,201,176,160,160,228,294,341,66,90,221,217,106,253,107,142,219,162,164,118,333,226,201,123,238,227,91,158,326,109,65,154,,131,239,185,198,198,48,226,283,231,64,178,55,141,136,181,122,197,263,100,94,294,271,301,275,202,137,124,320,31,162,175,304,140,231,43,255,129,250,187,66
96,41,203,237,87,168,61,135,107,246,179,170,30,187,92,118,145,177,237,157,197,66,86,210,128,123,201,169,174,77,145,86,177,205,88,50,146,156,145,155,111,204,107,134,97,228,121,68,212,179,100,155,162,223,109,183,120,198,123,108,207,107,144,131,88,82,216,203,179,169,164,122,138,101,137,63,242,112,94,184,78,200,117,215,116,129,88,186,208,77,109,226,77,189,91,131,,159,142,138,100,108,98,210,149,123,135,112,190,182,204,108,97,237,78,45,182,144,249,140,196,105,71,147,36,213,163,236,82,131,103,176,115,233,193,42
97,56,214,257,102,220,116,158,115,306,213,248,43,193,79,115,214,151,293,141,219,47,85,288,100,124,264,228,264,117,163,132,141,215,97,81,118,132,159,186,146,151,123,237,117,243,132,79,255,208,123,133,131,216,164,211,86,236,120,119,246,108,133,85,152,129,186,159,223,243,235,88,117,157,210,102,265,109,125,221,142,174,172,292,174,186,121,234,215,80,143,293,110,119,121,239,159,,184,211,162,65,177,276,211,83,182,82,179,151,204,129,189,279,84,72,247,242,251,188,197,124,101,255,27,175,183,268,119,193,84,248,115,218,183,49
98,42,231,251,124,194,102,146,116,254,180,226,33,186,97,110,162,168,279,167,223,57,82,236,125,149,210,209,194,96,146,94,162,217,93,76,135,162,126,178,134,170,110,176,87,225,110,58,230,191,101,155,141,233,112,219,102,196,118,125,243,90,155,121,132,116,194,193,203,202,225,97,131,129,137,106,243,121,141,201,101,176,124,224,138,153,100,218,217,71,143,237,90,160,98,185,142,184,,165,140,74,141,231,156,108,156,99,173,165,198,108,106,242,93,57,220,148,260,178,182,116,95,194,41,194,205,277,88,166,101,219,118,216,183,37
99,40,194,234,93,193,88,107,93,260,193,232,38,139,75,101,150,118,245,108,160,36,94,226,74,131,237,218,215,124,127,119,126,189,81,74,101,114,143,129,134,117,81,217,98,200,111,55,226,182,94,128,114,173,120,197,70,198,112,131,209,84,109,82,139,109,152,139,184,237,200,69,103,143,190,77,241,111,128,199,129,151,109,248,156,162,78,200,203,70,122,253,69,89,94,198,138,211,165,,144,59,144,245,190,72,151,72,156,137,156,118,176,228,81,57,208,206,199,164,155,110,88,204,26,152,155,224,105,166,56,210,103,193,156,43
100,29,186,213,95,131,109,90,71,217,141,207,26,109,67,98,132,113,236,98,153,32,75,205,62,88,185,186,195,122,118,122,107,157,54,75,87,97,117,102,123,92,73,201,83,189,97,47,200,146,88,94,85,159,106,197,59,155,95,98,196,75,90,63,124,113,145,125,155,202,210,55,85,146,139,74,174,83,111,162,124,143,84,217,145,147,95,168,159,55,118,212,65,67,86,198,100,162,140,144,,49,135,195,171,74,119,60,118,114,149,99,122,180,94,63,209,187,185,172,135,105,95,183,26,132,136,208,88,158,54,164,108,175,141,34
101,40,123,126,55,89,20,71,84,116,78,70,20,114,51,75,78,102,120,92,97,42,51,103,86,69,94,84,84,31,72,45,99,99,61,28,81,82,57,84,51,135,61,47,54,122,55,44,99,92,59,83,97,119,50,93,76,102,57,50,96,53,85,84,37,37,117,106,90,77,72,81,67,38,58,30,122,50,45,100,35,116,81,94,55,64,41,88,103,62,66,109,49,109,53,48,108,65,74,59,49,,43,101,74,78,70,95,102,100,101,52,37,115,44,31,86,55,127,70,106,52,37,63,24,112,87,120,42,49,67,77,66,120,92,43
102,49,177,209,81,137,106,88,75,219,137,201,27,108,44,74,137,90,221,83,134,30,56,207,64,93,196,178,205,113,118,106,97,147,59,83,67,88,96,120,122,88,86,206,93,162,94,74,184,148,81,98,86,147,136,184,50,171,72,88,183,77,100,47,120,111,119,106,162,186,202,51,74,137,155,73,177,81,103,159,114,113,99,209,151,136,83,168,160,66,120,217,81,57,100,226,98,177,141,144,135,43,,208,156,53,137,43,118,102,143,85,141,199,69,57,195,181,178,165,152,88,88,239,23,109,157,202,106,158,36,192,92,168,127,51
103,58,288,363,148,264,119,178,155,415,266,338,44,247,118,147,217,230,395,227,276,70,130,358,162,198,355,332,346,146,205,161,225,298,120,98,185,204,200,225,186,238,137,293,147,343,174,90,350,266,148,214,201,315,177,311,136,309,174,167,334,129,200,168,185,151,287,264,278,315,304,132,175,188,239,108,395,160,190,296,160,260,165,370,211,220,120,326,322,100,187,381,120,204,143,283,210,276,231,245,195,101,208,,258,140,217,145,253,241,290,162,214,364,124,80,333,281,361,251,255,152,118,309,40,277,249,382,146,242,113,302,160,339,262,51
104,46,218,277,119,174,109,100,97,288,190,245,41,146,76,117,167,158,296,123,176,52,97,269,91,117,258,241,241,139,154,182,147,196,77,89,110,116,147,126,150,138,102,249,111,242,118,67,263,193,101,123,123,209,118,233,74,225,115,120,251,99,134,95,145,129,181,169,190,260,244,93,118,183,195,81,270,98,126,215,142,182,107,286,179,191,99,217,200,84,139,286,84,101,101,231,149,211,156,190,171,74,156,258,,90,153,81,160,158,193,122,169,244,94,77,237,225,247,194,171,128,99,228,32,174,172,269,119,189,67,196,126,239,179,48
105,36,125,159,90,119,36,139,116,177,119,100,21,165,88,94,112,140,153,173,173,56,67,150,144,90,139,116,121,46,114,49,197,166,79,40,148,136,95,131,81,182,96,51,51,202,78,60,154,136,72,134,155,206,62,157,129,153,84,70,175,64,147,132,59,48,184,193,128,103,126,101,105,47,62,61,176,77,73,161,34,171,96,131,55,70,83,132,150,32,90,165,79,188,38,64,123,83,108,72,74,78,53,140,90,,114,124,164,152,185,72,33,183,79,29,124,72,208,87,109,92,47,86,28,185,147,200,51,69,94,129,85,193,159,20
106,52,170,214,96,171,86,122,137,224,162,189,36,169,63,98,146,133,222,143,166,44,76,227,112,116,202,194,206,94,136,79,147,190,92,61,113,116,116,162,121,144,112,167,102,203,115,72,200,151,112,141,139,191,131,202,98,197,90,100,197,94,137,104,112,96,160,141,194,177,194,84,99,109,158,73,230,102,110,206,101,149,133,208,126,133,91,197,180,74,165,228,100,118,102,178,135,182,156,151,119,70,137,217,153,114,,101,165,133,170,91,126,230,73,58,196,155,207,140,171,99,81,187,24,144,158,220,102,157,68,198,108,195,140,49
107,47,115,134,77,126,19,117,117,164,105,94,21,160,77,84,98,137,146,152,146,57,63,140,130,92,123,125,117,33,105,48,155,148,85,32,135,134,86,126,66,186,86,44,58,181,76,65,145,121,75,135,152,182,63,138,118,146,90,71,149,62,137,146,54,32,164,174,120,94,108,103,96,31,64,50,183,84,75,146,36,146,103,127,45,65,59,131,157,53,80,151,79,177,52,55,112,82,99,72,60,95,43,145,81,124,101,,156,148,158,68,32,160,70,37,123,66,186,78,102,69,42,72,21,167,130,183,51,66,91,115,81,171,141,39
108,63,199,249,121,243,65,226,156,315,228,187,40,299,126,128,207,224,272,285,296,70,87,285,233,144,246,203,209,91,207,95,240,329,136,69,194,232,184,253,145,293,166,117,95,364,152,101,261,259,116,217,231,358,130,212,175,254,143,112,304,102,240,185,99,81,311,291,243,183,194,143,169,107,147,100,315,147,126,272,76,272,184,234,117,128,130,215,296,68,172,262,144,306,85,141,190,179,173,156,118,102,118,253,160,164,165,156,,277,316,137,107,323,101,53,209,152,332,162,181,121,69,177,35,302,247,358,107,136,146,240,129,318,263,47
109,57,207,261,131,204,67,190,136,332,211,185,33,272,132,138,163,224,293,256,280,96,92,251,209,141,229,196,190,95,191,89,228,297,121,62,190,223,184,210,127,310,165,124,98,340,143,96,268,247,101,206,215,337,111,198,167,240,150,114,289,108,216,183,99,81,305,302,216,183,182,153,179,104,122,75,297,136,116,248,76,281,144,245,120,147,112,204,278,76,148,266,116,296,88,136,182,151,165,137,114,100,102,241,158,152,133,148,277,,293,153,99,301,114,49,192,142,347,175,171,118,73,174,44,350,232,328,98,121,138,210,135,332,259,44
110,63,234,298,136,235,95,224,154,353,243,224,37,292,128,147,227,241,323,300,304,85,104,317,243,168,282,241,243,102,215,118,263,333,126,90,193,252,198,256,175,304,183,164,108,387,161,116,298,261,122,227,247,374,139,260,185,285,142,133,347,105,261,198,132,111,311,319,251,222,235,153,175,139,154,106,336,154,133,296,99,285,182,270,138,152,145,248,309,77,173,308,142,310,103,181,204,204,198,156,149,101,143,290,193,185,170,158,316,293,,152,115,356,121,61,240,184,379,205,196,144,87,214,42,329,272,396,112,156,150,259,146,352,285,48
111,41,130,167,73,131,66,118,83,187,135,134,28,135,67,78,128,116,177,114,156,51,63,161,90,85,153,138,133,83,111,78,118,167,68,58,96,113,126,117,97,130,98,116,65,179,88,58,168,153,59,106,115,159,84,125,83,150,89,86,176,74,116,83,81,68,150,145,136,139,135,66,99,90,96,61,178,83,84,140,70,146,93,158,88,104,74,125,159,39,89,168,66,116,64,122,108,129,108,118,99,52,85,162,122,72,91,68,137,153,152,,89,168,71,46,142,120,183,122,106,88,64,131,24,174,126,179,76,97,65,144,81,168,133,33
112,27,160,189,66,141,91,61,59,222,151,196,32,84,30,61,120,78,209,54,105,20,65,198,26,83,214,183,202,113,95,118,80,135,43,66,52,57,98,82,106,56,59,218,98,155,93,42,177,133,79,74,60,111,107,154,24,166,74,91,163,69,60,29,109,101,97,73,142,209,183,37,67,141,182,44,198,73,100,152,125,110,71,228,162,151,54,166,151,67,101,224,44,24,92,197,97,189,106,176,122,37,141,214,169,33,126,32,107,99,115,89,,194,60,54,176,208,143,149,130,79,70,204,17,89,106,168,98,153,24,160,90,151,109,37
113,76,289,362,157,302,125,235,183,419,279,297,54,315,129,167,263,263,389,279,331,94,121,391,226,189,335,297,325,133,235,152,275,351,144,96,201,249,224,293,196,317,199,249,157,399,188,123,360,297,169,245,294,389,208,304,216,370,163,151,377,145,268,195,164,126,325,317,312,290,297,163,198,178,238,121,402,168,173,334,140,301,217,354,193,214,152,312,343,104,201,391,162,294,152,263,237,279,242,228,180,115,199,364,244,183,230,160,323,301,356,168,194,,133,85,319,257,408,251,278,163,113,309,42,331,283,420,146,229,146,334,167,382,305,63
114,22,119,141,73,95,57,76,69,156,94,117,19,96,62,80,87,96,153,104,117,31,58,127,78,74,114,121,114,63,89,70,105,127,49,49,77,109,86,89,86,103,64,99,35,131,72,44,136,114,46,93,87,132,55,124,73,125,72,83,150,53,96,80,68,61,109,135,107,122,136,60,74,84,78,47,133,75,83,121,58,122,58,139,75,86,64,114,122,28,66,143,54,95,40,100,78,84,93,81,94,44,69,124,94,79,73,70,101,114,121,71,60,133,,42,128,91,156,106,86,80,62,102,25,135,112,144,56,97,56,116,71,148,130,22
115,23,74,95,47,55,44,39,44,96,57,91,24,56,23,42,69,60,107,42,70,21,32,91,29,45,85,94,75,43,45,53,46,58,31,32,37,32,55,51,58,52,52,84,43,79,40,44,81,63,40,53,65,63,50,84,26,74,31,33,78,40,39,37,54,49,65,50,70,83,92,38,33,59,60,40,83,37,40,70,55,60,50,100,60,60,40,68,70,33,57,90,66,35,46,94,45,72,57,57,63,31,57,80,77,29,58,37,53,49,61,46,54,85,42,,85,82,101,81,63,53,38,79,11,52,54,103,46,63,25,69,46,86,63,24
116,53,308,345,143,245,146,154,127,367,223,339,54,204,102,159,205,195,391,187,238,60,109,346,131,168,310,308,311,142,185,160,192,256,102,96,167,176,193,217,180,188,114,299,151,299,154,80,334,242,153,184,164,269,197,312,115,271,150,152,307,144,183,141,178,155,242,239,262,299,334,106,152,194,214,98,335,140,166,253,156,212,142,355,191,214,125,311,273,87,162,349,112,161,136,294,182,247,220,208,209,86,195,333,237,124,196,123,209,192,240,142,176,319,128,85,,282,337,259,263,156,135,308,40,248,228,341,125,292,101,297,153,296,232,44
117,38,232,282,100,191,128,110,95,337,208,282,41,130,63,114,177,135,307,103,170,35,84,296,72,117,283,256,272,142,149,158,134,208,73,85,100,105,148,134,154,108,97,291,126,237,134,62,260,189,112,120,107,189,149,243,62,226,110,131,247,103,112,75,162,139,166,144,198,278,271,75,105,192,206,74,260,101,145,211,159,164,113,322,199,201,103,224,206,84,135,314,74,70,115,271,144,242,148,206,187,55,181,281,225,72,155,66,152,142,184,120,208,257,91,82,282,,244,216,185,132,115,272,28,164,168,266,123,204,56,221,128,225,168,44
118,75,347,463,181,297,129,269,182,473,307,358,56,356,173,184,296,335,500,323,390,111,133,390,245,201,353,326,300,134,248,145,306,379,161,108,254,277,258,294,216,407,218,256,137,441,181,126,400,317,143,275,288,439,171,369,214,337,177,163,417,153,282,239,194,165,394,400,337,311,348,208,225,194,194,144,411,177,169,340,132,384,208,380,202,214,163,308,385,99,201,399,172,367,135,301,249,251,260,199,185,127,178,361,247,208,207,186,332,347,379,183,143,408,156,101,337,244,,317,271,210,128,291,53,439,303,484,125,213,175,321,212,482,388,55
119,42,263,312,123,180,124,114,85,306,193,274,34,157,74,123,175,166,348,144,200,56,81,261,97,120,255,244,234,120,131,134,150,216,79,95,117,144,159,161,163,156,113,262,106,248,116,76,260,173,100,128,135,231,129,259,91,209,97,114,264,101,141,104,161,167,207,195,219,257,273,94,115,183,170,97,252,105,127,203,126,196,101,279,178,180,99,213,229,86,140,287,102,129,120,275,140,188,178,164,172,70,165,251,194,87,140,78,162,175,205,122,149,251,106,81,259,216,317,,190,135,114,248,41,205,184,316,113,179,69,213,140,278,204,43
120,41,266,312,108,211,103,126,108,283,191,225,39,187,95,141,167,171,300,159,194,71,84,254,115,138,243,215,223,94,154,112,172,200,91,65,134,155,148,191,121,191,110,199,128,235,121,71,242,188,123,150,158,216,175,238,112,226,120,121,230,133,144,126,110,106,207,199,223,209,221,107,145,133,170,68,259,101,110,203,111,189,125,254,155,162,100,228,209,83,132,276,92,164,120,202,196,197,182,155,135,106,152,255,171,109,171,102,181,171,196,106,130,278,86,63,263,185,271,190,,120,92,229,39,206,177,255,110,208,105,232,121,240,193,40
121,39,146,185,81,132,71,121,82,191,127,167,31,121,69,100,156,115,192,122,157,45,77,171,86,85,156,147,137,85,106,92,118,156,66,75,110,111,117,118,129,126,82,129,58,175,71,55,167,145,77,115,113,156,75,174,84,143,87,84,176,68,104,89,92,85,154,163,130,161,156,75,86,100,99,87,163,87,90,142,78,152,82,168,91,108,93,137,153,42,92,169,72,119,47,137,105,124,116,110,105,52,88,152,128,92,99,69,121,118,144,88,79,163,80,53,156,132,210,135,120,,73,132,20,162,121,186,73,105,72,148,90,189,160,24
122,25,126,139,69,87,74,62,59,134,94,138,27,69,42,67,83,77,158,58,88,19,66,129,43,63,122,121,119,72,74,69,71,95,42,51,61,65,85,72,75,64,47,123,52,110,60,36,132,90,55,69,54,95,64,116,40,96,59,70,121,61,73,46,86,79,88,84,115,130,135,45,53,90,94,49,114,55,78,99,73,84,56,138,90,100,54,118,103,39,73,131,39,50,56,124,71,101,95,88,95,37,88,118,99,47,81,42,69,73,87,64,70,113,62,38,135,115,128,114,92,73,,133,21,95,96,141,54,100,37,110,75,109,89,25
123,60,275,320,111,222,150,129,104,345,219,313,46,184,70,109,203,161,358,142,193,53,74,328,108,140,299,294,306,146,172,148,146,233,91,105,106,142,164,192,176,151,172,309,143,268,152,90,294,210,122,150,140,230,196,266,81,258,113,133,276,117,150,84,177,166,184,173,281,274,311,87,117,188,224,92,287,110,148,241,159,180,129,317,209,210,128,262,235,88,173,331,108,105,147,320,147,255,194,204,183,63,239,309,228,86,187,72,177,174,214,131,204,309,102,79,308,272,291,248,229,132,133,,35,199,228,316,140,240,60,281,123,261,191,56
124,15,42,45,29,36,16,23,24,46,39,33,8,40,25,27,29,37,50,37,38,24,16,43,31,30,41,37,37,22,35,23,34,44,24,19,27,37,26,38,23,43,22,27,23,49,27,16,43,39,23,26,30,50,27,48,24,38,24,27,42,23,31,27,23,27,42,42,43,34,39,20,30,36,25,16,45,22,28,38,19,45,21,42,32,34,24,42,37,34,25,43,23,42,43,31,36,27,41,26,26,24,23,40,32,28,24,21,35,44,42,24,17,42,25,11,40,28,53,41,39,20,21,35,,52,40,48,25,31,24,37,28,53,46,12
125,59,257,315,143,256,84,233,147,377,239,224,36,307,159,166,214,270,359,297,333,110,119,301,237,162,259,225,217,99,214,101,269,340,132,75,232,270,229,254,151,368,176,142,102,392,149,104,328,280,111,227,243,382,133,236,204,267,169,150,334,129,259,218,119,100,356,373,260,217,223,183,222,126,129,99,347,161,147,282,84,342,169,277,133,163,140,238,321,67,147,297,129,352,86,162,213,175,194,152,132,112,109,277,174,185,144,167,302,350,329,174,89,331,135,52,248,164,439,205,206,162,95,199,52,,265,375,97,153,159,248,153,416,305,39
126,49,239,266,135,210,92,177,132,304,197,212,37,242,112,111,195,195,282,228,234,65,94,283,194,150,244,222,224,96,184,103,199,277,109,82,163,215,160,218,161,235,150,162,92,290,129,89,266,229,102,187,194,285,126,229,139,230,130,136,297,94,233,166,133,113,245,255,241,192,228,127,158,118,142,107,282,139,142,249,104,221,150,247,133,165,115,227,264,70,174,271,122,229,92,175,163,183,205,155,136,87,157,249,172,147,158,130,247,232,272,126,106,283,112,54,228,168,303,184,177,121,96,228,40,265,,332,100,170,106,243,126,296,226,40
127,71,336,418,199,296,132,252,183,463,308,350,52,346,152,173,277,292,457,359,377,95,135,425,267,209,363,348,326,151,244,164,294,402,156,113,232,286,239,305,215,340,210,289,144,459,181,128,399,328,156,275,276,447,176,361,196,335,183,173,435,146,295,226,213,180,366,370,343,310,360,174,205,202,216,147,426,183,202,355,142,333,208,386,216,227,166,331,403,104,232,421,178,330,142,304,236,268,277,224,208,120,202,382,269,200,220,183,358,328,396,179,168,420,144,103,341,266,484,316,255,186,141,316,48,375,332,,146,231,165,336,188,428,342,61
128,51,118,146,74,117,75,72,74,157,120,119,20,96,39,70,104,77,144,85,102,32,47,144,64,66,142,125,135,90,122,91,77,119,65,61,64,69,87,98,90,85,75,129,76,138,74,69,133,111,62,77,76,114,106,127,49,146,68,76,141,60,82,50,75,74,111,97,120,127,126,46,70,99,107,47,137,66,73,128,86,106,78,145,105,107,71,123,109,60,91,153,74,62,71,140,82,119,88,105,88,42,106,146,119,51,102,51,107,98,112,76,98,146,56,46,125,123,125,113,110,73,54,140,25,97,100,146,,108,32,133,74,130,99,51
129,37,221,236,102,177,122,89,89,264,160,245,40,133,66,114,143,133,285,111,150,48,71,251,72,131,228,229,240,117,131,124,117,177,73,70,84,113,126,149,134,114,79,241,129,196,107,52,238,161,103,107,99,170,167,228,64,196,103,118,218,107,116,77,127,114,151,139,209,230,240,67,116,154,176,68,225,91,131,182,131,137,101,264,164,183,85,232,178,74,131,249,70,81,123,231,131,193,166,166,158,49,158,242,189,69,157,66,136,121,156,97,153,229,97,63,292,204,213,179,208,105,100,240,31,153,170,231,108,,65,224,104,204,149,39
130,28,107,132,63,122,25,120,85,162,112,85,20,164,88,72,108,150,145,143,170,53,57,134,115,80,120,83,89,23,100,39,122,140,86,25,110,114,91,127,63,169,82,41,49,165,63,45,134,125,63,106,121,170,53,102,98,118,84,50,127,56,114,114,38,31,167,165,118,85,76,100,97,33,53,51,151,78,54,121,31,149,104,107,49,54,62,105,141,35,68,121,66,174,41,43,103,84,101,56,54,67,36,113,67,94,68,91,146,138,150,65,24,146,56,25,101,56,175,69,105,72,37,60,24,159,106,165,32,65,,116,73,160,167,23
131,63,261,305,130,267,131,188,144,333,229,275,39,241,108,134,231,191,328,209,247,66,95,326,162,167,280,266,285,125,206,130,187,269,118,95,141,206,186,250,185,208,157,246,127,306,153,99,292,249,129,199,200,284,185,261,140,275,140,151,309,127,207,142,163,139,227,240,281,257,273,115,145,158,204,115,312,141,161,271,132,220,183,287,181,186,143,284,270,78,177,313,131,193,129,255,176,248,219,210,164,77,192,302,196,129,198,115,240,210,259,144,160,334,116,69,297,221,321,213,232,148,110,281,37,248,243,336,133,224,116,,138,298,236,58
132,37,160,181,79,122,64,115,80,215,139,154,28,124,80,90,121,141,203,117,147,51,82,164,84,98,159,142,138,80,115,92,134,144,76,56,111,101,116,109,84,142,82,126,77,175,99,52,169,143,73,121,106,170,71,152,75,142,86,76,168,82,100,97,88,82,151,147,141,152,154,93,93,106,113,60,188,81,83,141,73,160,86,181,104,118,69,147,164,58,89,169,66,123,72,129,115,115,118,103,108,66,92,160,126,85,108,81,129,135,146,81,90,167,71,46,153,128,212,140,121,90,75,123,28,153,126,188,74,104,73,138,,194,158,29
133,63,310,399,169,278,109,231,163,433,276,307,50,311,157,180,304,312,450,292,349,105,134,361,236,188,328,291,278,130,225,149,286,350,139,116,227,262,236,258,229,374,197,227,130,421,171,116,366,292,137,246,273,404,154,319,194,306,162,149,374,136,259,230,162,140,387,365,297,286,296,198,210,180,193,129,389,174,151,317,125,372,185,347,187,197,148,284,355,93,192,360,147,335,126,250,233,218,216,193,175,120,168,339,239,193,195,171,318,332,352,168,151,382,148,86,296,225,482,278,240,189,109,261,53,416,296,428,130,204,160,298,194,,382,50
134,55,236,310,140,235,85,214,144,345,241,233,45,280,142,140,252,267,344,251,297,73,100,272,182,148,259,226,208,101,188,115,233,275,135,105,186,216,197,211,193,292,154,162,92,327,140,99,291,248,112,208,229,326,116,241,155,236,140,121,300,101,211,180,128,110,308,303,252,223,224,175,173,138,156,111,303,152,122,255,98,291,162,256,144,144,128,230,293,74,148,275,132,284,97,187,193,183,183,156,141,92,127,262,179,159,140,141,263,259,285,133,109,305,130,63,232,168,388,204,193,160,89,191,46,305,226,342,99,149,167,236,158,382,,46
135,44,51,63,30,49,30,31,56,60,43,48,14,62,18,30,46,42,57,37,45,20,23,62,38,31,57,55,59,37,50,37,38,50,48,36,27,32,29,48,34,60,47,51,47,53,33,44,54,47,34,38,45,54,55,51,27,59,30,30,53,34,36,29,34,34,42,42,57,49,48,32,27,32,51,23,57,24,32,58,35,45,58,56,45,43,33,52,47,47,42,61,40,30,46,66,42,49,37,43,34,43,51,51,48,20,49,39,47,44,48,33,37,63,22,24,44,44,55,43,40,24,25,56,12,39,40,61,51,39,23,58,29,50,46,