1,26,3
1,57,3
1,2,3
1,55,3
1,5,5
2,127,5
2,76,5
2,45,5
2,3,4
2,53,5
3,18,3
3,76,3
3,53,4
3,45,4
3,60,4
4,9,5
4,3,5
4,23,5
4,91,5
4,125,3
5,9,4
5,76,5
5,113,5
5,83,3
5,81,5
6,13,4
6,131,3
6,10,3
6,126,3
6,16,3
7,76,4
7,3,5
7,55,5
7,2,5
7,116,5
8,3,3
8,45,3
8,48,3
8,23,3
8,60,4
9,18,5
9,66,5
9,134,5
9,49,3
9,116,5
10,87,5
10,132,3
10,86,3
10,22,5
11,118,3
11,9,3
11,127,5
11,133,3
11,53,5
12,127,5
12,45,5
12,3,5
12,83,5
12,103,5
13,9,5
13,76,5
13,3,5
13,60,5
13,23,5
14,118,3
14,9,4
14,18,4
14,127,5
14,45,5
15,113,5
15,3,5
15,23,3
15,88,4
15,20,3
16,113,5
16,91,3
16,88,5
16,20,5
16,110,5
17,76,3
17,83,4
17,103,3
17,134,4
17,116,4
18,66,5
18,134,5
18,115,5
19,18,4
19,91,4
19,48,4
19,23,3
19,33,3
20,23,3
20,20,3
20,13,3
20,87,5
20,126,5
21,113,5
21,53,3
21,33,5
21,20,3
21,79,5
22,48,3
22,20,4
22,2,3
22,49,3
22,5,3
23,18,5
23,76,5
23,66,5
23,67,5
23,134,5
24,23,4
24,83,3
24,20,4
24,2,5
24,97,4
25,127,5
25,76,5
25,3,5
25,125,5
25,88,5
26,9,3
26,18,4
26,23,3
26,88,4
26,66,4
27,118,3
27,9,5
27,45,5
27,48,5
27,103,5
28,3,4
28,2,5
28,55,4
28,17,5
28,120,3
29,49,5
29,70,3
29,27,4
29,17,5
29,85,5
30,118,3
30,18,4
30,133,3
30,53,3
30,113,3
31,127,3
31,9,3
31,133,5
31,53,3
31,45,3
32,103,5
32,20,5
32,108,5
32,87,5
32,69,5
33,127,5
33,13,4
33,116,5
33,70,3
33,28,4
34,76,3
34,3,4
34,88,4
34,23,3
34,26,4
35,23,3
35,33,3
35,20,4
35,131,4
35,108,4
36,127,3
36,13,4
36,108,4
36,26,3
36,24,4
37,133,3
37,60,5
37,23,3
37,33,5
37,20,3
38,48,3
38,23,3
38,55,3
38,11,3
38,17,3
39,118,5
39,127,5
39,9,3
39,76,3
39,18,5
40,113,4
40,91,4
40,33,3
40,67,3
40,20,4
41,48,5
41,23,5
41,13,5
41,134,5
41,87,4
42,9,5
42,125,5
42,48,5
42,13,3
42,68,5
43,48,3
43,88,3
43,26,3
43,68,4
43,5,4
44,118,3
44,18,3
44,127,3
44,9,3
44,133,3
45,9,3
45,3,5
45,88,5
45,20,5
45,83,3
46,127,3
46,91,4
46,23,3
46,33,3
46,81,3
47,9,5
47,103,3
47,26,3
47,55,3
47,87,3
48,18,3
48,133,5
48,113,4
48,48,5
48,125,5
49,18,3
49,26,3
49,131,3
49,11,4
49,87,4
50,118,3
50,60,5
50,103,3
50,26,5
50,108,5
51,48,3
51,83,4
51,2,3
51,68,3
51,116,4
52,127,3
52,9,3
52,133,3
52,76,3
52,91,4
53,42,4
53,61,4
53,50,3
53,12,5
54,134,3
54,61,3
55,9,3
55,76,3
55,113,5
55,48,5
55,91,3
56,91,4
56,55,5
56,57,4
56,68,3
56,27,4
57,118,3
57,18,3
57,133,3
57,113,3
57,60,3
58,113,5
58,91,3
58,20,5
58,79,3
58,57,5
59,23,5
59,83,5
59,27,5
59,5,5
59,70,5
60,18,3
60,103,3
60,20,5
60,26,3
60,87,4
61,91,3
61,26,3
61,36,3
61,82,4
61,105,3
62,118,4
62,127,4
62,18,4
62,133,4
62,76,5
63,45,5
63,53,5
63,76,3
63,18,3
63,60,5
64,9,3
64,45,4
64,133,5
64,18,5
64,113,5
65,9,3
65,76,3
65,3,3
65,48,3
65,103,3
66,103,3
66,116,4
66,70,4
66,28,4
66,16,4
67,9,3
67,76,4
67,18,3
67,66,5
67,103,4
68,13,4
68,134,3
68,119,4
68,38,4
68,84,4
69,118,4
69,60,4
69,3,4
69,48,4
69,2,4
70,125,3
70,79,3
70,68,3
70,70,3
70,28,3
71,45,4
71,48,4
71,79,4
71,55,4
71,27,4
72,91,3
72,110,3
72,120,5
72,119,5
72,96,5
73,133,3
73,3,3
73,131,5
73,2,3
73,17,5
74,118,5
74,133,5
74,45,5
74,53,5
74,113,5
75,9,5
75,3,4
75,81,3
75,57,3
75,55,4
76,66,4
76,38,3
76,72,4
76,90,5
76,46,3
77,20,4
77,49,3
77,87,4
77,27,4
77,51,3
78,18,5
78,3,5
78,23,5
78,20,5
78,13,5
79,118,5
79,18,5
79,3,5
79,88,3
79,66,5
80,113,5
80,60,5
80,3,5
80,66,5
80,48,5
81,18,3
81,3,3
81,91,3
81,48,3
81,83,3
82,45,5
82,113,5
82,66,4
82,83,5
82,134,5
83,127,5
83,23,4
83,20,4
83,103,4
83,13,5
84,113,3
84,60,4
84,88,4
84,48,5
84,41,3
85,110,4
85,134,4
85,131,4
85,69,3
85,10,3
86,113,5
86,23,4
86,131,4
86,39,3
86,51,3
87,118,4
87,9,5
87,18,5
87,67,5
87,41,4
88,18,4
88,118,3
88,133,3
88,45,3
88,48,4
89,11,4
89,27,4
89,70,3
89,126,4
89,10,4
90,3,3
90,60,5
90,2,3
90,11,4
90,28,5
91,9,3
91,133,4
91,66,4
91,83,4
91,134,4
92,91,4
92,67,4
92,41,4
92,79,4
92,26,4
93,82,4
93,73,5
93,6,5
93,1,4
94,118,4
94,18,4
94,23,4
94,91,4
94,88,4
95,55,3
95,17,5
95,120,5
95,43,5
95,106,3
96,3,3
96,113,4
96,60,4
96,48,4
96,66,3
97,3,4
97,23,5
97,91,5
97,88,5
97,67,5
98,103,5
98,68,3
98,5,5
98,69,5
98,16,3
99,131,3
99,87,3
99,49,3
99,7,3
99,30,3
100,87,4
100,119,4
100,98,4
100,4,4
100,130,3
101,76,3
101,23,5
101,87,5
101,10,4
101,69,4
102,9,5
102,18,3
102,23,5
102,83,5
102,81,5
103,83,5
103,81,3
103,68,5
103,7,4
103,82,5
104,118,3
104,18,3
104,66,3
104,81,3
104,109,4
105,18,3
105,113,3
105,103,5
105,57,3
105,5,4
106,127,5
106,9,5
106,45,5
106,53,5
106,76,3
107,91,3
107,83,4
107,26,4
107,79,4
107,126,4
108,118,5
108,9,5
108,113,5
108,45,5
108,133,5
109,118,5
109,127,3
109,9,5
109,18,5
109,76,5
110,118,5
110,133,5
110,3,5
110,125,5
110,20,5
111,11,3
111,132,3
111,130,3
112,76,3
112,134,4
112,81,3
112,70,3
112,51,3
113,113,5
113,33,5
113,103,3
113,26,3
113,108,5
115,3,5
115,66,5
115,2,5
115,98,4
115,120,5
116,18,5
116,20,5
116,26,3
116,134,5
116,68,5
117,9,4
117,103,4
117,98,4
117,129,4
117,85,4
118,113,5
118,60,5
118,134,4
118,108,4
118,10,3
119,9,5
119,125,5
119,48,3
119,5,3
119,99,4
120,76,3
120,18,3
120,41,3
120,3,3
120,88,3
121,60,4
121,83,4
121,55,4
121,70,4
121,116,4
122,76,4
122,103,4
122,26,4
122,13,4
122,79,5
123,3,5
123,48,5
123,88,5
123,20,5
123,134,5
124,127,5
124,76,5
124,3,5
124,60,5
124,48,5
125,127,5
125,9,5
125,23,4
125,91,3
125,79,5
126,18,5
126,76,3
126,3,5
126,48,5
126,88,5
127,108,3
127,11,4
127,5,3
127,10,3
127,16,3
128,48,5
128,41,4
129,23,5
129,88,5
129,33,4
129,26,4
129,57,4
130,76,4
130,26,4
130,116,4
130,123,3
130,10,3
131,23,4
131,38,5
131,73,3
131,86,3
131,6,3
132,23,4
132,79,4
132,87,4
132,32,4
132,16,4
133,13,4
133,134,4
133,38,3
133,106,5
133,8,4
134,9,3
134,88,3
134,23,3
134,91,3
134,33,5
135,9,3
135,18,4
135,3,3
135,91,3
135,103,3
137,41,4
137,46,3
138,127,3
138,53,3
138,113,3
138,3,3
138,60,5
139,133,4
139,76,3
139,3,4
139,20,4
139,103,4
141,88,5
141,67,3
141,39,5
141,95,5
141,77,5
142,127,3
142,9,3
142,133,3
142,113,3
142,125,3
143,23,4
143,38,4
143,46,5
143,73,5
143,86,3
144,18,5
144,103,3
144,66,5
144,83,5
144,81,3
145,9,3
145,133,3
145,60,4
145,23,4
145,13,4
146,2,5
146,32,4
146,51,3
146,98,3
146,99,3
147,18,5
147,23,5
147,48,5
147,103,5
147,83,5
148,133,3
148,3,3
148,48,5
148,83,5
148,5,4
149,9,4
149,18,4
149,133,4
149,23,3
149,125,5
150,3,4
150,23,5
150,83,4
150,49,3
150,87,4
151,127,4
151,3,4
151,26,4
151,37,4
151,24,4
152,88,4
152,87,4
152,126,3
152,98,3
152,129,3
153,3,5
153,91,3
153,83,5
153,79,4
153,108,4
154,131,3
154,134,3
154,68,3
154,126,3
154,62,5
155,9,3
155,45,5
155,18,5
155,66,5
155,67,5
156,18,5
156,133,4
156,23,4
156,125,5
156,103,4
157,57,3
157,16,3
157,123,3
157,52,4
157,30,4
158,76,4
158,3,5
158,60,4
158,116,3
158,28,4
159,127,4
159,9,3
159,45,4
159,53,4
159,23,3
160,133,5
160,76,5
160,18,5
160,113,5
160,60,5
161,127,4
161,9,3
161,76,3
161,91,4
161,88,4
162,9,5
162,18,3
162,88,3
162,33,4
162,66,3
163,3,4
163,88,4
163,103,3
163,20,3
163,11,4
164,118,3
164,127,4
164,45,5
164,113,3
164,133,4
165,26,3
165,34,3
165,130,3
165,14,3
166,53,3
166,9,3
166,133,4
166,125,4
166,60,5
167,118,5
167,45,4
167,41,5
167,125,5
167,20,5
168,9,4
168,91,3
168,103,4
168,83,5
168,87,5
169,118,3
169,88,3
169,66,4
169,41,3
169,10,3
170,9,5
170,33,5
170,83,5
170,57,5
170,68,5
171,118,5
171,53,5
171,133,5
171,113,5
171,60,5
172,88,3
172,13,4
172,93,4
172,130,4
173,9,5
173,68,5
173,10,5
173,123,5
173,17,5
174,91,4
174,48,5
174,83,5
174,68,4
174,32,3
175,127,5
175,9,3
175,18,5
175,76,5
175,23,5
176,134,5
176,5,4
176,37,4
176,130,5
176,14,5
177,9,5
177,133,5
177,76,4
177,131,4
177,38,3
178,88,3
178,83,5
178,26,3
178,2,5
178,87,3
179,127,3
179,9,3
179,18,3
179,33,3
179,88,3
180,109,5
180,49,3
180,52,3
180,123,5
180,98,4
181,53,3
181,20,3
181,110,3
181,13,3
181,49,3
182,117,5
183,18,5
183,91,3
183,66,5
183,26,5
183,28,5
184,18,5
184,76,4
184,91,4
184,83,5
184,81,3
185,9,3
185,18,5
185,68,3
185,2,3
185,30,3
186,18,4
186,76,3
186,60,4
186,91,4
186,48,3
187,3,3
187,23,5
187,79,3
187,134,3
187,28,5
188,70,3
188,27,4
188,129,3
188,106,3
188,63,3
189,127,4
189,133,4
189,18,4
189,76,4
189,60,4
190,133,5
190,53,4
190,76,5
190,125,4
190,66,5
191,118,3
191,125,4
191,67,4
191,41,4
191,57,3
192,2,5
192,109,5
192,10,5
192,95,4
192,119,5
193,32,3
193,37,3
193,90,4
193,40,4
193,54,3
194,18,5
194,88,3
194,26,5
194,110,5
194,79,5
195,118,4
195,133,4
195,113,4
195,60,3
195,48,4
196,18,3
196,125,5
196,69,3
196,123,3
196,119,5
197,45,4
197,53,4
197,133,4
197,3,4
197,48,4
198,113,3
198,45,3
198,133,3
198,53,4
198,23,5
199,18,3
199,23,5
199,79,3
199,131,3
199,49,3
200,48,5
200,91,3
200,103,3
200,83,5
200,26,3
201,103,3
201,2,3
201,5,3
201,17,4
201,126,4
202,113,5
202,91,5
202,83,5
202,103,5
202,68,3
203,9,3
203,18,4
203,48,5
203,20,4
203,13,5
204,127,5
204,53,5
204,45,4
204,3,3
204,91,3
205,60,5
205,116,3
205,27,3
205,126,3
205,62,5
206,9,4
206,113,5
206,23,3
206,134,3
206,11,3
207,76,5
207,45,5
207,53,5
207,91,5
207,48,5
208,127,4
208,53,5
208,3,4
208,60,5
208,91,5
209,17,4
209,104,5
209,46,3
209,59,4
209,61,3
210,118,3
210,9,3
210,113,3
210,3,3
210,33,4
211,127,4
211,76,5
211,53,4
211,88,4
211,23,4
212,53,5
212,67,5
212,83,3
212,17,4
212,95,5
213,9,5
213,68,3
213,38,5
213,61,5
214,68,4
214,38,5
214,61,3
215,23,4
215,33,4
215,81,3
215,79,4
215,57,5
216,70,3
216,27,3
216,126,3
216,123,3
216,19,3
217,127,5
217,45,5
217,53,5
217,3,4
217,83,5
218,18,5
218,17,5
218,119,5
218,84,5
218,132,3
219,113,5
219,91,5
219,48,5
219,83,4
219,57,5
220,45,5
220,18,5
220,76,3
220,60,5
220,23,5
221,55,3
221,93,4
221,70,5
221,120,3
221,36,3
222,23,5
222,55,5
222,131,4
222,27,4
222,28,5
223,88,5
223,93,5
223,11,5
223,69,5
223,74,5
224,76,3
224,60,5
224,11,3
224,27,3
224,5,3
225,131,3
225,68,3
225,87,3
225,70,3
225,49,3
226,127,4
226,45,3
226,3,3
226,91,3
226,81,4
227,133,3
227,103,5
227,116,5
227,119,3
227,38,5
228,81,3
228,68,5
228,38,3
228,61,3
229,118,4
229,127,5
229,76,3
229,18,4
229,45,5
230,3,4
230,55,4
230,49,3
230,28,5
230,69,3
231,48,3
231,91,3
231,33,5
231,20,5
231,108,5
232,113,5
232,60,5
232,48,5
232,20,3
232,79,5
233,127,3
233,45,4
233,53,4
233,60,4
233,103,3
234,113,5
234,20,4
234,134,5
234,26,3
234,55,4
235,127,4
235,55,5
235,68,5
235,69,5
235,109,5
236,9,3
236,18,4
236,3,3
236,83,3
236,134,3
237,60,5
237,13,5
237,10,4
237,28,5
237,7,5
238,113,5
238,91,4
238,60,4
238,110,4
238,2,3
239,127,4
239,113,4
239,91,3
239,83,3
239,109,5
240,18,4
240,45,4
240,113,4
240,91,4
240,48,4
241,127,4
241,60,5
241,23,4
241,83,4
241,110,4
242,113,5
242,33,5
242,23,5
242,41,5
242,13,5
243,118,3
243,127,5
243,45,5
243,53,5
243,113,5
244,127,5
244,3,3
244,113,3
244,91,3
244,55,4
245,9,5
245,133,3
245,113,5
245,83,3
245,125,3
246,127,5
246,9,4
246,81,3
246,79,4
246,49,5
247,70,4
247,109,3
247,84,5
247,71,3
247,15,3
248,127,5
248,60,5
248,108,5
248,32,4
248,62,3
249,9,3
249,18,3
249,23,3
249,33,3
249,110,3
250,26,3
250,10,3
250,16,4
250,120,3
250,97,5
251,45,5
251,53,5
251,67,5
251,110,5
251,81,3
252,23,3
252,81,5
252,131,5
252,109,5
252,69,5
253,76,3
253,125,3
253,55,5
253,116,3
253,87,4
254,9,4
254,57,5
254,108,5
254,49,3
254,5,5
255,9,3
255,18,3
255,60,3
255,23,3
255,83,3
256,127,5
256,3,4
256,113,5
256,67,5
256,110,5
257,18,3
257,66,4
257,134,4
257,81,3
257,131,4
258,116,3
258,119,3
258,38,3
258,36,3
258,72,4
259,48,5
259,91,3
259,26,5
259,134,3
259,28,4
260,76,5
260,3,5
260,110,5
260,91,4
260,134,5
261,88,3
261,33,3
261,26,5
261,81,4
261,79,4
262,3,3
262,33,5
262,108,5
262,2,3
262,11,3
263,66,3
263,26,5
263,104,5
263,82,5
263,106,3
264,9,3
264,76,5
264,91,3
264,48,5
264,88,3
265,45,5
265,76,3
265,113,5
265,3,5
265,33,5
266,131,3
266,11,5
266,82,4
267,118,5
267,133,5
267,3,5
267,81,5
267,57,5
268,9,4
268,18,5
268,23,5
268,33,5
268,83,5
269,81,3
269,55,5
269,49,4
269,69,3
269,51,4
270,9,4
270,3,4
270,23,4
270,131,5
270,57,3
271,18,4
271,91,3
271,48,5
271,83,5
271,131,4
272,113,5
272,83,5
272,81,4
272,79,3
272,131,5
273,66,3
273,96,5
273,73,5
273,94,5
273,89,5
274,9,3
274,113,4
274,3,4
274,48,5
274,103,4
275,3,4
275,60,5
275,67,4
275,103,3
275,39,3
276,127,4
276,133,5
276,113,4
276,33,4
276,66,4
277,127,4
277,113,5
277,110,5
277,103,4
277,83,5
278,18,3
278,45,5
278,53,5
278,60,5
278,48,5
279,18,4
279,113,5
279,3,3
279,41,4
279,67,5
280,66,5
280,61,3
280,115,5
281,113,5
281,60,5
281,91,5
281,131,5
281,55,3
282,76,3
282,26,3
282,79,3
282,55,4
282,68,3
283,45,5
283,18,5
283,60,5
283,23,5
283,110,5
284,118,3
284,23,5
284,110,5
284,68,5
284,87,4
285,3,4
285,60,4
285,23,4
285,103,3
285,79,3
286,18,4
286,48,5
286,103,5
286,110,5
286,81,3
287,60,5
287,103,4
287,116,3
287,70,4
287,27,4
288,9,3
288,53,4
288,45,5
288,113,4
288,60,5
289,45,3
289,53,5
289,60,4
289,134,5
289,109,3
290,9,3
290,113,3
290,3,3
290,91,3
290,33,3
291,118,3
291,18,3
291,113,5
291,60,5
291,33,4
292,53,5
292,45,5
292,76,3
292,113,5
292,3,3
293,118,5
293,41,5
293,48,5
293,108,5
293,79,5
294,45,4
294,53,3
294,125,3
294,91,4
294,67,3
295,76,3
295,3,3
295,88,3
295,81,3
295,57,3
296,9,3
296,76,3
296,131,3
296,57,3
296,69,3
297,60,5
297,48,5
297,91,3
297,83,5
297,81,3
298,33,5
298,23,4
298,103,4
298,108,5
298,131,4
299,118,5
299,133,5
299,113,5
299,125,5
299,41,5
300,76,5
300,120,3
300,19,5
300,96,3
300,101,5
301,76,4
301,113,5
301,23,4
301,48,5
301,110,5
302,18,3
302,3,3
302,91,3
302,23,4
302,20,4
303,45,5
303,3,4
303,110,5
303,55,4
303,116,5
304,118,5
304,76,5
304,113,5
304,60,5
304,110,5
305,127,4
305,66,5
305,88,4
305,20,4
305,103,4
306,127,5
306,45,3
306,60,5
306,88,5
306,33,4
307,127,4
307,113,5
307,3,4
307,60,4
307,23,5
308,9,3
308,11,3
308,10,3
308,132,3
308,71,3
309,103,5
309,87,5
309,116,3
309,70,5
309,42,5
311,113,3
311,67,3
311,110,4
311,2,3
311,57,3
312,79,4
312,131,4
312,57,4
312,69,4
312,126,5
313,9,4
313,133,3
313,20,3
313,131,3
313,108,3
314,127,3
314,9,4
314,18,3
314,45,4
314,57,3
315,45,4
315,133,5
315,60,5
315,3,5
315,48,5
316,127,5
316,133,3
316,3,4
316,33,3
316,103,5
317,18,4
317,41,5
317,123,4
317,97,3
317,82,3
318,60,3
318,23,3
318,91,5
318,57,3
318,28,4
319,23,5
319,33,4
319,108,3
319,87,5
319,38,3
320,133,5
320,18,5
320,23,5
320,20,4
320,26,3
321,53,5
321,60,5
321,67,5
321,48,5
321,17,4
322,18,5
322,88,5
322,33,5
322,67,4
322,110,5
323,9,3
323,74,5
323,46,3
323,54,5
323,92,5
324,76,3
324,113,3
324,60,3
324,67,3
324,66,4
325,60,5
325,23,4
325,91,3
325,48,5
325,88,4
326,88,4
326,23,5
326,103,4
326,39,4
326,30,4
327,9,3
327,33,5
327,103,5
327,110,5
327,81,3
328,133,5
328,18,3
328,113,5
328,3,5
328,125,5
329,18,4
329,69,5
329,123,5
329,16,4
329,119,5
330,9,3
330,133,4
330,91,3
330,88,4
330,83,4
331,68,3
331,55,5
331,69,5
331,52,5
331,51,5
332,18,3
332,60,5
332,83,5
332,126,5
332,16,5
333,118,3
333,23,5
333,91,3
333,55,5
333,57,3
334,18,4
334,103,5
334,66,4
334,57,3
334,81,3
335,127,5
335,133,5
335,45,5
335,18,4
335,76,5
336,67,4
336,110,4
336,109,4
336,10,4
336,69,4
337,60,5
337,23,4
337,67,4
337,49,4
337,27,4
338,133,3
338,88,4
338,91,3
338,67,5
338,66,3
339,118,4
339,41,4
339,3,3
339,110,4
339,23,4
340,60,5
340,91,4
340,79,5
340,81,3
340,87,4
341,48,5
341,66,4
341,103,5
341,28,4
341,36,4
342,45,4
342,18,5
342,133,5
342,48,3
342,125,5
343,87,4
343,70,4
343,28,3
343,129,3
343,46,3
344,18,5
344,125,4
344,88,5
344,41,5
344,67,5
345,113,5
345,91,4
345,103,4
345,79,4
345,2,5
346,9,3
346,76,4
346,113,3
346,125,3
346,66,4
347,33,5
347,110,5
347,134,5
347,10,5
347,39,5
348,18,4
348,3,5
348,48,5
348,13,3
348,79,4
349,76,3
349,91,3
349,83,3
349,26,3
349,79,3
350,133,3
350,45,3
350,53,3
350,60,5
350,48,5
351,133,5
351,125,5
351,109,5
351,116,5
351,70,5
352,9,5
352,3,5
352,91,5
352,67,5
352,26,5
353,45,5
353,76,3
353,133,5
353,91,3
353,125,5
354,45,4
354,53,4
354,23,3
354,110,4
354,93,5
355,45,4
355,53,4
355,60,4
355,83,4
355,2,4
356,134,3
356,27,4
356,69,3
356,19,4
356,10,4
357,45,5
357,53,5
357,48,5
357,67,3
357,26,3
358,133,4
358,125,4
358,33,4
358,48,5
358,41,4
359,127,4
359,9,3
359,45,4
359,53,5
359,133,3
360,88,4
360,93,4
360,52,4
360,71,4
360,50,4
361,88,5
361,103,5
361,26,5
361,110,5
361,79,5
362,48,5
362,91,3
362,66,5
362,83,5
362,81,3
363,99,3
363,64,3
363,77,3
363,78,3
363,112,4
364,3,5
364,110,5
364,41,3
364,109,5
364,68,5
365,9,5
365,133,5
365,18,5
365,125,5
365,66,3
366,9,4
366,18,4
366,48,5
366,81,4
366,68,4
367,113,3
367,91,3
367,23,3
367,48,5
367,103,3
368,127,4
368,45,4
368,60,5
368,3,3
368,48,5
369,45,5
369,53,5
369,33,5
369,91,5
369,67,5
370,127,5
370,9,5
370,45,5
370,133,5
370,53,5
371,127,5
371,3,4
371,60,5
371,48,5
371,33,5
372,118,5
372,18,5
372,133,5
372,3,5
372,60,5
373,127,3
373,88,4
373,66,3
373,33,4
373,108,4
374,127,4
374,3,4
374,88,3
374,67,3
374,103,4
375,18,4
375,133,4
375,3,5
375,103,3
375,66,5
376,118,4
376,133,4
376,125,4
376,66,4
376,109,4
377,118,4
377,45,4
377,60,5
377,125,5
377,88,5
378,76,3
378,91,3
378,83,5
378,103,5
378,88,5
379,9,3
379,18,3
379,76,4
379,3,4
379,103,4
380,3,5
380,88,3
380,83,4
380,26,4
380,49,4
381,118,4
381,127,4
381,9,4
381,76,5
381,60,3
382,127,3
382,9,3
382,91,3
382,133,4
382,45,3
383,9,5
383,18,4
383,91,5
383,33,5
383,88,4
384,48,5
384,23,5
384,26,3
384,79,3
384,69,3
385,127,3
385,45,3
385,76,3
385,23,3
385,48,3
386,9,3
386,127,3
386,133,3
386,18,3
386,45,4
387,125,3
387,23,4
387,108,5
387,109,5
387,49,4
388,127,3
388,76,3
388,48,5
388,125,3
388,26,5
389,127,4
389,45,4
389,53,4
389,113,3
389,3,4
390,109,4
390,28,3
390,129,3
390,85,4
390,74,3
391,103,3
391,66,4
391,26,3
391,11,3
391,116,3
392,133,3
392,67,3
392,79,4
392,131,4
392,49,3
393,133,3
393,113,5
393,60,5
393,125,3
393,48,5
394,18,4
394,60,5
394,26,4
394,93,5
394,131,3
395,118,3
395,9,3
395,127,5
395,45,4
395,53,4
396,9,3
396,45,4
396,53,4
396,113,3
396,48,5
397,118,4
397,127,5
397,41,4
397,134,4
397,103,4
398,9,5
398,88,4
398,26,3
398,2,4
398,55,5
399,118,4
399,45,3
399,53,3
399,113,5
399,3,5
400,33,3
400,83,4
400,103,4
400,110,4
400,26,3
401,3,5
401,23,5
401,33,3
401,83,3
401,103,4
402,60,3
402,48,3
402,23,5
402,33,5
402,11,3
403,76,3
403,3,3
403,67,4
403,66,4
403,26,4
404,66,4
404,5,3
404,93,3
404,36,3
404,58,3
405,45,5
405,53,5
405,133,5
405,18,5
405,3,4
406,88,3
406,131,3
406,116,3
406,11,3
406,126,3
407,9,4
407,113,5
407,23,4
407,91,4
407,103,4
408,18,4
408,3,4
408,20,4
408,43,3
408,17,3
409,18,5
409,3,5
409,23,5
409,48,4
409,133,5
410,9,5
410,3,4
410,91,5
410,113,5
410,11,5
411,118,5
411,3,5
411,69,5
411,20,5
411,125,5
412,133,3
412,113,3
412,45,3
412,53,3
412,88,3
413,76,3
413,45,3
413,110,3
413,81,3
413,49,3
414,9,5
414,45,5
414,69,5
414,104,5
414,31,5
415,76,3
415,48,3
415,103,3
415,26,3
415,2,3
416,91,3
416,45,3
416,70,3
416,134,3
416,123,3
417,127,3
417,70,5
417,68,3
417,129,3
417,72,4
418,133,4
418,103,4
418,131,4
418,43,3
418,126,4
419,113,4
419,60,3
419,55,3
419,116,4
419,20,3
420,118,3
420,48,3
420,60,5
420,88,5
420,70,3
421,133,3
421,23,5
421,55,5
421,70,4
421,131,5
422,55,3
422,68,3
422,20,4
422,66,4
422,81,3
423,9,3
423,18,3
423,133,3
423,53,3
423,48,3
424,52,4
424,94,3
425,113,5
425,88,5
425,28,5
425,131,3
425,123,5
426,133,4
426,23,5
426,2,5
426,131,4
426,110,4
427,118,4
427,23,4
427,116,4
427,131,4
427,87,3
428,9,4
428,23,5
428,133,5
428,48,5
428,60,5
429,118,3
429,27,3
429,87,3
429,66,3
429,5,5
430,91,5
430,116,5
430,131,5
430,68,3
430,57,5
431,78,4
431,124,4
432,131,4
432,57,4
432,67,5
432,5,4
432,120,5
433,68,3
433,97,3
433,120,4
433,16,3
433,129,3
434,28,4
434,68,3
434,10,4
434,126,4
434,17,3
435,9,4
435,76,4
435,48,3
435,60,3
435,113,4
436,18,5
436,3,5
436,83,5
436,91,5
436,127,4
437,53,3
438,83,3
438,113,3
438,103,3
438,55,3
438,33,3
439,2,5
439,123,5
439,99,3
439,38,5
439,72,3
440,68,4
440,65,3
441,9,4
441,127,3
441,91,5
441,23,5
441,60,5
442,3,3
442,91,5
442,83,5
442,118,5
442,11,3
443,133,3
443,116,3
443,2,3
443,123,3
443,129,3
444,18,3
444,83,4
444,76,4
444,48,3
444,60,5
445,118,3
445,91,4
445,83,3
445,76,3
445,103,3
446,48,5
446,53,5
446,125,5
446,20,3
446,97,5
447,55,3
447,123,5
447,109,3
447,126,4
447,117,5
448,18,3
448,88,3
448,70,3
448,55,3
448,27,4
449,127,5
449,118,5
449,55,3
449,2,4
449,20,5
450,9,5
450,91,5
450,23,3
450,48,5
450,83,5
451,9,3
451,91,3
451,48,4
451,60,4
451,103,5
452,83,4
452,48,4
452,76,4
452,116,4
452,26,4
453,18,3
453,9,5
453,127,4
453,118,5
453,91,5
454,18,3
454,127,5
454,91,5
454,83,5
454,23,5
455,60,3
455,55,3
455,33,4
455,134,4
455,119,3
456,125,4
456,17,4
456,84,4
456,121,3
456,122,4
457,76,4
457,23,4
457,60,4
457,45,3
457,53,3
458,3,4
458,118,5
458,60,3
458,133,3
458,11,4
459,116,4
459,110,4
459,66,3
459,13,4
459,126,4
460,124,3
461,9,5
461,3,5
461,118,5
461,91,5
461,83,5
462,18,4
462,127,3
462,23,3
462,76,4
462,48,4
463,9,3
463,23,3
463,113,3
463,48,3
463,45,3
464,118,3
464,76,4
464,60,3
464,26,5
464,53,4
465,116,4
465,123,4
465,66,5
465,13,3
465,108,3
466,116,3
466,27,3
466,62,5
466,54,3
466,82,5
467,41,3
467,120,3
467,36,4
467,25,4
467,24,3
468,9,3
468,3,3
468,60,4
468,33,4
468,57,4
469,118,3
469,60,3
469,53,4
469,116,3
469,55,3
470,118,3
470,131,3
470,33,3
470,68,4
470,57,3
471,9,4
471,91,4
471,83,4
471,11,3
471,23,4
472,55,4
472,87,3
472,66,5
472,134,5
472,108,4
473,45,3
473,53,4
473,116,4
473,131,4
473,87,4
474,76,5
474,2,4
474,33,3
474,20,3
474,10,5
475,18,3
475,9,4
475,118,5
475,91,5
475,83,5
476,118,4
476,133,4
476,131,4
476,33,5
476,119,3
477,3,5
477,103,5
477,11,5
477,26,4
477,70,5
478,18,5
478,127,5
478,9,5
478,3,5
478,118,5
479,55,5
479,131,5
479,102,5
479,121,3
479,15,3
480,116,4
480,2,3
480,119,4
480,129,4
480,17,4
481,9,4
481,76,4
481,103,4
481,113,4
481,116,4
482,133,4
482,57,4
482,68,4
482,119,5
482,49,4
483,91,4
483,127,3
483,118,5
483,76,4
483,48,4
484,131,4
484,134,4
484,74,4
484,85,4
484,25,4
485,28,3
485,87,3
485,68,3
485,16,3
485,41,3
486,127,5
486,133,5
486,88,5
486,70,5
486,68,5
487,48,5
487,2,5
487,43,5
488,60,3
488,53,3
488,57,3
488,17,4
488,96,5
489,118,3
489,2,5
489,131,3
489,68,5
489,125,3
490,9,4
490,18,5
490,127,3
490,3,4
490,118,4
491,133,3
491,2,5
491,16,3
491,98,5
491,100,4
492,133,4
492,120,4
492,16,4
492,39,4
492,40,5
494,66,5
494,54,5
494,14,3
495,3,3
495,70,5
495,60,5
495,133,3
495,116,5
496,18,3
496,118,4
496,133,4
496,70,5
496,134,4
497,127,3
497,66,4
497,5,4
497,81,4
497,119,4
498,133,5
498,27,3
498,88,5
498,68,5
498,66,3
499,127,5
499,91,5
499,83,5
499,76,5
499,23,4
500,2,3
500,79,3
500,68,5
500,81,3
500,41,5
501,9,5
501,91,4
501,83,5
501,133,4
501,113,5
502,9,4
502,118,5
502,76,5
502,91,5
502,83,5
503,127,3
503,118,5
503,88,5
503,125,4
503,30,3
504,91,3
504,76,4
504,48,3
504,116,5
504,2,5
505,113,5
505,45,5
505,48,5
505,60,5
505,33,5
506,76,4
506,66,4
506,49,4
506,119,3
506,16,4
507,23,4
507,113,3
507,88,5
507,57,4
507,13,3
508,9,4
508,127,4
508,23,4
508,83,3
508,133,4
509,127,4
509,88,5
509,104,4
509,17,5
509,39,4
510,118,4
510,76,3
510,48,3
510,11,5
510,116,3
511,118,4
511,48,3
511,11,5
511,133,3
511,70,3
512,113,4
512,48,4
512,45,3
512,87,4
512,53,4
513,9,3
513,23,5
513,76,5
513,48,5
513,103,5
514,118,3
514,3,4
514,60,3
514,11,3
514,131,3
515,9,4
515,133,4
515,2,3
515,20,3
515,110,4
516,113,3
516,129,3
516,62,4
516,82,4
516,50,4
517,127,3
517,70,4
517,119,3
517,39,3
517,40,4
518,116,3
518,28,5
518,57,3
518,110,3
518,104,3
519,91,4
519,83,4
519,45,4
519,26,4
519,2,3
520,113,4
520,62,3
520,82,4
520,12,4
521,3,3
521,23,3
521,76,3
521,60,4
521,103,4
522,18,5
522,23,4
522,60,3
522,2,3
522,49,3
523,18,3
523,116,4
523,54,3
523,94,3
524,33,3
524,68,3
524,110,3
524,125,3
524,67,3
525,11,5
525,70,5
525,33,5
525,55,5
525,66,3
526,2,3
526,125,3
526,110,3
526,108,4
526,99,3
527,3,5
527,55,5
527,68,5
527,119,5
527,25,4
528,79,3
528,110,3
528,19,3
528,96,3
528,38,3
529,127,5
529,68,4
529,64,4
529,72,3
529,65,3
530,60,3
530,55,3
530,68,4
530,110,5
530,108,3
531,9,3
531,127,3
531,23,5
531,48,3
531,11,5
532,118,4
532,110,4
532,125,4
532,134,4
532,67,4
533,127,4
533,53,3
533,2,4
533,119,4
533,126,4
534,133,4
534,45,4
534,125,4
534,13,5
534,108,4
535,127,5
535,45,5
535,53,5
535,88,5
535,20,5
536,9,3
536,118,4
536,127,4
536,113,4
536,76,4
537,91,5
537,133,5
537,26,5
537,57,5
537,126,5
539,118,3
539,119,3
539,117,3
539,96,3
539,90,3
540,9,3
540,91,5
540,83,4
540,103,5
540,45,4
541,54,4
541,50,3
541,34,4
541,107,5
541,89,4
542,127,4
542,11,5
542,70,4
542,33,4
542,79,3
543,9,4
543,118,3
543,76,4
543,23,4
543,91,4
544,127,3
544,118,3
544,3,3
544,48,4
544,133,5
545,45,4
545,53,5
545,88,4
545,110,3
545,66,4
546,91,4
546,95,4
546,8,3
546,135,3
547,3,4
547,48,3
547,60,3
547,53,4
547,11,3
548,62,5
548,54,3
548,82,5
548,44,4
548,50,3
549,68,3
549,126,3
549,119,4
549,16,5
549,102,3
550,118,4
550,60,3
550,33,3
550,55,3
550,2,3
551,9,4
551,48,5
551,33,4
551,106,5
551,64,5
552,9,4
552,118,4
552,3,4
552,113,4
552,11,4
553,7,5
553,92,3
554,76,4
554,133,4
554,88,5
554,131,4
554,125,4
555,127,3
555,76,5
555,48,3
555,60,3
555,45,5
556,9,5
556,118,4
556,3,3
556,133,5
556,45,5
557,27,5
557,68,4
557,110,4
557,97,3
557,74,4
558,23,3
558,11,3
558,26,3
559,45,3
559,20,3
559,49,3
559,13,4
560,18,3
560,127,4
560,118,4
560,3,4
560,133,4
561,127,4
561,76,4
561,68,3
561,119,4
561,66,4
562,9,4
562,3,4
562,48,4
562,133,4
562,60,3
563,18,5
563,3,5
563,11,5
563,123,4
563,55,5
564,18,4
564,3,5
564,118,5
564,70,4
564,95,4
565,118,4
565,3,3
565,91,3
565,83,4
565,103,3
566,113,3
566,133,3
566,131,3
566,43,4
566,69,4
567,33,5
567,2,5
567,87,4
567,125,5
567,108,4
568,91,4
568,53,4
568,2,4
568,27,5
568,87,4
569,127,5
569,9,5
569,76,3
569,113,5
569,53,5
570,9,5
570,127,5
570,23,4
570,83,5
570,48,5
571,18,4
571,129,3
571,130,3
572,3,4
572,76,5
572,60,4
572,26,5
572,11,3
573,133,4
573,60,3
573,27,3
573,88,5
573,20,3
574,127,5
574,133,5
574,70,4
574,125,5
574,134,5
575,9,3
575,127,3
575,118,3
575,91,3
575,76,4
576,127,5
576,118,5
576,76,5
576,48,5
576,103,5
577,127,4
577,53,4
577,116,3
577,2,4
577,68,4
578,3,4
578,60,5
578,2,3
578,88,5
578,20,4
579,26,4
579,64,4
580,118,4
580,3,4
580,48,4
580,11,4
580,55,3
581,133,3
581,45,3
581,68,3
581,134,3
581,126,3
582,18,5
582,3,5
582,118,5
582,48,5
582,11,5
583,18,5
583,11,4
583,133,5
583,70,5
583,27,5
584,9,4
584,127,4
584,23,3
584,76,3
584,103,4
586,18,3
586,74,5
586,130,4
587,91,5
587,83,5
587,76,5
587,113,5
587,117,5
588,9,3
588,23,5
588,11,5
588,26,3
588,45,5
589,103,3
589,28,3
589,43,3
589,129,3
589,102,3
590,18,4
590,48,4
590,27,4
590,68,4
590,129,3
591,127,3
591,110,3
591,119,3
591,84,3
591,38,3
592,9,4
592,3,5
592,91,3
592,45,5
592,103,5
593,3,5
593,11,5
593,53,5
593,55,5
593,100,5
594,66,4
594,5,4
594,134,3
594,10,4
594,108,3
595,18,5
595,23,5
595,27,5
595,43,5
595,131,5
596,18,3
596,9,5
596,3,3
596,91,5
596,118,5
597,9,4
597,127,5
597,113,3
597,123,5
597,131,4
598,18,4
598,3,3
598,83,3
598,91,3
598,127,4
599,118,3
599,53,3
599,2,3
599,33,3
599,79,3
600,9,3
600,91,3
600,45,3
600,11,3
600,26,5
601,18,5
601,3,4
601,118,4
601,76,4
601,11,4
602,116,3
603,91,3
603,113,4
603,53,3
603,87,3
603,57,4
604,18,3
604,23,5
604,127,5
604,48,5
604,103,5
605,76,5
605,113,5
605,69,5
605,13,4
605,104,3
606,45,3
606,53,3
606,116,3
606,131,3
606,33,3
607,133,5
607,103,5
607,26,5
607,45,5
607,69,5
608,18,3
608,66,5
608,134,5
608,16,5
608,54,5
609,53,3
609,79,4
609,20,3
609,125,4
609,66,3
610,76,3
610,45,5
610,69,5
610,57,4
610,17,3
611,18,5
611,9,3
611,83,3
611,48,3
611,103,3
612,54,4
612,14,4
613,53,5
613,43,3
613,64,4
614,18,3
614,9,3
614,91,4
614,83,3
614,48,3
615,9,3
615,133,3
615,45,3
615,26,4
615,95,3
616,91,4
616,83,3
616,76,5
616,48,5
616,113,5
617,127,3
617,91,5
617,23,4
617,48,4
617,20,4
618,91,3
618,76,3
618,26,3
618,125,3
618,68,4
619,23,3
619,76,5
619,113,5
619,103,4
619,33,5
620,127,3
620,91,5
620,83,5
620,45,5
620,26,5
621,45,4
621,88,5
621,116,3
621,2,3
621,131,4
622,76,5
622,133,3
622,60,5
622,26,5
622,28,4
623,118,4
623,133,3
623,116,3
623,27,3
623,69,3
624,113,5
624,53,5
624,27,3
624,131,3
624,28,5
625,3,3
625,23,4
625,11,3
625,113,3
625,116,4
626,9,5
626,91,5
626,83,5
626,23,3
626,48,4
627,23,5
627,53,5
627,70,5
627,116,3
627,2,4
628,48,4
628,103,5
628,116,4
628,53,5
628,88,5
629,18,3
629,3,4
629,76,4
629,23,5
629,113,4
630,53,4
630,116,5
630,2,4
630,79,5
630,110,4
631,127,3
631,91,4
631,83,4
631,23,5
631,133,3
632,127,4
632,23,5
632,55,3
632,27,4
632,53,4
633,2,5
633,57,5
633,125,3
633,68,5
633,5,5
634,9,4
634,23,4
634,26,4
634,2,4
634,28,5
635,133,3
635,113,5
635,26,5
635,131,5
635,57,5
636,11,5
636,131,5
636,125,3
636,20,5
636,97,5
637,48,3
637,60,4
637,133,3
637,113,4
637,116,3
638,9,4
638,91,5
638,48,3
638,26,4
638,125,4
639,127,3
639,103,4
639,45,4
639,119,4
639,104,4
640,76,3
640,133,4
640,48,3
640,28,3
640,20,4
641,127,3
641,103,5
641,2,3
641,123,3
641,119,5
642,118,5
642,133,5
642,60,5
642,45,5
642,53,3
643,18,3
643,118,4
643,113,5
643,133,3
643,45,4
644,9,3
644,3,3
644,11,3
644,88,5
644,119,5
645,60,4
645,116,3
645,53,4
645,55,3
645,79,4
646,118,4
646,103,4
646,28,4
646,43,4
646,33,4
647,18,3
647,9,5
647,76,5
647,133,5
647,23,4
648,23,5
648,133,5
648,45,5
648,69,5
648,123,5
649,118,4
649,76,5
649,123,3
649,125,3
649,117,3
651,76,5
651,133,3
651,45,5
651,66,3
651,5,3
652,83,4
652,76,5
652,103,5
652,60,4
652,45,3
653,60,3
653,27,3
653,123,3
653,79,5
653,68,3
654,18,4
654,118,5
654,3,3
654,23,3
654,113,5
655,9,4
655,23,5
655,76,5
655,133,5
655,26,4
656,23,5
656,133,5
656,27,5
656,33,5
656,110,5
657,113,4
657,123,4
657,57,5
657,108,5
657,126,3
658,18,5
658,118,4
658,91,4
658,83,4
658,70,5
659,9,3
659,127,3
659,91,3
659,23,3
659,83,3
660,9,4
660,91,4
660,83,3
660,48,3
660,76,5
661,33,3
661,131,3
661,67,3
661,120,5
661,16,3
662,76,5
662,133,4
662,113,3
662,48,3
662,103,3
663,118,4
663,76,5
663,103,5
663,113,5
663,26,5
664,3,3
664,91,5
664,83,5
664,76,5
664,60,5
665,3,4
665,23,4
665,133,4
665,113,5
665,11,4
666,118,3
666,91,3
666,83,3
666,76,5
666,103,3
667,45,5
667,26,5
667,53,3
667,27,5
667,131,3
668,9,4
668,127,4
668,3,3
668,53,4
668,2,4
669,18,4
669,113,4
669,60,4
669,33,4
669,110,4
670,127,5
670,118,3
670,23,5
670,103,5
670,53,5
671,23,4
671,113,4
671,133,3
671,45,4
671,69,3
672,127,4
672,118,5
672,103,5
672,55,3
672,95,5
673,76,5
673,48,3
673,60,3
673,133,3
673,45,4
674,23,5
674,60,5
674,53,5
674,26,5
674,27,4
675,18,3
675,9,3
675,91,3
675,83,3
675,26,3
676,53,3
676,66,3
676,41,5
676,17,5
676,19,4
677,9,4
677,3,4
677,91,4
677,23,4
677,48,4
678,76,5
678,103,5
678,113,5
678,60,4
678,26,5
679,9,3
679,127,3
679,118,3
679,76,4
679,23,5
680,87,4
680,68,3
680,134,3
680,5,3
680,13,3
681,69,4
681,2,4
681,131,4
681,33,4
681,68,4
682,131,5
682,68,5
682,57,5
682,99,3
682,39,5
683,9,4
683,103,4
683,26,5
683,88,3
683,55,4
684,118,5
684,76,5
684,60,5
684,103,5
684,33,5
685,18,4
685,118,4
685,69,4
685,2,5
685,33,5
686,9,4
686,127,3
686,118,4
686,91,5
686,83,5
687,118,4
687,48,4
687,133,5
687,45,3
687,116,4
688,9,3
688,118,3
688,91,5
688,83,5
688,103,5
689,83,5
689,23,4
689,116,5
689,53,4
689,28,4
690,76,5
690,26,5
690,27,3
690,87,3
690,123,3
691,45,3
691,2,3
691,13,4
691,126,4
691,16,4
692,127,3
692,118,5
692,91,3
692,23,3
692,103,5
693,127,4
693,60,4
693,53,3
693,134,4
693,13,4
694,76,4
694,133,4
694,79,4
694,125,4
694,134,4
695,9,3
695,118,3
695,116,3
695,55,5
695,27,3
696,48,3
696,45,3
696,125,4
696,49,3
696,39,4
697,18,3
697,3,3
697,9,3
697,91,3
697,83,4
698,70,3
698,68,5
698,106,5
698,52,4
698,7,4
699,23,4
699,60,5
699,87,3
699,125,5
699,79,5
700,113,5
700,26,5
700,97,5
700,66,3
700,104,5
701,118,3
701,131,3
701,28,4
701,67,3
701,5,3
702,9,3
702,127,3
702,91,3
702,23,3
702,11,3
703,55,3
703,33,3
703,20,3
703,5,3
703,81,3
704,60,3
704,125,3
704,13,3
704,5,4
704,39,3
705,53,4
705,66,3
705,41,4
705,17,3
705,19,3
706,9,4
706,127,5
706,91,5
706,23,4
706,76,5
707,118,3
707,23,4
707,45,3
707,53,3
707,116,3
708,18,4
708,118,3
708,23,5
708,55,3
708,131,4
709,45,4
709,116,3
709,69,4
709,43,4
709,79,4
710,18,3
710,9,3
710,118,4
710,133,4
710,23,3
711,48,3
711,60,5
711,26,3
711,2,5
711,123,5
712,3,3
712,26,4
712,11,3
712,70,4
712,116,4
713,9,3
713,118,3
713,133,4
713,55,3
713,57,3
714,23,5
714,26,5
714,79,5
714,20,5
714,10,5
715,23,4
715,45,5
715,123,5
715,79,5
715,67,4
716,23,4
716,113,4
716,116,5
716,53,5
716,131,5
717,134,3
717,49,3
717,16,3
717,37,3
717,100,4
718,118,4
718,3,5
718,133,5
718,103,5
718,11,5
719,53,5
719,5,5
719,119,5
719,97,5
719,98,5
720,9,5
720,127,3
720,118,5
720,113,5
720,48,5
721,3,3
721,26,5
721,27,3
721,2,3
721,43,5
722,133,3
722,43,4
722,69,5
722,88,5
722,110,5
723,9,4
723,3,5
723,127,5
723,118,4
723,113,5
724,133,4
724,45,4
724,88,4
724,69,5
724,20,3
725,9,5
725,27,3
725,28,5
725,123,5
725,57,5
726,18,3
726,91,5
726,83,4
726,11,4
726,26,3
727,113,4
727,53,5
727,79,3
727,20,4
727,110,4
728,53,5
728,69,4
728,79,5
728,68,5
728,5,4
729,9,5
729,23,5
729,103,5
729,26,4
729,33,5
730,118,5
730,48,5
730,103,5
730,70,5
730,26,5
731,118,5
731,53,5
731,55,3
731,57,3
731,66,3
732,18,5
732,91,5
732,83,5
732,76,5
732,95,3
733,118,5
733,45,3
733,103,5
733,88,3
733,57,4
734,9,4
734,91,4
734,83,4
734,48,4
734,28,4
735,118,3
735,23,5
735,60,3
735,11,5
735,53,5
736,45,3
736,131,5
736,87,5
736,119,5
736,97,5
737,113,5
737,53,5
737,116,3
737,55,3
737,20,5
738,9,5
738,76,5
738,113,5
738,48,4
738,45,5
739,76,5
739,133,3
739,20,4
739,110,3
739,66,3
740,18,4
740,127,4
740,9,4
740,118,4
740,3,4
741,3,3
741,48,4
741,45,3
741,53,3
741,69,3
742,118,5
742,91,5
742,76,5
742,83,5
742,60,5
743,102,5
743,7,4
743,121,3
743,71,5
743,12,5
744,9,3
744,23,3
744,11,3
744,60,3
744,69,4
745,18,3
745,113,3
745,103,3
745,53,4
745,55,4
746,3,4
746,103,5
746,70,5
746,26,5
746,28,5
747,76,5
747,23,5
747,113,5
747,48,5
747,27,5
748,118,4
748,133,4
748,33,4
748,125,4
748,5,3
749,60,4
749,85,3
749,25,5
749,82,5
749,72,5
751,118,4
751,110,5
751,66,3
751,67,4
751,119,4
752,27,5
752,79,4
752,125,4
752,67,4
752,81,3
753,91,3
753,76,5
753,23,5
753,48,5
753,133,5
754,88,5
754,39,5
754,93,5
754,30,3
754,106,5
755,127,3
755,76,4
755,113,4
755,2,3
755,88,5
756,53,5
756,27,4
756,66,4
756,13,4
756,19,3
757,127,4
757,76,5
757,88,5
757,55,3
757,95,3
758,55,4
758,79,4
758,66,3
758,49,5
758,30,3
759,76,5
759,113,5
759,123,5
759,88,5
759,57,5
760,118,3
760,79,4
760,110,3
760,109,4
760,39,4
761,116,5
761,67,4
761,39,4
761,19,3
761,129,5
762,53,4
762,88,5
762,33,3
762,20,4
762,67,4
763,48,4
763,45,5
763,53,3
763,69,5
763,33,4
764,76,4
764,113,3
764,33,4
764,27,3
764,116,3
765,103,5
765,125,3
765,85,3
765,52,3
765,37,3
766,127,3
766,11,4
766,95,3
766,70,4
766,123,5
767,3,3
767,118,4
767,113,4
767,55,3
767,123,4
768,91,3
768,76,5
768,113,3
768,26,5
768,88,5
769,45,4
769,26,4
769,69,3
769,79,3
769,57,3
770,103,5
770,26,5
770,87,5
770,68,5
770,20,5
771,91,3
771,48,3
771,103,3
771,45,3
771,26,4
772,118,3
772,66,3
772,126,3
772,19,3
772,93,4
773,91,5
773,103,5
773,27,4
773,79,5
773,68,5
774,127,3
774,3,5
774,70,3
774,55,5
774,27,5
775,26,3
775,27,3
775,43,3
775,57,3
775,119,5
776,9,4
776,91,4
776,23,4
776,83,4
776,45,5
777,118,4
777,91,4
777,23,5
777,83,5
777,70,3
778,48,3
778,45,3
778,39,4
778,38,4
778,51,5
779,18,5
779,127,5
779,118,5
779,91,5
779,83,5
780,127,5
780,3,5
780,48,3
780,103,5
780,26,5
781,18,3
781,91,3
781,60,3
781,23,3
781,83,3
782,27,4
782,110,4
782,66,3
782,134,5
782,67,4
783,108,3
783,109,3
783,97,3
783,104,3
783,37,3
784,2,4
784,45,4
784,10,4
784,15,4
785,18,4
785,11,4
785,70,4
785,131,4
785,2,4
786,9,5
786,91,5
786,118,4
786,83,5
786,11,4
787,127,3
787,118,4
787,91,3
787,83,4
787,60,4
788,23,3
788,33,3
788,110,4
788,13,5
788,97,4
789,3,5
789,23,5
789,83,5
789,11,5
789,27,5
790,18,5
790,3,4
790,91,5
790,118,5
790,83,5
791,48,4
791,53,5
791,120,4
791,59,4
791,15,3
792,60,3
792,133,4
792,116,5
792,53,5
792,27,5
793,83,3
793,76,5
793,48,5
793,113,5
793,60,5
794,83,3
794,23,3
794,48,5
794,70,5
794,53,5
795,133,3
795,70,4
795,28,5
795,110,5
795,134,4
796,133,3
796,103,5
796,87,4
796,79,4
796,110,4
797,9,3
797,113,3
797,48,3
797,133,3
797,28,3
798,48,4
798,131,4
798,125,4
798,5,4
798,97,4
799,18,5
799,127,3
799,118,5
799,3,5
799,23,3
800,76,5
800,123,5
800,95,4
800,100,3
800,86,3
801,103,5
801,28,5
801,37,5
801,36,5
801,61,3
802,3,3
802,11,3
802,103,4
802,28,5
802,120,3
803,127,5
803,118,5
803,103,5
803,113,5
803,119,5
804,3,4
804,23,3
804,76,4
804,55,3
804,131,3
805,91,4
805,23,4
805,76,4
805,83,4
805,60,3
806,83,3
806,48,3
806,60,3
806,45,3
806,69,3
807,53,4
807,131,3
807,43,4
807,24,4
807,6,4
808,9,4
808,127,3
808,91,5
808,83,5
808,113,5
809,3,3
809,23,3
809,113,5
809,55,5
809,53,5
810,9,5
810,48,5
810,113,5
810,88,4
810,131,4
811,3,3
811,91,4
811,23,4
811,11,3
811,133,3
812,70,5
812,20,3
812,108,3
812,126,3
812,119,5
813,3,3
813,11,3
813,2,3
813,70,3
813,55,3
814,27,5
814,62,5
814,82,5
814,44,5
814,50,4
815,3,5
815,23,5
815,113,5
815,48,5
815,11,3
816,53,5
816,95,5
816,66,3
816,132,5
816,31,3
817,48,4
817,113,5
817,28,5
817,57,5
817,125,5
