1,1,101,114,125,126,130,144,16,18,19,20,21,22,26,27,28,3,32,34,47,59,6,69,75,79,83,84,90,99
2,1,126,130,132,144,16,18,19,21,26,28,3,32,47,51,83,84,90,99
3,1,126,130,144,15,16,17,18,19,2,21,26,28,3,32,47,51,83,84
4,1,114,126,130,138,144,17,18,19,20,21,22,26,28,32,34,47,51,59,6,75,79,83,99
5,1,126,130,144,15,16,19,26,27,28,3,32,47,83,90,99
6,1,114,126,130,138,144,15,16,17,18,19,20,21,22,26,27,28,3,32,47,48,51,59,6,75,79,83,84,90,99
7,1,114,126,130,144,16,19,2,21,22,26,27,28,3,32,47,59,75,83,84,90,99
8,1,126,130,138,144,15,16,17,19,21,26,27,28,32,47,48,51,79,83,84,90,99
9,1,114,126,144,15,16,18,19,20,21,26,28,32,47,6,79,83,90
10,1,114,126,130,138,144,15,16,17,19,2,20,21,22,26,27,28,3,32,34,47,48,51,59,6,75,79,83,84,90,99
11,16,18,26,27,47,83,84,99
12,1,114,126,130,144,15,16,17,18,2,20,21,26,27,28,3,32,47,51,69,79,83,90,99
13,1,101,114,130,144,16,18,19,20,21,22,26,28,3,32,34,47,48,75,83,84,90,99
14,1,114,144,16,17,26,27,28,3,32,48,51,6,79,83,90,99
15,1,114,126,130,138,144,15,16,18,19,2,20,21,22,26,27,28,3,32,47,48,51,59,6,75,79,83,84,90,99
16,1,114,126,130,138,144,16,21,22,26,28,32,51,79,83,84,90,99
17,1,114,126,130,138,144,17,19,20,21,22,26,27,28,32,47,51,59,6,75,83,84,90,99
18,1,114,126,144,15,16,2,22,26,28,32,47,48,51,6,75,79,83,84,99
19,1,101,114,130,138,144,16,17,18,19,2,20,21,22,26,27,28,32,47,48,51,59,6,75,79,83,84,90
20,1,114,126,130,138,144,16,18,19,21,22,26,27,28,32,47,51,59,6,75,79,83,84,90,99
21,1,114,126,130,132,144,15,16,17,18,19,2,20,21,22,26,28,3,32,47,48,51,59,79,83,84,9,90,99
22,1,114,126,130,138,144,16,17,18,19,21,22,26,27,28,3,32,47,51,6,69,79,83,84,90,99
23,1,101,114,144,15,16,17,19,2,21,26,28,3,32,47,48,59,75,83,84,90
24,1,101,114,125,126,130,138,144,15,16,17,18,19,20,21,22,26,27,28,3,32,34,47,51,59,6,75,79,83,84,90,99
25,1,114,126,130,144,16,19,2,20,21,22,26,27,28,32,47,48,51,59,6,69,75,83,9,99
26,1,114,126,144,16,19,2,20,21,22,27,28,32,47,48,59,6,75,79,83,90
27,1,101,114,126,130,138,144,16,20,28,32,47,48,83,84,90,99
28,1,126,130,132,144,16,19,21,26,28,3,32,47,51,69,79,83,90,99
29,1,114,125,126,130,138,144,15,17,19,2,20,21,22,26,27,28,32,34,47,51,59,6,75,79,83,90,99
30,1,130,138,144,15,16,17,18,2,21,26,27,3,32,47,48,59,6,75,79,84,9,99
31,1,130,144,16,19,26,28,47,48,51,83,84,90,99
32,1,114,126,130,144,15,16,17,19,2,20,21,22,26,27,28,32,47,51,59,6,75,79,83,90,99
33,1,114,126,130,144,15,16,17,18,19,2,21,22,26,28,32,47,75,79,83,84,90
34,1,114,126,130,144,15,16,18,19,20,21,22,26,27,28,32,47,6,75,83,84,90,99
35,1,101,114,125,126,130,132,138,144,15,16,17,18,19,2,20,21,22,26,28,3,32,47,51,59,6,75,79,83,84,90,99
36,1,114,126,130,144,16,19,2,20,21,22,26,28,3,32,47,51,6,79,83,84,90,99
37,1,101,114,126,130,138,144,15,16,17,19,2,20,22,26,28,32,34,47,51,79,83,90,99
38,1,114,126,130,138,144,15,16,17,18,2,20,21,22,26,27,28,32,34,47,51,6,69,75,79,83,90,99
39,114,22,28,47,48,6,90
40,1,114,130,132,144,16,17,18,19,20,21,22,26,28,3,32,47,51,79,83,84,90,99
41,1,101,114,126,130,144,15,16,17,18,19,20,21,22,26,27,28,32,34,47,48,59,6,75,79,83,84,90,99
42,1,101,114,130,144,20,22,27,28,32,34,47,51,6,75,83,99
43,1,101,114,126,130,144,15,16,17,18,19,2,20,21,22,26,27,28,3,32,34,47,51,59,6,75,79,83,84,90,99
44,130,144,16,48
45,1,114,126,130,144,15,16,17,19,20,22,26,27,28,32,47,51,59,6,69,75,79,83,90,99
46,1,114,126,130,144,16,17,18,19,20,22,26,28,32,47,59,79,83,84,90,99
47,1,114,126,130,138,144,15,16,17,18,19,20,21,22,26,27,28,3,32,34,47,51,59,6,69,75,79,83,84,90,99
48,1,101,126,130,132,144,15,16,18,19,2,20,21,26,27,28,3,47,48,51,69,79,83,84,90
49,1,101,114,125,126,130,138,144,15,16,18,19,2,20,21,22,26,27,28,32,47,48,51,59,6,75,79,83,84,9,90,99
50,1,114,126,130,144,15,18,2,20,22,26,28,3,32,47,51,6,79,83,84,90,99
51,1,101,114,126,130,132,138,144,15,16,17,18,19,2,20,21,22,26,27,28,3,32,34,47,51,59,6,69,75,79,83,84,90,99
52,1,114,126,130,144,16,17,18,19,2,20,21,22,26,28,3,32,34,47,51,59,83,84,90,99
53,1,114,125,126,130,132,138,144,15,16,17,18,19,2,20,21,22,26,27,28,3,32,34,47,51,59,6,69,75,79,83,84,9,90,99
54,1,130,144,16
55,1,114,126,130,144,16,17,18,19,2,20,21,22,26,27,28,32,47,48,6,83,90,99
56,1,114,126,130,138,144,16,17,18,19,2,20,21,22,26,27,28,3,32,47,48,51,6,79,83,84,90,99
57,1,114,126,132,144,15,16,17,2,20,21,22,26,28,32,47,51,6,69,75,79,83,90,99
58,1,114,126,130,138,144,16,17,18,19,20,21,22,26,27,28,3,32,34,47,51,59,6,75,79,83,84,90,99
59,1,101,114,126,130,138,144,15,16,17,18,19,2,20,21,22,26,27,28,32,34,47,51,59,6,69,75,79,83,84,9,90,99
60,1,114,125,126,130,132,138,144,15,16,17,18,19,2,20,21,22,26,27,28,3,32,47,48,51,59,6,69,75,79,83,84,9,90,99
61,1,114,125,126,130,138,144,16,17,18,19,2,20,21,22,26,27,28,32,34,47,48,51,59,6,69,75,79,83,84,90,99
62,1,114,130,22,26,27,28,47,51
63,1,114,126,130,144,16,17,18,19,20,26,28,32,47,6,79,83,90
64,1,114,125,126,130,138,144,16,17,18,19,20,21,27,28,32,34,47,51,59,6,75,79,83,99
65,1,114,126,130,144,15,16,17,18,19,2,20,21,22,26,27,28,3,32,47,51,59,6,75,79,83,9,90,99
66,1,101,114,126,130,132,138,144,15,16,17,18,19,2,20,21,22,26,27,28,3,32,34,47,51,59,6,69,75,79,83,84,90,99
67,1,114,126,130,138,144,15,16,17,18,2,20,22,26,27,28,32,47,51,59,6,75,79,83,84,90
68,1,101,114,125,126,130,144,15,16,17,18,19,2,20,21,22,26,27,28,32,34,47,51,59,6,75,79,83,84,9,90,99
69,1,101,114,125,126,144,15,16,17,18,2,20,22,26,27,28,3,32,47,48,51,6,75,79,83,90,99
70,1,101,114,125,126,130,138,144,15,16,17,18,19,2,20,21,22,26,27,28,3,32,34,47,48,51,59,6,69,75,79,83,84,9,90,99
71,1,101,114,126,130,138,144,16,18,19,2,20,21,26,27,28,32,47,51,59,6,75,79,83,90,99
72,1,101,114,126,130,138,144,16,17,18,19,2,20,21,22,26,27,28,3,32,34,47,51,59,6,69,75,79,83,90,99
73,1,101,114,125,126,130,138,144,16,17,18,19,2,20,22,26,27,28,32,47,48,51,59,6,75,79,83,90,99
74,1,101,114,126,130,138,144,16,18,20,26,27,28,3,32,47,51,6,75,79,83,84,90
75,1,101,114,126,130,138,144,16,18,19,2,20,22,26,27,28,32,47,48,51,59,6,75,79,83,90
76,1,101,114,126,130,144,15,16,17,18,19,2,20,22,26,27,28,3,32,47,51,59,6,69,75,79,83,84,9,90,99
77,1,114,125,126,130,132,144,15,16,18,19,2,20,21,22,26,27,28,3,32,47,51,59,6,75,79,83,84,90,99
78,1,114,126,130,138,144,15,16,18,19,2,20,21,22,27,28,32,47,59,6,69,75,79,83,90,99
79,1,114,125,126,130,138,144,15,16,17,18,20,22,26,27,28,32,34,47,51,59,6,75,79,83,90,99
80,1,114,144,16,18,19,2,22,26,27,28,32,47,6,79,83,90,99
81,1,114,125,126,130,138,144,16,18,19,2,20,21,22,26,27,28,32,34,47,48,51,59,6,75,79,83,84,90,99
82,1,114,126,130,138,144,16,17,18,19,2,20,27,28,32,47,48,51,59,6,75,79,83,90
83,1,114,126,130,144,15,16,18,19,2,20,21,22,26,27,28,3,32,47,59,6,75,79,83,84,90,99
84,1,114,126,130,138,15,16,19,20,22,26,27,28,32,47,51,6,79,83,90,99
85,1,114,125,126,130,144,16,17,18,19,20,21,22,26,27,28,3,32,47,48,51,59,6,75,79,83,84,90,99
86,1,101,114,125,126,130,138,144,15,16,17,18,19,20,21,22,26,27,28,3,32,47,51,59,6,75,79,83,84,90,99
87,1,114,130,16,17,2,20,22,27,28,32,47,59,6,75,90,99
88,1,16,26,28,79,83
89,1,114,125,126,130,132,138,144,15,16,17,18,19,2,20,21,22,26,27,28,32,47,51,59,6,75,79,83,84,9,90,99
90,1,114,126,130,132,144,15,16,17,18,19,2,20,21,22,26,27,28,3,32,47,48,51,6,79,83,84,90,99
91,1,101,114,125,126,130,144,15,16,18,19,2,20,22,26,27,28,32,47,51,59,6,75,79,83,84,90,99
92,1,114,125,130,144,16,18,2,20,22,26,27,28,32,47,48,51,6,75,79,83,84,90,99
93,1,101,114,126,130,138,144,15,16,17,18,19,2,20,22,26,27,28,32,34,47,48,51,59,6,69,75,79,83,84,90,99
94,1,101,114,125,130,138,16,18,20,22,26,27,28,32,47,51,59,6,75,83,90
95,1,101,114,125,126,130,138,144,15,16,18,19,2,20,21,22,26,27,28,32,34,47,51,59,6,75,79,83,9,90,99
96,1,114,126,130,144,15,16,18,19,21,22,26,27,28,32,47,51,6,79,83,90,99
97,1,114,126,130,144,16,17,18,19,2,20,21,22,26,27,28,32,47,48,51,59,6,75,79,83,84,90,99
98,1,101,114,126,130,138,144,15,16,17,18,19,2,20,21,22,26,27,28,32,47,48,51,59,6,69,75,79,83,84,90,99
99,1,114,126,130,138,144,15,16,17,18,19,2,20,21,22,26,27,28,32,34,47,51,59,6,69,75,79,83,84,90,99
100,1,101,114,125,126,130,132,138,144,15,16,17,18,19,2,20,21,22,26,27,28,3,32,47,51,59,6,69,75,79,83,84,9,90,99
101,1,114,126,130,138,144,15,16,17,18,19,2,20,21,22,26,27,28,3,32,34,47,48,51,59,6,69,75,79,83,84,9,90,99
102,1,101,114,126,130,132,138,144,15,16,18,19,2,20,21,22,26,27,28,3,32,34,47,51,59,6,75,79,83,9,90,99
103,1,101,114,125,126,130,132,138,144,15,16,17,18,19,2,20,22,26,27,28,3,32,47,51,59,6,69,75,79,83,84,90,99
104,1,101,114,125,126,130,132,144,15,16,17,18,2,20,22,26,27,28,32,34,47,51,59,6,69,75,79,83,84,9,90,99
105,1,114,126,130,144,15,16,17,18,19,2,20,21,22,26,27,28,32,47,51,59,75,79,83,90
106,1,126,130,144,16,18,19,20,21,28,3,32,34,47,51,79,83,84,9,90,99
107,1,101,114,126,130,132,138,144,16,18,19,2,20,21,22,26,27,28,3,32,34,47,48,51,59,6,75,79,83,9,90,99
108,1,101,126,138,144,16,20,21,27,28,51,59,75,83,9,99
109,1,114,16,22,27,28,47,6
110,1,101,114,125,126,138,144,15,16,17,18,2,20,22,26,27,28,32,34,47,51,59,6,75,79,83,9,99
111,1,114,125,126,130,132,138,144,15,16,17,18,19,2,20,21,22,26,27,28,3,32,47,51,59,6,75,79,83,84,9,90,99
112,1,114,125,126,130,138,144,15,16,18,19,2,20,22,26,27,28,3,32,34,47,51,59,6,75,79,83,84,9,90,99
113,1,114,126,130,15,16,18,19,2,20,21,22,26,27,28,3,32,47,51,59,6,69,75,79,83,84,90,99
114,1,101,114,125,126,130,138,144,16,17,18,2,20,21,22,27,28,32,47,51,59,6,75,79,83,84,9,90,99
115,1,101,114,125,126,130,138,144,16,17,18,19,2,20,21,22,26,27,28,32,47,51,59,6,75,79,83,84,9,90,99
116,1,114,126,130,138,144,15,16,17,18,19,2,20,21,22,26,27,28,32,47,51,59,6,69,75,83,9,90
117,1,114,125,126,130,132,138,144,15,16,17,19,2,20,21,22,26,27,28,3,32,47,48,51,59,6,69,75,79,83,84,9,90,99
118,1,114,126,130,138,144,15,16,18,19,2,20,21,22,26,28,32,47,48,51,6,79,83,9,90,99
119,1,114,126,130,144,15,16,17,20,22,27,28,32,47,51,59,6,83
120,1,114,126,130,16,19,2,22,26,27,28,32,47,6,83,84,9,90,99
121,1,101,114,126,130,138,144,15,16,18,19,2,20,21,22,26,27,28,3,32,34,47,51,6,75,79,83,84,9,90,99
122,1,101,114,125,126,130,138,144,15,16,17,18,19,2,20,21,22,26,27,28,32,47,51,59,6,69,75,79,83,9,90,99
123,1,114,126,130,144,16,19,2,21,22,26,27,28,32,47,48,51,59,6,75,79,83,84,90,99
124,1,114,125,144,16,18,19,2,20,22,26,27,28,3,32,48,51,6,83,84,9,90,99
125,1,101,114,125,126,130,138,144,16,18,19,2,20,21,22,26,27,28,3,32,47,48,59,6,75,79,83,9,90,99
126,1,114,126,144,16,19,2,20,21,22,26,28,32,47,59,6,69,75,83,84,90,99
127,1,114,130,132,138,144,16,18,19,2,20,21,26,28,3,32,47,51,69,79,83,84,9,90
128,1,114,130,144,16,19,20,21,22,26,27,28,3,47,48,51,83,84,9,90,99
129,1,101,114,125,126,130,138,144,15,16,17,19,2,20,21,22,26,28,3,32,34,47,48,51,59,6,69,75,79,83,84,90,99
130,1,114,125,126,130,132,138,144,15,16,18,19,2,20,21,22,26,27,28,32,47,48,51,59,6,75,79,83,9,90,99
131,1,101,114,126,130,138,144,15,16,17,18,19,2,20,21,22,26,27,28,3,32,47,51,59,69,75,79,83,84,9,90,99
132,1,114,126,130,138,144,16,17,18,19,2,20,21,22,26,28,32,34,47,59,6,75,79,83,90
133,1,101,114,126,130,138,144,16,17,18,19,2,20,21,22,26,27,28,3,32,34,47,48,51,59,6,75,79,83,84,9,90,99
134,1,114,126,130,144,16,17,19,20,21,22,26,27,28,32,47,51,79,83,90,99
135,1,101,114,125,126,130,138,144,16,18,19,2,21,22,27,28,32,47,51,59,6,75,79,83,84,90,99
136,1,114,125,126,144,15,16,17,18,19,2,20,22,26,27,28,32,47,51,59,6,75,79,83,84,9,90,99
137,1,114,125,126,130,138,144,15,16,18,19,2,20,21,22,26,27,28,3,32,34,47,51,59,6,75,79,83,84,9,90,99
138,1,126,130,144,19,21,22,26,27,28,32,47,6,79,83,9,90,99
139,1,101,114,125,126,138,144,15,16,19,2,20,22,26,27,28,32,47,51,59,6,75,83,9,90,99
140,1,114,126,130,138,18,20,22,26,27,28,32,47,48,59,6,75,83
141,1,114,144,16,20,22,26,27,32,47,59,6,75,83,9
142,1,114,16,19,2,22,27,3,32,47,6,83,84,9,99
143,1,101,114,126,130,132,138,144,15,16,17,18,19,2,20,21,22,26,27,28,32,34,47,51,59,6,69,75,79,83,9,90,99
144,1,114,126,138,144,15,16,17,18,19,2,20,22,26,27,28,3,32,34,47,48,51,59,6,69,75,79,83,84,9,90,99
145,1,114,126,144,15,16,19,2,20,22,26,27,28,32,47,51,6,83,90
146,1,114,125,126,130,138,144,15,16,17,18,19,2,20,21,22,26,27,28,3,32,47,51,59,6,69,75,79,83,90,99
147,1,101,114,126,130,138,144,15,16,17,18,19,2,20,21,22,26,27,28,32,34,47,51,59,6,75,79,83,84,9,90
148,1,114,126,144,15,16,17,18,19,2,20,22,26,27,28,32,34,47,51,59,6,75,79,83,9,90,99
149,1,114,125,126,130,16,17,18,19,20,21,22,26,27,28,32,47,59,6,75,79,83,84,9,90
150,1,101,114,125,126,130,138,144,15,16,18,19,2,20,21,22,26,27,28,32,47,59,6,75,79,83,9,90,99
151,1,114,126,130,138,144,16,18,19,2,20,22,26,27,28,32,47,48,51,59,6,75,79,83,84,9,90,99
152,1,101,114,126,130,138,144,15,16,17,19,2,20,21,22,26,27,28,3,32,47,48,51,59,6,75,79,83,84,9,90,99
153,1,101,114,125,126,130,138,144,16,18,19,2,20,22,26,27,28,3,32,34,47,51,59,6,75,79,83,9,90,99
154,1,114,126,130,138,144,15,16,17,19,2,20,21,22,26,27,28,32,47,59,6,75,79,83,9,90,99
155,144,18,19,20,21,28,32,47,51,79,83,9,90
156,1,114,126,130,144,15,16,18,19,2,20,22,26,27,28,32,47,51,59,6,75,79,83
157,1,114,130,144,16,18,19,2,20,21,22,26,27,28,32,47,6,75,83,84,9,90,99
158,1,114,126,130,144,15,16,17,18,19,20,21,22,26,27,28,32,34,47,48,51,6,75,79,83,84,9,90,99
159,1,16,2,20,27,28,32,51,83,9,90
160,1,114,130,144,16,18,19,2,22,27,32,34,47,6,75,79,83,9
161,1,114,130,16,18,19,2,20,21,22,27,28,3,32,47,51,59,6,75,83,84,90,99
162,1,114,125,126,130,144,15,16,19,2,20,22,26,27,28,32,34,47,51,59,6,75,79,83,84,9,90,99
163,1,101,114,126,130,132,138,144,15,16,19,2,20,21,22,26,27,28,3,32,47,51,59,6,69,75,79,83,9,90,99
164,1,114,138,144,16,2,27,28,32,47,51,75,83,9,99
165,1,101,114,126,130,138,144,15,16,17,18,19,2,20,21,22,26,27,28,3,32,34,47,48,51,59,6,69,75,79,83,84,9,90,99
166,1,114,19,22,26,27,28,32,6,83
167,16,26,27,28,3,47,75,83,9
168,1,114,125,126,130,138,144,16,18,19,2,20,21,22,26,27,28,32,34,47,51,59,6,75,79,83,9,90,99
169,1,114,126,132,138,144,15,22,27,32,47,48,6,75,79,83,84,9
170,1,114,126,130,144,15,16,18,19,2,21,22,26,27,28,3,32,47,59,75,79,83,84,9,90,99
171,1,114,138,18,22,26,27,32,47,79,83,9
172,1,101,114,126,138,144,15,16,19,2,20,21,22,26,27,28,32,51,59,6,75,79,83,9,90,99
173,1,101,114,125,126,130,138,144,15,16,17,18,19,2,20,21,22,26,27,28,32,34,47,51,59,6,75,79,83,9,90,99
174,1,114,126,138,16,18,19,20,22,26,27,28,32,47,51,59,6,75,83,9,90,99
175,1,114,126,144,16,17,19,22,26,28,32,47,51,6,83,84,9
176,1,101,114,125,126,130,138,144,16,17,18,19,2,20,21,22,26,27,28,32,34,47,48,51,59,6,75,83,9,90,99
177,1,114,126,18,19,22,27,32,47,51,6,83,9,90,99
178,1,101,114,126,130,138,144,15,16,17,18,19,2,20,21,22,26,27,28,3,32,47,51,59,6,75,79,83,84,9,90,99
179,1,114,126,130,138,144,16,19,2,20,21,22,26,27,28,32,47,48,75,79,83,9,90,99
180,1,101,114,126,130,144,16,17,18,19,20,21,22,27,28,32,47,51,59,6,75,79,83,90,99
181,1,138,144,16,22,27,51,75,83,9,99
182,1,101,114,125,126,130,132,138,144,15,16,17,18,19,2,20,21,22,26,27,28,3,32,34,47,48,51,59,6,69,75,79,83,84,9,90,99
183,1,101,114,125,126,130,138,144,16,17,18,19,2,20,21,22,26,27,28,3,32,34,47,51,59,6,69,75,79,83,84,9,90,99
184,1,114,125,126,130,138,144,16,17,18,19,20,22,26,27,28,32,47,51,59,6,75,79,83,84,9,90,99
185,1,101,114,126,130,132,144,15,16,17,18,19,20,21,22,27,28,3,32,34,47,51,59,6,75,79,83,84,9,90
186,1,114,126,130,132,144,16,18,19,2,20,21,22,26,27,28,3,32,47,51,6,75,79,83,84,9,90,99
187,1,101,114,126,130,138,144,15,16,17,18,19,2,20,21,22,26,27,28,3,32,34,47,51,59,6,75,79,83,84,9,90,99
188,1,101,114,125,126,130,132,138,144,15,16,18,19,2,20,21,22,26,27,28,32,34,47,51,59,6,75,79,83,84,9,90,99
189,1,114,130,16,19,2,21,22,26,27,28,32,47,51,83,90
190,1,144,16,19,2,21,27,28,32,47,83,9,90
191,1,101,114,138,144,16,18,2,20,22,26,27,28,32,47,51,59,6,75,79,83,9,99
192,1,114,125,126,130,144,15,16,17,18,19,2,20,21,22,26,27,28,3,32,47,51,59,6,75,79,83,84,9,90,99
193,1,114,126,130,132,144,15,16,18,19,2,20,21,22,26,27,28,3,32,47,48,51,59,6,75,79,83,9,90,99
194,1,130,144,16,19,2,21,22,26,27,3,47,51,6,79,83,9,90
195,1,114,125,130,138,144,16,18,20,22,26,27,32,47,51,6,75,79,83,9,99
196,1,114,125,126,130,132,138,144,15,16,18,19,2,20,21,22,26,27,28,3,32,34,47,51,59,6,75,79,83,84,9,99
197,1,101,125,126,130,132,138,144,15,16,18,19,20,21,26,27,28,32,34,47,51,59,6,75,79,83,9
198,1,114,126,130,138,144,15,16,18,19,2,20,26,27,32,47,48,51,79,83,9,90,99
199,1,114,125,126,130,138,144,15,16,17,18,19,20,21,22,26,27,28,3,32,47,59,6,69,79,83,90
200,1,114,126,130,144,16,17,18,19,2,20,21,22,26,27,28,3,32,34,47,48,51,59,6,79,83,84,9,90,99
201,1,114,126,130,138,144,15,16,17,18,19,2,21,22,26,27,28,3,32,47,51,59,6,69,75,79,83,90,99
202,1,114,125,126,130,132,138,144,16,17,18,19,20,21,22,26,27,28,32,34,47,48,51,59,6,69,75,79,83,84,90,99
203,1,114,126,130,138,144,15,16,17,18,19,2,20,21,22,26,27,28,32,47,51,59,6,75,79,83,90,99
204,126,130,16,19,20,26,28,32,47,51,84,90
205,1,101,114,126,130,138,144,15,16,19,2,21,22,26,27,28,3,32,47,51,6,75,79,83,84,90,99
206,1,114,126,130,138,144,16,17,18,19,2,20,21,26,27,28,32,34,47,51,59,6,69,75,79,83,90,99
207,1,130,144,16,19,21,26,28,3,32,47,51,83,84,90,99
208,1,114,126,130,144,16,17,18,19,2,20,21,22,26,28,32,34,47,51,79,83,84,90,99
209,1,130,144,16,17,18,19,21,26,27,28,3,32,47,51,79,83,90,99
210,1,114,126,130,144,2,22,26,27,28,32,47,59,6,75,79,83,84,90,99
211,1,130,138,144,16,19,21,22,26,28,32,47,83,84,90,99
212,1,130,16,19,21,28,32,83,90,99
213,1,114,126,130,132,144,16,18,19,2,20,21,22,26,27,28,3,32,47,79,83,84,90,99
214,1,126,130,144,16,19,2,20,21,26,28,32,47,69,79,83,84,90,99
215,1,114,126,130,138,144,15,16,17,18,19,2,20,22,26,28,32,47,48,51,59,6,69,75,79,83,84,90,99
216,1,101,114,125,126,130,144,15,16,17,18,19,2,20,21,22,26,27,28,32,34,47,51,59,6,69,75,79,83,84,9,90,99
217,1,126,130,144,16,18,19,20,21,26,28,32,47,51,69,79,83,90,99
218,1,126,130,138,144,15,16,17,18,19,2,20,21,26,27,28,3,32,34,47,79,83,84,90
219,1,126,130,138,144,16,18,19,20,21,22,26,28,3,32,47,51,83,84,90,99
220,1,114,126,130,138,144,20,26,27,28,32,47,75,83,90
221,1,130,144,16,19,21,26,28,3,32,48,51,69,84,90,99
222,1,101,114,126,130,132,138,144,15,16,17,18,19,2,20,21,22,26,27,28,3,32,34,47,51,59,6,69,75,79,83,84,90,99
223,1,114,126,130,138,144,16,17,19,21,22,26,28,32,51,83,84,90,99
224,1,114,126,130,132,138,144,16,18,19,20,21,22,26,27,28,3,32,34,47,51,6,75,83,84,90,99
225,1,114,125,126,130,138,144,15,16,17,18,19,2,20,21,22,26,27,28,3,32,47,48,51,59,6,75,79,83,84,90,99
226,1,114,126,130,144,16,19,2,26,28,3,32,34,47,83,90,99
227,114,126,144,15,16,18,19,21,22,26,28,32,47,51,83,90
228,1,114,126,130,144,16,18,19,26,28,3,32,47,51,69,83,84,90,99
229,1,114,126,130,132,138,144,16,17,18,21,26,28,3,32,47,51,59,6,75,79,83,84,90,99
230,1,114,126,130,138,144,15,16,18,19,20,21,22,26,27,28,32,47,51,79,83,84,90,99
231,1,114,126,130,144,16,18,19,20,21,22,26,28,32,47,59,75,79,83,90,99
232,1,101,114,125,126,130,144,15,16,17,18,19,2,20,21,22,26,27,28,3,32,34,47,51,6,79,83,84,90,99
233,1,126,130,144,15,16,17,18,19,20,21,26,28,3,32,48,51,6,79,83,84,90,99
234,1,126,130,144,15,16,17,18,19,21,26,27,28,3,32,47,51,79,83,84,90,99
235,1,114,126,130,138,144,15,16,17,18,19,2,20,21,22,26,27,28,32,47,48,51,6,79,83,84,90,99
236,1,130,17,19,21,28,3,32,48,51,69,79,84,90
237,1,114,126,130,144,16,17,18,19,21,26,27,28,3,32,48,51,79,83,84,90,99
238,1,114,126,130,138,144,16,17,18,19,20,21,22,26,27,28,3,32,47,48,51,6,69,79,83,84,90,99
239,1,114,126,130,144,16,17,18,19,21,22,26,27,28,32,47,48,59,6,75,79,83,90,99
240,1,114,125,130,144,2,20,21,26,28,32,48,59,6,75,79,83,99
241,1,114,126,130,132,144,15,16,18,19,22,26,27,28,3,32,47,51,6,83,84,90,99
242,1,114,126,130,144,16,17,18,19,21,22,26,28,3,32,47,51,6,75,79,83,84,90,99
243,1,126,130,144,16,20,21,28,32,47,51,79,83,99
244,1,114,126,130,138,144,16,17,18,19,20,22,26,28,32,47,59,69,75,79,83,90,99
245,1,114,126,130,144,15,16,19,2,20,21,22,26,27,32,47,48,51,59,6,75,79,83,84,99
246,1,114,126,130,144,15,16,17,18,19,22,26,28,32,34,47,79,83,84,90,99
247,1,144,16,17,19,21,26,28,32,47,51,79,83,84,90,99
248,1,114,126,130,144,16,18,19,21,22,26,28,3,32,47,83,84,90,99
249,1,114,126,130,138,144,15,16,17,18,19,2,20,22,26,28,32,47,48,51,59,6,75,79,83,84,90
250,1,101,114,125,126,130,132,138,144,15,16,17,18,19,2,20,21,22,26,27,28,3,32,34,47,51,59,6,69,75,79,83,84,90,99
251,1,130,138,144,16,17,18,19,26,28,3,32,47,51,79,83,84,90,99
252,1,114,125,126,130,144,15,16,17,18,19,2,20,22,26,27,28,3,32,47,48,51,59,6,75,79,83,84,90,99
253,1,126,130,138,144,15,16,19,2,21,26,28,3,32,47,51,83,84,90,99
254,1,114,126,130,144,16,19,21,22,26,28,3,32,34,47,51,83,84,90,99
255,1,101,114,126,130,138,15,16,17,18,19,2,20,22,26,27,28,32,47,6,79,83,90,99
256,1,114,130,144,17,18,19,20,21,22,26,28,32,34,47,51,59,75,79,83,90,99
257,1,114,126,138,144,15,16,18,19,20,22,26,27,28,32,47,51,59,6,75,79,83,84,90,99
258,1,114,126,130,144,16,18,19,21,22,26,27,28,3,32,34,47,51,6,75,79,83,84,90,99
259,1,101,114,125,126,130,138,144,16,17,18,19,2,20,21,22,26,27,28,3,32,34,47,51,59,6,75,79,83,84,9,90,99
260,1,114,126,130,144,16,18,19,20,22,26,27,28,3,32,47,6,83,84,90,99
261,1,101,114,126,130,138,144,15,16,19,2,20,22,26,28,3,32,34,47,51,59,75,79,83,84,90,99
262,1,114,126,130,144,15,16,17,18,19,2,20,21,22,26,28,3,32,34,47,48,51,59,69,75,79,83,84,9,90,99
263,1,114,125,126,130,138,144,15,16,17,18,19,2,20,21,22,26,27,28,32,34,47,51,59,6,75,79,83,84,90,99
264,1,114,130,132,144,16,19,2,20,21,22,26,27,28,32,34,47,48,51,59,6,75,83,9,90,99
265,1,114,126,130,138,144,16,18,19,20,21,26,28,32,47,51,59,83,84,90,99
266,1,114,125,126,130,138,144,15,16,18,19,2,20,21,22,26,27,28,3,32,47,48,51,59,6,69,75,79,83,84,90,99
267,1,101,114,125,126,130,138,144,15,16,17,18,20,22,26,27,28,32,34,47,51,59,6,75,79,83,90,99
268,1,101,114,126,130,138,144,15,16,17,18,19,2,20,21,22,28,3,32,34,47,51,59,69,75,79,83,84,90
269,1,114,126,130,138,144,16,18,19,20,22,26,27,28,3,32,34,47,51,59,6,75,79,83,84,90,99
270,1,114,125,126,130,138,144,15,16,17,18,19,2,20,21,22,26,27,28,32,34,47,51,59,6,75,79,83,90,99
271,1,114,125,126,130,138,144,16,17,18,19,2,20,21,22,26,27,28,3,32,47,51,59,6,69,75,79,83,84,9,90,99
272,1,101,114,130,144,16,18,19,20,22,27,28,3,32,34,47,59,79,83,84,9,90,99
273,1,114,130,144,22,26,27,28,47,79,83,90
274,1,114,125,126,130,16,18,19,20,22,27,28,32,47,51,59,6,75,79,83,90,99
275,1,114,130,138,144,16,17,18,19,2,20,21,22,26,27,28,3,32,34,47,51,6,75,79,83,84,90,99
276,1,114,16,2,22,28,59,75,83,90,99
277,1,114,125,126,130,144,15,18,19,2,20,22,26,27,28,32,34,47,51,59,6,75,79,83,90,99
278,1,114,126,130,138,144,15,16,17,18,19,20,26,27,28,32,47,51,79,83,90
279,1,130,144,16,17,19,2,26,28,3,47,79,84,90
280,1,144,16
281,1,101,114,126,130,138,144,16,18,19,20,21,22,26,27,28,3,32,34,47,51,6,75,79,83,84,90,99
282,1,114,126,130,132,144,15,16,17,18,19,20,21,22,26,27,28,3,32,47,51,59,6,69,75,83,84,90,99
283,1,114,125,126,130,138,144,15,16,18,19,2,20,26,27,28,32,47,6,69,75,79,83,9,90
284,1,101,114,126,130,138,144,16,17,18,20,21,22,26,27,28,32,34,47,51,6,75,79,83,90,99
285,1,114,126,130,144,15,16,17,18,19,2,21,22,26,27,28,3,32,47,51,6,69,75,79,83,84,90,99
286,1,101,114,125,126,130,138,144,16,17,18,19,2,20,22,26,27,28,32,34,47,51,59,6,75,79,83,9,90
287,1,101,114,125,126,130,132,138,144,15,16,17,18,19,2,20,21,22,26,27,28,32,34,47,48,51,6,75,79,83,84,9,90,99
288,1,126,130,144,16,17,18,19,2,21,26,27,28,3,32,34,47,75,79,83,84,90
289,1,126,130,144,18,19,21,26,28,32,47,75,83,84,90,99
290,1,101,114,126,130,138,144,16,17,18,19,2,20,21,22,26,27,28,3,32,47,51,59,6,69,75,79,83,84,90,99
291,1,114,126,130,138,144,18,22,26,28,32,47,75,79,83,90
292,1,130,144,16,18,19,21,26,27,32,47,83,84,90
293,1,126,130,144,16,17,18,21,26,28,3,47,79,83,84,9,90
294,1,114,130,144,16,19,21,26,3,32,47,48,83,84,99
295,1,114,126,130,15,16,19,2,20,22,26,27,28,32,47,51,59,6,75,79,83,84,99
296,1,114,126,130,138,144,15,16,17,18,19,20,21,22,26,27,28,3,32,34,47,48,51,59,6,75,79,83,84,90,99
297,1,114,126,130,138,144,16,17,18,19,22,26,27,28,3,32,47,6,75,79,83,84,90,99
298,1,114,126,130,138,144,16,17,18,19,2,20,21,22,26,28,3,32,47,51,59,6,75,79,83,84,90,99
299,1,114,125,126,130,138,144,16,17,18,2,20,22,26,27,28,32,34,47,51,59,6,75,79,83,84,9,99
300,1,126,144,16,19,26,28,51,83
301,1,114,126,130,144,15,16,18,19,20,21,22,26,27,28,32,34,47,48,51,59,6,75,83,84,90,99
302,1,114,125,126,130,138,144,16,17,18,19,20,22,26,27,28,3,32,34,47,51,59,6,75,79,83,84,90
303,1,101,114,126,130,138,144,15,16,18,19,2,20,21,26,27,28,3,32,34,47,48,51,59,6,75,79,83,84,90,99
304,1,114,126,130,144,16,18,22,26,27,28,3,32,47,6,83,90
305,144,19,21,26,32,48,83,90
306,1,114,126,130,138,144,15,16,18,19,2,21,26,28,3,32,47,48,51,69,75,79,83,84,90,99
307,1,114,126,130,144,15,16,17,18,19,2,20,21,22,26,27,28,32,47,48,51,6,69,79,83,90,99
308,1,114,125,126,130,132,144,15,16,17,18,19,2,21,22,26,27,28,3,32,34,47,51,59,75,79,83,84,9,90,99
309,1,114,125,126,130,138,144,16,17,18,19,21,22,26,27,28,3,32,34,47,51,59,6,75,79,83,84,90,99
310,1,114,125,130,16,17,18,19,20,21,22,26,27,28,3,32,47,51,59,6,69,79,83,9,90,99
311,1,114,130,16,18,19,21,22,26,27,28,3,32,34,47,51,59,6,75,79,83,84,9,90,99
312,1,114,126,130,144,16,18,19,2,20,21,22,26,27,28,3,32,47,51,6,79,83,84,9,90,99
313,1,101,114,125,126,130,138,144,16,18,19,20,22,26,28,32,34,47,51,59,6,75,79,83,90,99
314,1,101,114,125,126,130,138,144,16,17,18,19,2,20,21,26,27,28,32,34,47,51,59,6,69,75,79,83,9,90,99
315,1,114,126,130,138,144,16,17,18,19,20,21,26,27,32,47,6,79,83,90,99
316,1,114,126,130,138,144,16,18,19,2,20,22,26,27,28,32,47,48,51,59,6,75,79,83,84,9,90,99
317,1,114,126,130,138,144,16,17,18,19,2,20,26,27,28,3,32,34,47,69,75,79,83,84
318,1,114,126,130,132,138,144,16,17,18,19,2,20,21,22,26,27,28,3,32,47,51,6,75,79,83,84,9,90,99
319,1,130,144,16,19,26,27,28,32,47,51,79,83,9
320,1,114,126,130,144,16,17,18,19,20,21,22,26,27,28,32,47,48,51,6,75,79,83,90
321,1,130,16,18,19,2,20,21,26,28,32,47,83,90,99
322,1,114,130,144,16,17,19,22,27,28,32,51,59,75,79,83,90,99
323,1,101,114,125,126,130,138,144,15,16,17,18,19,2,20,21,22,26,27,28,3,32,34,47,48,51,59,6,69,75,79,83,84,9,90,99
324,1,114,126,130,144,16,18,19,2,20,21,22,26,27,28,32,47,48,51,6,75,79,83,84,90
325,1,114,125,126,130,138,144,16,18,19,2,20,21,22,26,27,28,32,47,6,69,75,79,83,84,9,90,99
326,1,114,126,17,19,20,22,26,27,28,32,47,6,83,84,90
327,1,114,126,130,132,144,15,16,19,2,22,27,28,3,32,47,51,79,83,84,90,99
328,1,114,125,126,130,144,15,16,17,18,19,2,20,22,26,27,28,32,47,51,59,6,75,79,83,9,90,99
329,1,101,114,125,126,130,138,144,15,16,17,18,19,2,20,21,22,26,27,28,3,32,34,47,48,51,59,6,69,75,79,83,84,9,90,99
330,1,114,125,126,130,144,16,19,2,20,21,22,26,27,28,3,32,34,47,51,59,6,75,79,83,9,90,99
331,1,114,126,130,144,15,16,18,19,21,22,26,27,28,3,32,34,47,48,51,59,6,75,79,83,84,90,99
332,1,114,126,130,138,144,15,16,17,18,19,2,21,22,26,27,28,3,32,47,51,6,75,79,83,84,90
333,1,114,125,126,130,132,138,144,16,18,20,21,22,26,27,28,3,32,34,47,51,59,6,75,79,83,84,9,90,99
334,1,114,125,126,130,138,144,15,16,18,19,2,20,22,26,27,28,32,34,47,48,51,59,6,75,79,83,9,90,99
335,1,114,130,144,16,18,19,26,27,28,3,32,47,51,79,83,84
336,1,114,130,144,16,19,2,21,22,26,27,28,3,32,34,47,6,79,83,84,90,99
337,1,114,130,144,16,19,2,20,21,22,26,27,28,32,47,51,6,83,90,99
338,1,114,130,19,21,22,26,27,28,32,47,51,59,6,69,75,79,83,84,90,99
339,1,114,130,144,22,26,27,3,47,6,83,84
340,1,114,126,130,144,16,18,19,20,22,26,27,28,32,47,48,51,6,79,83,84,90,99
341,1,114,126,144,15,16,17,19,2,20,21,22,26,27,28,32,34,47,51,59,6,75,79,83,90,99
342,1,101,114,125,126,130,138,144,16,17,18,19,2,20,26,27,28,32,34,47,51,59,6,75,79,83
343,1,114,125,126,130,138,144,15,16,17,18,19,2,20,21,22,26,27,28,3,32,34,47,48,51,59,6,75,79,83,84,9,90,99
344,1,130,144,18,19,26,27,28,3,47,51,79,83,84,9
345,1,114,125,126,130,132,138,144,16,17,18,19,2,20,21,22,26,27,28,32,34,47,51,59,6,75,79,83,84,9,90,99
346,16,18,21,28,3,47
347,1,114,126,130,144,15,17,18,19,20,22,27,28,32,47,51,59,75,79,83,90,99
348,1,101,114,126,130,138,144,16,17,18,20,22,26,27,28,32,47,51,59,6,75,79,83,9,90,99
349,1,101,114,126,130,138,144,16,18,19,2,20,21,22,26,27,28,32,47,48,59,6,79,83,84,9,90,99
350,1,114,126,130,144,16,17,18,19,21,26,27,28,32,47,48,6,79,83,9,90,99
351,1,114,126,130,144,15,16,19,2,20,21,22,26,28,3,32,34,47,59,75,79,83,84,99
352,1,114,130,144,16,17,18,19,2,21,22,26,27,28,32,47,48,59,79,83,84,9,90,99
353,1,101,114,126,130,138,144,16,19,2,20,26,27,28,32,47,51,59,6,75,83,90,99
354,1,144,16,19,2,20,26,27,32,6,83,99
355,1,114,126,130,144,16,18,19,2,20,21,26,27,28,32,47,51,75,79,83,90,99
356,1,114,125,126,130,138,144,15,16,17,18,19,2,20,21,22,26,27,28,3,32,34,47,48,51,59,6,75,79,83,84,9,90,99
357,1,101,114,130,138,144,15,16,17,18,19,2,20,21,26,27,28,32,47,51,59,6,75,79,83,9,90,99
358,1,114,126,130,144,16,18,22,26,27,28,3,32,34,47,6,79,83,9,99
359,1,130,144,16,18,19,20,27,28,47,51,79,83,99
360,138,21
361,1,130,132,144,16,17,19,2,26,27,3,32,34,47,48,51,79,83,84,9,90,99
362,1,101,114,126,130,138,144,16,17,18,19,2,20,22,26,27,28,3,32,34,47,48,51,59,6,75,79,83,84,9,90,99
363,1,101,114,125,126,130,138,144,15,16,17,18,19,2,20,21,22,26,27,28,3,32,34,47,48,51,59,6,75,79,83,84,9,90,99
364,1,114,126,144,15,16,18,19,2,20,21,22,26,27,28,32,34,47,51,59,6,69,75,79,83,9,90,99
365,1,114,126,130,16,19,2,22,32,34,47,59,75,79,83,84,99
366,1,101,114,126,130,138,144,15,16,17,19,2,20,22,26,27,28,32,47,51,59,6,75,79,83,9,90,99
367,1,114,126,130,132,138,144,16,18,19,2,20,21,22,26,27,28,32,34,47,48,51,59,6,75,79,83,84,9,90,99
368,1,114,126,130,144,16,19,2,27,28,47,75,79,83,90
369,1,144,16,27,32,34,47,79,83,9
370,1,114,130,144,17,18,19,2,20,26,27,28,3,32,34,47,51,75,79,83,84,99
371,1,114,130,144,16,17,18,19,21,22,26,27,28,32,34,47,51,79,83,9,90,99
372,1,101,114,126,130,144,16,18,22,26,27,28,3,32,47,51,75,79,83,84,9,90,99
373,1,114,130,132,144,16,19,2,21,22,26,27,28,32,47,83,9
374,1,114,125,130,138,144,16,19,21,22,26,27,28,32,47,51,59,6,75,79,83,9,90,99
375,1,101,114,125,126,138,144,15,16,17,18,19,2,20,21,22,26,27,28,32,47,51,59,6,69,75,79,83,9,90,99
376,1,114,126,144,15,20,22,26,27,28,32,47,6,83,9,99
377,1,114,126,144,16,2,20,26,27,28,32,47,75,83,84,9,99
378,1,101,114,126,130,132,138,144,16,17,18,19,2,20,21,22,26,27,28,3,32,47,48,51,59,6,69,75,79,83,84,90,99
379,1,114,130,132,144,16,18,19,20,22,26,27,28,32,47,59,75,83,84,90,99
380,1,101,114,126,130,144,15,16,17,19,2,20,21,22,26,27,28,32,34,47,48,59,6,75,79,83,84,9,90,99
381,1,114,126,130,144,16,18,2,22,27,28,32,34,47,6,83,84,90,99
382,1,130,138,144,2,20,28,51,59,75,79,83,90
383,1,114,126,130,138,144,16,19,2,20,21,22,27,28,3,32,34,47,59,6,83,90,99
384,1,101,114,126,130,138,144,15,16,17,18,2,20,21,22,26,27,28,32,34,47,51,59,6,75,79,83,90
385,1,114,125,126,130,138,144,16,18,19,2,20,21,26,27,28,32,47,51,59,6,69,75,79,83,84,9,90,99
386,1,16,19,27,47,48,83,9,90
387,1,114,130,16,22,28,32,47,59,6,75,83,9
388,1,126,130,144,16,18,19,21,26,27,28,3,32,47,51,69,79,83,84,9,99
389,1,114,125,126,130,144,15,16,17,19,2,20,21,26,27,28,32,47,51,59,6,75,79,83,84,9,90,99
390,1,101,114,125,126,130,138,144,15,16,17,18,19,2,20,21,22,26,27,28,3,32,34,47,51,59,6,75,79,83,84,9,90,99
391,1,101,114,125,126,130,138,144,15,16,17,18,19,2,20,21,22,26,27,28,3,32,34,47,48,51,59,6,75,79,83,84,9,90,99
392,1,114,130,138,144,16,18,19,2,20,21,22,26,27,28,3,32,47,51,59,6,75,79,83,84,9,90,99
393,1,114,126,130,144,16,17,18,19,22,26,27,28,32,47,51,6,79,83,9,99
394,1,114,126,130,138,144,16,18,19,2,20,21,22,26,27,28,32,51,6,79,83,9,90,99
395,1,130,144,16,18,27,28,47,51,79,83,9,90
396,1,130,16,19,21,27,28,32,47,59,6,75,79,83,9,90,99
397,1,130,16,18,21,26,27,47,79,83,90
398,1,114,126,130,144,15,16,17,18,19,20,21,22,26,27,28,32,47,51,59,6,75,79,83,84,90,99
399,1,130,144,16,2,21,27,32,59,83,9
400,1,114,126,130,132,144,15,16,17,18,19,2,20,21,22,26,27,28,3,32,34,47,51,59,75,79,83,84,9,90,99
401,1,114,126,130,132,138,144,15,16,17,18,19,2,20,21,22,26,27,28,32,34,47,48,51,59,6,69,75,79,83,84,9,90,99
402,1,114,126,130,132,138,144,15,16,17,18,19,20,21,22,26,28,3,32,47,6,75,79,83,84,90
403,1,114,125,130,138,144,16,17,18,19,20,21,22,26,27,28,32,47,51,59,6,75,83,84,9,90,99
404,1,130,144,16,18,20,26,27,47,6,83,9,90,99
405,1,114,130,144,16,18,19,20,26,27,28,3,32,34,47,59,6,75,79,83,84,9,99
406,1,101,114,126,130,144,15,16,17,18,19,2,20,21,22,26,27,28,3,32,47,48,51,59,6,69,75,79,83,84,90,99
407,1,114,126,130,138,144,16,17,18,19,20,21,22,26,27,28,32,34,47,51,59,6,75,79,83,84,9,90,99
408,26,34
409,1,101,114,125,130,132,138,144,15,16,18,19,26,27,28,32,34,47,48,51,59,6,79,83,84,90
410,1,114,130,132,144,16,18,21,22,26,27,28,47,51,59,6,75,83,9,90,99
411,1,114,130,132,138,144,15,16,18,21,26,27,28,32,47,51,59,79,83,84,90,99
412,1,114,126,130,138,144,15,16,19,20,21,26,27,28,47,51,59,6,69,75,79,83,84,90,99
413,1,101,114,126,130,132,138,144,15,16,17,18,19,2,20,21,26,27,28,3,32,34,47,48,51,59,6,69,75,83,84,90,99
414,114,138,144,15,16,19,26,27,32,51,84,99
415,1,101,114,126,130,138,144,15,16,19,2,20,21,22,26,27,28,32,34,51,59,6,69,75,83,84,9,90,99
416,1,101,114,125,126,130,132,138,144,16,18,19,2,20,21,26,27,28,3,32,34,47,48,51,59,6,75,79,83,84,9,90,99
417,1,114,126,130,132,138,144,15,16,18,19,20,21,22,26,27,28,47,48,51,59,75,79,83,84,90,99
418,1,101,114,125,126,130,132,138,144,15,16,18,19,20,21,22,26,27,28,3,34,47,51,59,6,75,79,83,84,90,99
419,1,114,130,138,144,15,16,18,19,2,26,27,28,32,34,47,51,75,83,84,90,99
420,1,101,114,125,126,130,132,138,144,15,16,21,22,26,27,28,34,51,6,75,79,83,84,90,99
421,1,101,125,126,130,132,138,144,15,16,19,2,20,21,26,27,28,32,34,47,48,51,69,79,83,9,90,99
422,1,101,114,130,132,138,144,15,16,18,19,2,20,26,27,28,32,34,47,48,51,59,6,69,75,79,83,84,90,99
423,1,114,125,126,130,138,144,15,16,18,19,2,20,21,22,26,27,28,3,32,47,48,51,59,6,79,83,84,90,99
424,1,101,114,125,126,130,132,138,144,15,16,17,18,19,2,20,21,22,26,27,28,3,32,34,47,48,51,59,6,69,75,79,83,84,9,90,99
425,1,114,125,126,130,138,144,15,16,19,20,21,26,27,28,32,34,47,48,51,59,6,69,79,83,84,90,99
426,1,101,114,126,130,132,144,15,16,18,19,2,20,21,26,27,28,32,34,47,48,51,59,6,69,79,83,84,90,99
427,1,101,114,125,126,130,132,138,144,15,16,18,26,27,28,32,51,59,6,69,75,79,83,84,90,99
428,1,126,138,144,16,19,2,21,26,27,51,6,79,83,90,99
429,1,101,114,126,130,132,138,144,15,16,18,20,21,22,26,27,28,32,47,48,51,59,6,75,79,83,84,90,99
430,1,114,125,126,130,132,138,144,16,18,19,2,22,26,27,28,32,47,48,51,6,75,79,83,84,9,90,99
431,1,101,125,126,130,132,138,144,15,16,18,19,20,21,22,26,27,28,32,34,47,48,51,59,6,75,79,83,84,90,99
432,1,101,114,125,126,130,132,138,144,15,16,18,19,2,20,21,22,26,27,28,32,34,47,48,51,59,6,75,79,83,84,90,99
433,1,101,114,126,130,138,144,15,16,19,22,26,27,28,3,32,34,51,59,6,75,79,83,84,90,99
434,1,125,126,130,138,144,15,16,19,2,20,21,26,27,28,3,32,51,59,75,79,83,90,99
435,1,114,125,126,130,138,144,15,16,18,19,2,20,21,22,26,27,28,32,47,48,51,83,84,90,99
436,1,22,26,27
437,1,114,130,138,144,15,16,19,20,26,27,28,32,51,6,83,84,99
438,1,114,130,138,144,15,16,18,19,20,22,26,27,3,32,34,51,59,75,79,83,84,90,99
439,1,101,114,125,126,130,132,138,144,15,16,18,19,2,20,21,22,26,27,28,32,47,48,51,59,79,83,84,90,99
440,1,114,126,130,132,138,144,15,16,17,18,20,22,26,27,28,32,47,51,59,6,75,79,83,84,90,99
441,1,126,130,138,144,16,19,20,26,3,32,34,47,48,51,6,75,79,83,99
442,1,126,130,138,144,21,26,27,32,51,6,79,83,90,99
443,1,101,114,138,144,16,19,27,28,32,48,51,83,99
444,101,130,138,144,15,16,19,26,28,51,6,75,90,99
445,1,126,130,138,144,16,22,26,27,28,32,34,48,51,69,75,84,99
446,1,101,114,126,130,138,144,15,16,18,19,20,21,22,26,27,28,32,34,47,48,51,59,6,69,75,79,83,84,9,90,99
447,1,101,114,126,130,132,138,144,15,16,18,19,2,20,21,22,26,27,28,32,34,48,51,59,6,75,79,83,84,90,99
448,1,114,130,144,15,16,19,21,26,27,28,32,59,6,79,83,84,99
449,1,101,114,126,130,132,138,144,15,16,2,20,22,26,27,28,47,51,59,6,69,75,79,83,84,90,99
450,1,114,126,130,138,144,16,19,2,21,22,26,27,28,32,51,59,83,84,99
451,1,101,114,125,126,130,132,138,144,16,19,21,22,26,27,28,32,34,51,6,75,79,83,84,90,99
452,1,125,126,138,144,16,19,26,3,32,34,47,51,90,99
453,1,114,144,16,18,26,27,3,51,84
454,1,114,138,144,16,18,19,32,51,84
455,1,101,125,126,130,132,138,144,15,16,17,18,20,22,26,27,28,3,32,47,48,51,75,79,83,84,9,90,99
456,1,101,114,125,126,130,132,138,144,15,16,18,19,21,26,27,28,32,47,51,6,79,83,84,90,99
457,1,114,126,130,132,138,144,15,16,19,2,20,21,26,27,28,3,32,47,48,51,83,84,90,99
458,1,114,130,144,15,16,20,26,27,32,47,51,83,84,90,99
459,1,126,130,132,138,144,15,16,18,19,20,21,22,26,27,28,32,51,59,75,79,83,84,90,99
460,1,101,114,125,126,130,132,138,144,15,16,18,19,20,22,26,27,28,3,32,47,48,51,59,6,69,75,79,83,84,9,90,99
461,1,114,125,132,138,144,16,18,20,26,27,28,32,47,51,59,79,83,84,99
462,1,101,114,130,132,144,15,16,19,20,26,27,28,47,48,51,59,79,83,90
463,1,125,130,132,138,144,15,16,19,2,32,34,51,79,83,84,99
464,1,126,130,138,144,15,16,22,26,27,28,3,32,34,51,6,83,90,99
465,1,114,126,130,132,138,144,15,16,18,19,20,21,22,26,27,28,3,32,47,48,51,6,75,79,83,84,9,90,99
466,1,130,132,138,144,15,16,20,22,26,27,28,51,75,79,83,84,90,99
467,1,101,114,125,126,130,132,138,144,15,16,17,18,19,2,20,21,22,26,27,28,3,32,34,47,48,51,59,6,69,75,79,83,84,9,90,99
468,1,114,125,126,130,132,138,144,15,16,18,19,20,22,26,27,28,32,34,47,48,51,75,79,83,84,90,99
469,1,125,126,130,132,138,144,15,16,18,21,22,26,27,28,32,47,51,75,79,83,84,9,90,99
470,1,114,130,132,138,144,15,16,18,20,26,27,28,34,47,48,51,59,69,79,83,84,90,99
471,144,16,26,51,99
472,1,101,114,126,130,132,138,144,15,16,18,19,20,21,22,26,27,28,32,34,47,48,51,59,69,75,79,83,84,90,99
473,1,126,130,132,138,144,15,16,18,19,26,27,28,32,47,48,51,59,6,79,83,84,90,99
474,1,114,125,126,130,138,144,15,16,18,19,20,21,26,27,28,32,47,48,51,59,75,83,84,90,99
475,1,144,16,26,27,51,84
476,1,101,114,126,130,132,138,144,15,16,18,20,26,27,28,34,47,48,51,59,69,75,79,83,84,90,99
477,1,130,138,144,15,16,18,22,26,27,28,32,51,59,6,75,79,84,90,99
478,114,126,144,15,16,27,48,83
479,1,101,126,130,132,138,144,15,16,18,20,22,26,27,28,3,32,47,48,51,59,6,75,79,83,84,90,99
480,1,114,125,130,132,138,144,15,16,18,19,26,27,28,32,47,48,51,59,6,75,79,83,84,90,99
481,1,101,125,16,27,32,34,84,99
482,1,126,130,138,144,15,16,19,20,22,26,27,28,32,48,51,59,6,75,83,84,90,99
483,1,101,126,138,144,16,20,26,27,28,32,47,83,84,90,99
484,1,114,125,126,130,138,144,15,16,18,19,20,21,22,26,27,28,3,32,34,47,48,51,59,6,75,79,83,84,90,99
485,1,101,130,138,144,15,16,18,19,21,22,26,27,28,32,47,51,75,83,84,90,99
486,1,101,130,132,138,144,15,16,19,20,21,26,27,28,32,47,48,51,59,6,75,79,83,84,9,90,99
487,130,144,16,20,28,51,83,84
488,1,114,125,126,130,138,144,15,16,18,19,2,20,21,22,26,27,28,3,32,34,47,48,51,69,75,79,83,84,90,99
489,1,101,114,125,126,130,132,138,144,15,16,18,2,20,21,22,26,27,28,32,47,51,59,6,75,79,83,84,90,99
490,101,144,15,16,18,26,47,6,84
491,1,101,114,125,126,130,132,138,144,15,16,18,19,20,21,22,26,27,28,32,47,48,51,59,6,69,75,79,83,84,90,99
492,1,101,114,126,130,132,138,144,15,16,18,19,20,22,26,27,28,32,34,47,48,51,59,6,75,79,83,84,9,90,99
493,1,101,114,125,126,130,138,144,16,18,19,20,26,27,28,32,34,48,51,59,83,90,99
494,1,101,114,125,126,130,138,144,15,16,18,19,20,21,26,27,28,3,32,34,47,48,51,59,6,69,83,90,99
495,1,132,144,15,16,21,26,27,32,47,51,79,83,99
496,1,101,114,125,126,130,132,138,144,15,16,18,20,22,26,27,28,3,32,47,48,51,59,6,75,79,83,84,9,90,99
497,1,101,114,126,130,132,138,144,15,16,18,19,2,20,22,26,27,28,3,32,47,48,51,59,6,75,79,83,84,90,99
498,1,114,126,130,132,138,144,15,16,19,20,22,26,27,28,32,34,47,51,59,6,69,75,79,83,84,9,90,99
499,1,126,130,138,144,16,18,19,22,26,27,28,47,48,51,59,83,90,99
500,1,101,114,126,130,132,138,144,15,16,18,19,2,20,21,22,26,27,28,3,32,34,47,48,51,59,6,69,79,83,84,90,99
501,1,101,114,126,130,138,144,16,18,19,20,22,26,27,3,32,48,51,59,75,83,84,90,99
502,1,138,144,16,20,26,27,28,3,32,47,51,83,84,9,99
503,1,125,126,130,138,144,15,16,20,21,22,26,27,28,32,47,48,51,75,83,84,90,99
504,1,114,126,130,132,138,144,16,19,2,20,21,26,27,28,32,34,47,51,75,83,84,9,90,99
505,1,114,130,132,138,144,15,16,18,2,20,26,27,28,3,32,47,51,79,83,84,9,90,99
506,1,101,126,130,138,144,15,16,18,19,20,26,27,28,3,32,34,47,48,51,59,6,69,75,79,83,84,90,99
507,1,101,114,126,130,132,138,144,15,16,19,2,20,21,22,26,27,28,3,32,34,47,48,51,59,6,75,79,83,84,90,99
508,1,125,130,138,144,16,19,20,26,27,28,32,47,51,59,79,83,84,99
509,1,101,114,125,126,130,132,138,144,15,16,20,21,22,26,27,28,32,47,51,6,75,79,83,84,9,90,99
510,1,114,132,138,144,15,16,18,2,20,22,26,27,28,34,47,51,59,83,84,90,99
511,1,130,132,138,144,15,16,20,26,27,28,32,34,47,51,6,75,79,83,84,90,99
512,1,101,125,126,130,132,138,144,15,16,18,20,26,27,28,32,47,51,59,79,83,84,9,90,99
513,1,138,144,15,16,27,28,32,48,51,83,90,99
514,1,101,114,125,126,130,132,138,144,15,16,18,2,20,21,22,26,27,28,32,34,47,48,51,6,69,75,79,83,84,9,90,99
515,1,101,114,125,126,130,132,138,144,15,16,18,19,20,21,22,26,27,28,32,34,47,48,51,59,6,75,79,83,9,90,99
516,1,138,144,15,16,19,20,26,27,28,47,51,59,83,90,99
517,1,101,114,126,130,132,138,144,15,16,18,19,20,22,26,27,28,32,34,47,51,59,6,75,79,83,84,9,90,99
518,1,125,126,130,132,138,144,15,16,19,20,21,22,26,27,28,32,47,48,51,6,79,83,84,90,99
519,1,101,126,130,138,144,16,20,26,27,28,32,48,51,59,75,79,83,90,99
520,1,101,130,138,144,16,20,26,28,47,48,51,75,79,83,90,99
521,1,125,130,138,144,15,16,18,20,21,26,27,28,3,32,51,6,83,9,90,99
522,1,101,125,130,138,144,15,16,18,20,26,27,28,51,83,84,90
523,1,101,126,130,132,138,144,15,16,18,20,22,26,27,28,32,47,48,51,59,75,79,83,84,90,99
524,1,101,114,125,126,130,138,144,15,16,18,19,20,21,22,26,27,28,32,47,51,59,69,75,79,83,90,99
525,1,101,114,126,130,132,138,144,15,16,18,19,20,21,22,26,27,28,3,32,47,48,51,59,75,79,83,84,9,90,99
526,1,101,114,126,130,132,138,144,15,16,17,19,2,20,21,22,26,27,28,3,32,34,47,48,51,59,6,75,79,83,84,90,99
527,1,101,114,125,126,130,138,144,15,16,18,20,22,26,27,28,3,32,34,47,51,59,6,79,83,84,90,99
528,1,101,114,125,130,132,138,144,15,16,17,18,19,2,20,21,22,26,27,28,3,32,47,48,51,59,6,79,83,84,9,90,99
529,1,101,114,126,130,132,138,144,15,16,20,22,26,27,28,47,48,51,59,6,79,83,84,90,99
530,1,101,114,125,126,130,132,138,144,15,16,18,19,20,21,22,26,27,28,32,34,47,48,51,6,75,79,83,84,9,90,99
531,1,114,130,132,138,144,15,16,18,19,26,27,28,47,51,59,75,79,83,84,90,99
532,1,114,126,130,132,138,144,15,16,20,21,22,26,27,28,32,34,47,48,51,59,6,75,79,83,84,90,99
533,1,114,125,126,130,132,138,144,15,16,18,19,20,21,22,26,27,28,32,34,47,48,51,59,75,79,83,84,9,90,99
534,1,101,114,126,130,132,138,144,15,16,18,19,20,26,27,28,32,34,47,48,51,59,6,75,79,83,84,9,90,99
535,1,114,130,132,138,144,15,16,19,20,26,27,28,32,47,51,59,6,75,79,83,84,90,99
536,1,138,15,16,32,47,83,99
537,1,114,125,126,130,132,138,144,16,17,18,19,2,20,22,26,27,28,3,32,34,47,51,59,6,75,79,83,84,9,90,99
538,1,101,125,130,132,138,144,15,16,19,20,26,27,28,32,47,51,75,79,83,9,90,99
539,1,114,130,132,138,144,15,16,20,21,26,27,28,3,32,34,47,48,51,75,79,83,84,9,90,99
540,1,114,125,130,132,138,144,16,18,19,20,26,27,28,32,34,48,51,75,79,83,99
541,1,114,125,126,130,132,138,144,15,16,18,2,20,21,22,26,27,28,32,47,51,59,69,79,83,84,9,90,99
542,1,101,114,126,130,132,138,144,15,16,20,22,26,27,28,32,34,47,51,79,83,84,9,90,99
543,1,114,132,16,20,32,34,51,75,90,99
544,1,114,130,138,144,15,16,18,20,26,27,28,32,34,47,48,51,79,83,84,9,90,99
545,1,101,114,126,130,132,138,144,15,16,17,18,19,2,20,21,26,27,28,3,32,34,47,48,51,59,6,69,75,79,83,84,9,90,99
546,1,138,144,16,20,26,32,47,51,83,9,90,99
547,1,101,125,126,130,132,138,144,15,16,18,20,21,22,26,27,28,32,47,51,75,79,83,84,9,90,99
548,1,130,132,138,144,15,16,2,20,26,28,32,34,47,48,51,75,79,83,84,90,99
549,1,101,114,130,132,138,144,15,16,18,19,2,20,21,26,27,28,3,32,34,47,48,51,59,6,75,79,83,84,9,90,99
550,1,114,125,126,130,132,138,144,15,16,18,2,20,21,22,26,27,28,32,47,51,75,79,83,84,9,90,99
551,1,114,126,130,132,138,144,15,16,17,19,2,20,21,26,27,28,3,47,51,59,75,79,83,84,90,99
552,1,101,114,125,126,130,138,144,15,16,18,20,21,22,26,27,28,32,34,47,48,51,59,6,79,83,84,90,99
553,1,101,114,125,126,130,138,144,15,16,18,2,20,21,22,26,27,28,32,34,47,51,59,75,79,83,84,9,90,99
554,1,101,114,125,126,130,132,138,144,15,16,19,2,20,21,22,26,27,28,32,47,48,51,6,75,79,83,84,90,99
555,1,130,138,144,15,16,18,26,47,75,83,84,90,99
556,1,125,130,132,138,144,15,16,18,20,26,27,28,32,51,6,79,83,90,99
557,1,101,126,130,138,144,15,16,18,19,20,21,22,26,27,28,32,48,51,75,79,83,84,90,99
558,1,101,114,138,144,15,16,20,22,26,27,28,48,51,6,79,83,84,90,99
559,1,101,114,125,126,130,132,138,144,15,16,20,26,27,28,3,32,34,47,48,51,59,75,79,83,84,90,99
560,1,114,132,138,144,15,16,20,21,22,26,27,28,32,47,6,75,79,84,90,99
561,125,138,144,15,16,19,32,34,51,83,99
562,1,130,132,138,144,15,16,2,20,26,28,32,34,47,51,79,83,84,9,99
563,1,130,132,16,26,28,32,79,83,84,9,90
564,1,125,138,144,15,26,27,32,34,47
565,1,125,138,144,16,20,32,34,47,51,6,83,84,99
566,1,126,138,16,20,26,48,79,83,90,99
567,1,101,114,125,126,130,132,138,144,15,16,18,19,21,22,26,27,28,32,47,48,51,59,75,79,83,84,9,90,99
568,1,114,126,130,132,138,144,16,19,20,26,27,28,3,32,34,47,48,51,59,6,75,79,83,90,99
569,1,132,138,144,16,28,79,83,99
570,1,138
571,1,130,132,138,144,16,20,22,26,48,51,79,83,90,99
572,1,125,126,130,138,144,15,16,20,26,28,32,34,47,48,6,75,83,9,90,99
573,1,101,114,125,126,130,132,138,144,15,16,2,20,22,26,27,28,32,34,47,48,51,6,75,79,83,84,9,90,99
574,1,101,114,126,130,132,138,144,15,16,17,18,19,2,20,22,26,27,28,3,32,34,47,51,59,6,69,75,79,83,84,9,90,99
575,1,130,138,144,16,26,27,28,51,79,83,90,99
576,1,125,138,144,15,16,2,20,26,27,28,34,51,79,83,84,90,99
577,1,101,114,126,130,132,138,144,15,16,2,20,21,22,26,27,28,47,51,59,6,75,79,83,84,90,99
578,1,126,130,132,138,144,15,16,26,27,28,32,47,51,6,79,83,9,90,99
579,16,17,2,20,32,51,99
580,1,101,125,126,130,132,138,144,15,16,18,2,20,26,27,28,3,32,47,51,75,79,83,84,9,90,99
581,1,114,125,126,130,132,138,144,15,16,18,20,21,26,27,28,32,34,47,48,51,59,6,69,75,79,83,84,9,90,99
582,1,101,130,132,138,144,15,16,18,20,26,27,28,32,34,47,51,75,79,83,84,90,99
583,1,130,132,138,144,15,16,18,20,26,27,28,32,47,48,79,83,84,9,90,99
584,1,130,144,15,16,28,32,47,83,9,90
585,1,101,126,132,138,144,15,16,20,22,26,27,28,47,48,51,6,79,83,84,90,99
586,1,114,138,144,15,16,20,26,27,28,32,51,79,83,90,99
587,1,114,138,144,16,20,26,27,48,83,99
588,1,101,125,126,132,138,144,15,16,20,27,28,32,47,48,79,83,84,90
589,1,130,138,144,16,19,20,22,26,83,90,99
590,1,132,144,15,16,20,22,26,27,28,47,51,59,79,83,99
591,1,101,114,126,130,132,138,144,15,16,19,20,26,27,28,3,32,34,47,48,51,59,75,79,83,84,9,90,99
592,1,126,130,132,138,144,16,21,27,28,32,47,51,75,79,83,9,90,99
593,1,125,126,130,132,138,144,15,16,18,19,20,21,26,27,28,3,32,34,47,51,59,6,79,83,84,90,99
594,1,101,114,125,130,132,138,144,15,16,18,19,2,20,22,26,27,28,32,34,47,48,51,59,6,75,79,83,84,9,90,99
595,1,130,132,138,144,15,16,20,26,28,32,47,51,79,83,84,90
596,1,132,138,144,16,20,26,27,28,3,32,34,47,48,51,79,83,9,90,99
597,1,114,138,144,15,16,19,20,27,51,83,90,99
598,1,144,26,99
599,1,101,114,126,132,138,144,15,16,18,20,22,26,27,28,32,34,47,51,59,79,83,84,9,90,99
600,1,132,138,144,16,20,26,27,28,32,47,48,51,83,84,9,90,99
601,1,101,126,130,138,144,15,16,20,26,27,28,32,34,47,51,6,75,79,83,84,90,99
602,1,132,138,99
603,1,138,144,16,20,26,27,28,51,79,83,99
604,1,138,144,16,20,28,51,75,83,9,90
605,1,130,138,144,15,16,19,20,26,27,28,32,47,51,75,79,83,84,9,90,99
606,1,101,114,125,130,132,138,144,15,16,19,20,26,27,28,32,47,51,59,75,79,83,84,90,99
607,1,126,130,138,144,15,16,19,26,27,32,34,48,51,59,75,79,90,99
608,1,101,126,130,138,144,15,16,19,20,21,26,27,28,32,34,48,51,59,6,69,83,90,99
609,1,101,114,125,126,130,132,138,144,15,16,18,19,20,21,22,26,27,28,32,34,47,48,51,59,6,69,79,83,84,90,99
610,1,114,125,126,130,138,144,15,16,18,19,20,21,26,27,28,3,32,34,47,48,51,59,75,83,90,99
611,1,101,114,126,130,132,138,144,15,16,20,26,27,28,51,6,69,79,83,84,90,99
612,1,114,126,130,138,144,15,16,18,19,20,21,22,26,27,28,3,47,51,59,6,69,83,90,99
613,1,138,144,15,16,18,19,26,32,47,51,69,83,84,90,99
614,1,101,114,130,144,16,18,19,32,51,59,83,99
615,1,125,126,132,144,15,16,27,28,32,51,59,83,84,99
616,1,114,126,130,132,138,144,16,19,20,21,22,26,27,28,32,48,51,59,75,83,90,99
617,1,114,126,138,144,16,18,19,21,26,27,28,51,59,6,69,79,90,99
618,1,114,126,130,138,144,16,18,19,2,20,21,22,26,27,28,32,34,47,48,51,59,6,75,83,84,90,99
619,1,101,114,130,138,144,15,16,19,20,26,27,28,3,32,47,48,51,59,83,84,90,99
620,1,138,144,16,19,20,26,28,51,59,83,90,99
621,1,101,114,126,130,132,138,144,15,16,19,21,26,27,28,32,47,51,59,79,83,84,90,99
622,1,101,114,126,130,138,144,15,16,19,27,28,34,47,51,69,75,79,83,84,90,99
623,1,126,130,138,144,15,16,26,27,28,3,32,34,48,51,59,83,90,99
624,1,114,126,138,144,15,16,17,18,19,2,20,22,26,27,28,32,34,47,48,51,59,6,75,83,84,90,99
625,1,126,130,138,144,15,16,19,21,27,28,32,51,59,90,99
626,1,126,130,144,16,18,19,20,27,28,51,59,99
627,1,101,114,125,126,130,138,144,15,16,18,19,20,21,26,27,28,32,34,48,51,59,6,69,83,90,99
628,1,101,126,130,138,144,16,19,22,26,27,28,3,32,34,47,48,51,59,6,75,79,83,90,99
629,1,101,114,126,130,138,144,15,16,18,19,20,26,27,28,32,34,47,48,51,59,83
630,1,125,126,130,132,138,144,15,16,18,19,21,22,26,27,28,3,32,51,59,6,79,83,84,90,99
631,1,114,125,126,130,138,144,16,18,19,20,21,26,27,28,34,51,99
632,1,126,130,138,144,15,16,19,21,26,27,28,3,51,69,90,99
633,1,114,126,130,132,138,144,15,16,18,19,2,21,22,26,27,28,32,47,48,51,59,6,79,83,84,90,99
634,1,114,138,144,15,16,18,21,22,27,28,32,48,51,59,6,99
635,1,114,126,132,138,144,15,16,19,20,22,26,27,32,34,48,51,83,84,99
636,1,114,126,130,132,138,144,15,16,19,2,26,27,28,32,48,51,59,69,79,90,99
637,1,114,126,130,138,144,15,16,18,19,20,26,3,32,47,51,75,83,90,99
638,1,101,126,130,138,144,16,19,26,27,32,34,48,51,59,69,83,99
639,1,114,130,132,138,144,15,16,19,2,26,27,28,34,51,79,83,84,99
640,1,101,114,125,126,130,132,138,144,15,16,18,19,20,21,22,26,27,28,3,32,47,48,51,59,6,69,75,83,84,9,90,99
641,1,114,125,126,130,132,138,144,15,16,18,19,2,21,22,26,27,28,3,32,51,59,6,75,79,83,90,99
642,1,125,126,130,138,144,16,18,2,32,51,83,99
643,1,101,114,126,130,138,144,15,16,18,20,26,27,28,3,32,47,48,51,59,79,83,90,99
644,1,138,144,15,19,27,28,51,59,6,69,99
645,1,101,130,138,144,15,16,19,20,26,27,32,34,47,48,51,6,79,83,90,99
646,1,114,126,132,138,144,15,16,18,20,21,22,26,27,28,32,51,59,75,79,84,90,99
647,1,126,138,144,15,16,18,19,2,20,22,26,27,32,47,48,51
648,1,114,126,130,138,144,16,19,2,26,27,32,51,59,75,83,90,99
649,1,114,126,130,138,144,15,16,18,2,20,26,27,28,32,34,47,51,59,6,83,84,99
650,1,101,114,126,130,138,144,15,16,19,26,27,28,47,51,59,6,69,75,79,83,90,99
651,1,101,114,126,130,138,144,15,16,18,19,20,26,27,28,3,32,47,48,51,59,6,69,75,83,84,90,99
652,1,114,126,130,138,144,15,16,19,20,26,27,32,51,75,83,90,99
653,1,101,114,125,126,130,138,144,16,18,19,21,22,26,27,28,32,48,51,6,83,90,99
654,1,101,114,126,130,138,144,15,16,18,22,26,27,28,32,47,48,51,59,6,79,83,90
655,1,125,126,130,138,144,15,16,19,20,22,26,27,28,3,32,51,59,75,83,99
656,1,101,114,126,138,144,15,16,19,26,27,28,32,51,79,83,90,99
657,1,114,126,130,132,138,144,15,16,18,19,2,21,22,26,27,28,32,34,47,48,51,59,6,75,79,83,84,90,99
658,1,101,114,126,130,138,144,16,2,26,27,28,3,51,59,69,75,79,83,90,99
659,1,114,126,138,144,16,17,19,20,21,26,27,28,3,34,48,51,59,6,79,83,84,90,99
660,1,126,130,138,144,16,19,26,27,28,32,48,51,69,83,84,99
661,1,101,114,126,130,132,138,144,15,16,18,19,20,22,26,27,28,3,32,47,51,59,69,75,79,83,84,90,99
662,1,125,130,138,144,15,16,17,19,20,26,27,28,3,32,47,51,75,83,9,90,99
663,1,126,130,138,144,15,16,20,22,26,27,32,34,47,51,75,83,90,99
664,1,101,114,126,144,16,21,26,27,28,3,32,51,83,90,99
665,1,101,114,126,130,132,138,144,15,16,18,19,20,21,22,26,27,28,3,32,51,59,69,79,83,84,90,99
666,1,101,130,144,16,18,20,26,27,3,32,48,51,75,83,90,99
667,1,101,114,130,132,138,144,15,16,18,19,20,21,26,27,28,32,34,47,51,59,6,69,75,79,83,84,90,99
668,1,101,126,130,138,144,15,16,18,19,20,26,27,28,3,34,47,48,51,59,69,75,79,83,90,99
669,1,101,114,130,132,138,144,15,16,19,20,22,26,27,28,47,51,69,75,79,83,84,90,99
670,1,101,114,125,130,138,144,15,16,17,2,20,21,22,26,27,28,47,51,59,75,79,83,84,90,99
671,1,130,132,138,144,15,16,19,20,26,27,28,32,47,51,6,79,83,90,99
672,1,101,126,130,138,144,15,16,18,26,27,48,51,59,75,83,90,99
673,1,101,114,138,144,15,16,19,20,26,27,28,3,32,51,83,84,90,99
674,1,101,114,125,126,130,138,144,15,16,18,19,20,22,26,27,28,3,32,34,47,48,51,6,83,90,99
675,1,101,114,125,130,132,138,144,16,18,20,21,22,27,28,3,32,47,48,51,59,6,75,79,83,84,90,99
676,1,101,114,125,130,132,138,144,15,16,18,19,20,22,26,27,28,32,47,48,51,59,75,79,83,84,90,99
677,1,130,144,16,18,20,22,28,32,47,48,51,59,79,83,84,99
678,1,125,130,138,144,15,16,19,20,26,27,32,51,83,90,99
679,1,114,130,138,144,15,16,26,27,28,3,51,59,6,83,90,99
680,1,101,114,125,126,130,132,138,144,15,16,18,19,2,20,21,22,26,27,28,3,32,34,47,48,51,59,6,69,75,79,83,84,90,99
681,1,101,114,126,130,132,138,144,15,16,18,19,26,27,28,3,32,51,59,69,75,79,83,90,99
682,1,114,138,144,15,16,18,19,20,22,26,27,28,3,32,47,48,51,69,83,90,99
683,1,101,114,126,138,144,15,16,17,19,2,20,22,26,27,28,3,32,51,59,79,84,90,99
684,1,101,114,125,126,130,132,138,144,15,16,18,2,20,21,22,26,27,28,3,32,47,48,51,69,75,83,90,99
685,1,114,130,132,138,144,15,16,18,21,26,27,28,32,51,59,79,83,84,90,99
686,1,126,130,132,138,144,16,20,26,27,47,51,83,90,99
687,1,130,132,138,144,15,16,20,26,27,28,32,34,47,48,51,59,6,79,83,84,90,99
688,1,101,114,126,138,144,16,18,26,27,28,32,34,51,59,6,69,83,90
689,1,101,114,125,138,144,15,16,18,19,2,20,21,26,27,28,3,32,34,47,48,51,59,69,83,84,99
690,1,114,130,138,144,15,16,18,19,2,26,28,3,32,34,48,51,59,6,84,90,99
691,1,114,130,132,138,144,15,16,18,19,20,26,27,28,3,32,47,48,51,59,75,79,83,84,90,99
692,1,101,130,138,144,16,18,21,26,27,28,51,59,6,79,90,99
693,1,125,130,132,138,144,15,16,18,19,20,21,22,26,27,28,32,34,47,48,51,75,79,83,84,9,90,99
694,1,101,114,125,126,130,138,144,16,18,19,20,21,22,26,27,28,3,32,34,47,51,59,6,83,99
695,1,114,126,130,132,138,144,15,16,17,20,21,22,26,27,28,3,32,34,47,48,51,59,6,79,83,84,90,99
696,1,101,114,125,126,130,132,138,144,15,16,18,19,20,21,26,27,28,3,32,34,47,48,51,59,75,79,83,84,90,99
697,1,138,144,16,27,32,48,51,79,83
698,1,101,114,126,130,132,138,144,15,16,18,19,20,22,26,27,28,32,47,48,51,59,75,79,83,84,90,99
699,1,114,126,130,132,138,144,15,16,17,18,19,2,20,21,22,26,27,28,32,47,48,51,6,79,83,84,90,99
700,1,101,130,138,144,15,16,18,20,26,27,28,32,47,48,51,6,75,79,83,90,99
701,1,101,114,126,130,132,138,144,15,16,18,20,21,22,26,27,28,32,34,47,48,51,59,6,69,79,83,84,9,90,99
702,1,101,130,138,144,16,19,21,3,51,83,84,90,99
703,1,114,125,130,132,138,144,15,16,18,19,20,22,26,27,28,32,47,51,75,79,83,84,90,99
704,1,101,114,125,126,130,132,138,144,15,16,17,18,19,2,20,21,22,26,27,28,3,32,34,47,48,51,6,69,75,79,83,84,90,99
705,1,101,114,125,126,130,138,144,15,16,18,19,20,21,26,27,28,32,34,47,48,51,59,6,75,79,83,84,9,90,99
706,1,126,130,138,144,16,18,19,26,27,28,34,48,51,59,6,83,84,99
707,1,101,130,132,138,144,15,16,17,18,2,20,26,27,28,3,32,47,48,51,59,75,79,83,84,90,99
708,1,101,114,126,130,132,138,144,15,16,18,2,20,21,22,26,27,28,32,47,51,59,6,75,79,83,84,90
709,1,114,126,138,144,16,19,21,26,27,28,3,32,48,51,59,69,83,84,90,99
710,1,114,126,130,138,144,15,16,21,22,27,28,32,51,59,6,69,75,79,83,90
711,1,114,126,138,144,15,16,19,22,26,27,28,32,51,83,90,99
712,1,114,130,132,138,144,15,16,18,19,20,22,26,27,28,32,47,48,51,6,75,79,83,90,99
713,1,114,126,130,132,138,144,15,16,18,20,21,22,26,27,28,3,32,34,47,48,51,59,6,75,79,83,84,90,99
714,1,101,125,126,138,144,15,16,17,19,2,20,21,22,26,27,28,3,32,34,48,51,59,6,69,75,83,90,99
715,1,130,138,144,16,19,26,27,28,32,51,59,83,99
716,1,101,125,126,130,132,138,144,15,16,18,19,21,22,26,27,28,32,51,59,83,90,99
717,1,114,126,130,132,138,144,15,16,18,19,20,21,22,26,27,28,32,47,48,51,59,6,75,79,83,84,90,99
718,1,101,126,132,138,144,15,16,18,20,22,26,27,28,32,47,51,59,6,75,79,84,90,99
719,1,101,114,126,130,132,138,144,15,16,18,19,20,21,26,27,28,47,51,59,69,79,83,84,90,99
720,1,130,132,138,144,15,16,18,20,3,75,79,9,90,99
721,1,114,126,130,132,138,144,15,16,18,20,21,22,26,28,3,32,47,48,51,59,75,79,83,90,99
722,1,138,144,16,20,26,28,51,83,99
723,1,125,132,138,144,15,16,20,26,27,28,32,48,51,83,84,99
724,1,101,114,125,126,130,132,138,144,15,16,17,19,2,20,21,26,27,28,3,32,34,47,48,51,6,75,79,83,84,9,90,99
725,1,130,132,138,144,16,19,2,20,26,27,28,3,32,34,51,79,83,84,99
726,1,101,138,16,26,27,28,3,32,51,83,84
727,1,126,130,138,144,15,16,18,19,20,21,26,27,28,32,34,47,48,51,59,75,83,99
728,1,114,130,132,138,144,15,16,17,18,19,2,20,21,26,27,28,3,32,51,59,79,83,84,99
729,1,101,114,126,132,138,144,15,16,18,19,2,22,26,27,28,3,32,34,47,48,51,59,79,83,84,99
730,1,101,114,125,126,130,138,144,15,16,20,26,27,28,3,32,47,48,51,59,69,75,79,84,90,99
731,1,125,130,132,138,144,15,16,17,2,20,22,26,27,28,3,32,47,48,51,6,75,79,83,84,90,99
732,1,138,144,16,19,20,26,27,28,3,32,51,83
733,1,125,126,130,132,138,144,15,16,2,20,26,27,28,3,32,47,48,51,59,6,75,79,83,84,90,99
734,1,101,130,132,138,144,16,18,19,20,26,27,28,32,47,51,59,79,83,84,90,99
735,1,101,114,126,130,132,138,144,15,16,2,20,21,22,26,27,28,32,34,47,48,51,79,83,84,90,99
736,1,126,130,132,138,144,15,16,20,26,27,28,32,34,48,51,59,79,83,84,90,99
737,1,101,114,126,130,132,138,144,15,16,18,19,20,21,22,26,27,28,32,47,48,51,59,6,69,75,79,83,84,90,99
738,1,125,126,138,144,15,16,17,19,2,20,21,26,27,28,3,32,47,48,51,83,84,9,90,99
739,1,101,114,125,126,130,132,138,144,15,16,18,19,20,21,22,26,27,28,3,32,34,47,48,51,59,6,75,83,9,90,99
740,1,114,125,130,132,138,144,16,18,20,27,28,32,34,47,51,59,79,83,90,99
741,1,101,130,132,138,144,15,16,17,19,2,20,26,27,28,3,32,34,47,48,51,59,79,83,84,90,99
742,1,114,126,130,138,144,16,18,20,22,26,27,28,3,32,51,75,79,83,90,99
743,1,101,114,126,130,132,138,144,15,16,18,19,20,22,26,27,28,3,32,34,47,48,51,59,6,75,79,83,84,90,99
744,1,101,114,125,130,132,138,144,15,16,18,19,20,26,27,28,3,32,34,47,48,51,79,83,90,99
745,1,101,125,126,130,132,138,144,15,16,17,2,20,21,22,26,27,28,3,32,51,6,75,79,83,9,90,99
746,1,138,144,20,26,27,28,51,79,83,90,99
747,1,125,130,144,15,18,27,32,47,51,59,83
748,1,101,114,126,130,132,138,144,15,16,18,20,22,26,27,28,32,47,48,51,59,69,75,79,83,90,99
749,1,101,114,125,126,130,132,138,144,15,16,17,18,19,2,20,21,22,26,27,28,3,32,47,48,51,75,79,83,84,90,99
750,1,101,114,126,130,138,144,15,16,18,19,20,21,26,27,28,32,34,47,48,51,59,6,75,79,83,84,90,99
751,1,114,126,130,132,138,144,15,16,18,2,20,21,22,26,27,28,32,47,48,51,59,6,69,75,79,83,84,90,99
752,1,101,114,125,126,130,132,138,144,15,16,18,19,20,22,26,27,28,32,47,48,51,59,6,79,83,84,9,90,99
753,1,101,114,132,138,144,16,19,20,22,26,27,28,3,32,47,51,79,83,84,90,99
754,1,101,114,126,130,132,138,144,15,16,19,20,21,22,26,27,28,3,32,34,47,48,51,59,6,75,79,83,84,90,99
755,1,126,130,138,144,15,16,19,20,22,26,27,28,3,32,51,59,75,79,83,84,90,99
756,1,101,114,126,130,138,144,15,16,18,19,20,21,22,26,27,28,32,34,47,48,51,59,6,69,75,83,84,90,99
757,1,114,126,130,138,144,15,16,19,20,21,22,26,27,28,3,47,51,59,6,69,75,79,83,84,90,99
758,1,101,114,126,130,132,138,144,15,16,18,19,2,20,21,26,27,28,3,32,34,47,48,51,59,6,79,83,84,9,90,99
759,1,132,138,144,15,16,20,26,27,28,32,34,47,48,51,79,83,90,99
760,1,101,114,126,130,132,138,144,15,16,18,2,20,21,22,26,27,28,3,32,47,48,51,59,6,69,75,79,83,84,90,99
761,1,101,114,125,126,130,132,138,144,15,16,18,19,2,20,21,22,26,27,28,3,32,34,47,48,51,59,6,75,79,83,84,90,99
762,1,101,114,125,126,130,132,138,144,15,16,17,19,2,20,21,22,26,27,28,3,32,47,48,51,75,79,83,84,9,90,99
763,1,101,126,130,132,138,144,15,16,20,26,27,28,32,34,47,51,75,79,83,84,9,90,99
764,1,114,125,130,138,144,15,16,17,19,2,20,26,27,28,3,32,47,48,51,6,83,84,9,90,99
765,1,101,114,125,126,130,132,138,144,15,16,18,19,2,20,21,22,26,27,28,3,32,34,47,48,51,59,6,69,75,79,83,84,90,99
766,1,138,20,27,51,83,99
767,1,101,114,126,130,132,138,144,15,16,20,22,26,27,28,3,47,51,59,79,83,84,90,99
768,1,101,126,130,138,144,16,19,2,21,22,26,27,28,32,51,59,6,69,75,83,90,99
769,1,114,126,130,138,144,15,16,19,20,26,27,28,32,34,47,48,51,59,6,83,99
770,1,101,114,126,130,138,144,15,16,19,20,22,26,27,28,3,32,34,47,48,51,59,6,69,75,79,83,90,99
771,1,101,125,126,130,132,138,144,16,19,20,26,27,28,32,34,47,51,59,75,79,83,84,90,99
772,1,101,114,126,130,132,138,144,15,16,18,2,20,21,22,26,27,28,3,32,34,47,48,51,59,6,69,75,79,83,84,9,90,99
773,1,114,130,138,144,16,18,19,20,21,26,27,28,3,32,34,48,51,59,6,69,79,83,84,90,99
774,1,101,114,125,126,130,132,138,144,15,16,18,19,20,21,22,26,27,28,3,32,34,47,48,51,59,6,75,79,83,84,90,99
775,1,101,114,126,138,144,15,16,19,20,26,28,32,34,47,51,83,90,99
776,1,101,114,125,126,130,138,144,16,18,19,2,20,26,27,28,3,32,34,47,48,51,59,69,75,83,99
777,1,101,114,125,126,138,144,16,2,20,26,27,28,32,34,47,48,51,59,75,79,83,90,99
778,1,101,114,125,126,130,132,138,144,15,16,19,20,21,26,27,28,3,32,34,47,48,51,59,6,75,79,83,84,90,99
779,1,114,126,130,138,144,16,22,26,28,51,69
780,1,114,126,130,132,138,144,15,20,21,26,27,28,34,47,48,51,59,6,69,75,79,83,84,90,99
781,1,101,114,130,144,16,19,22,27,28,3,47,48,51,75,79,83,90
782,1,101,114,125,126,130,132,138,144,15,16,18,19,20,22,26,27,28,3,32,34,47,48,51,59,6,75,79,83,84,90,99
783,1,101,114,125,126,130,138,144,15,16,17,18,19,2,20,21,22,26,27,28,3,32,34,47,48,51,59,6,75,79,83,84,9,90,99
784,1,138,144,16,19,20,48,51,83,84,99
785,1,101,114,125,126,130,132,144,15,16,18,20,21,22,26,27,28,32,34,47,51,59,6,75,79,83,84,90,99
786,1,125,130,138,144,16,20,22,26,27,28,3,32,48,51,75,83,99
787,1,114,126,138,144,16,20,26,27,28,34,47,48,51,6,79,83,99
788,1,101,114,125,126,130,132,138,144,15,16,18,19,20,21,22,26,27,28,32,51,59,79,83,84,90,99
789,1,101,114,126,130,132,138,144,15,16,20,26,27,28,32,47,48,51,59,6,75,79,83,84,90,99
790,1,138,16,20,26,27,28,32,83,90
791,1,138,144,15,16,19,20,26,27,51,6,79,83,90,99
792,1,101,114,130,132,138,144,15,16,18,19,20,26,27,28,3,32,34,47,48,51,6,75,79,83,84,90,99
793,1,114,138,144,15,16,19,22,26,27,28,3,32,34,51,83,90,99
794,1,126,130,132,138,144,15,16,19,27,28,48,59,79,83,84,99
795,1,101,126,130,132,138,144,15,16,19,20,26,27,28,32,47,48,51,59,6,75,79,83,84,9,90,99
796,1,114,126,130,132,138,144,15,16,18,19,20,26,27,28,3,32,34,47,48,51,59,79,83,90,99
797,1,114,125,126,130,132,138,144,15,16,18,20,26,27,28,3,32,34,47,48,51,75,79,83,9,90,99
798,1,114,126,130,132,138,144,15,16,18,19,20,21,22,26,27,28,3,32,48,51,59,6,75,79,83,84,90,99
799,1,101,114,130,138,16,18,20,27,28,34,47,51
800,1,138,144,20,26,28,48,83,90,99
801,1,125,126,138,144,16,19,20,26,27,3,32,51,83,90,99
802,1,138,144,16,20,26,27,28,48,51,83,90,99
803,1,114,126,138,144,27,51,59,99
804,1,130,138,144,16,18,20,26,27,3,34,47,51,79,83,90,99
805,1,101,114,125,126,130,138,144,16,17,18,2,20,26,27,28,3,32,34,47,48,51,75,83,99
806,1,114,138,144,15,16,19,20,26,27,28,32,34,47,48,51,6,83,84,9,90,99
807,1,126,130,138,144,15,16,20,26,27,28,34,47,51,79,83,99
808,1,125,130,132,138,144,16,18,20,26,27,28,32,48,51,6,75,79,83,84,90,99
809,1,126,138,144,16,20,26,27,28,51,59,79,83,99
810,1,132,138,144,15,16,19,2,22,26,27,28,32,47,48,51,59,79,83,90,99
811,1,138,144,16,19,20,26,27,28,3,32,34,48,51,83,90,99
812,1,101,114,126,130,132,138,144,15,16,17,18,19,2,20,21,22,26,27,28,3,32,47,48,51,59,6,75,79,83,84,9,90,99
813,1,114,130,132,138,16,20,26,28,32,34,83,90,99
814,1,138,16,20,28,34,51,83
815,1,138,15,16,27,34,47,83,90,99
816,1,101,114,125,126,130,132,138,144,15,16,2,20,21,22,26,27,28,3,32,34,47,48,51,59,6,75,79,83,84,9,90,99
817,1,114,125,130,132,138,144,15,16,18,19,20,26,27,28,32,34,47,51,59,75,79,83,84,90,99
