1,1,104,113,117,132,133,148,156,16,169,18,20,21,22,23,25,29,3,30,32,36,46,55,6,70,80,87,9,92,97,98
2,1,104,113,132,155,156,169,20,21,23,24,29,3,32,36,46,55,59,97,98
3,1,148,156,169,17,170,18,19,2,20,21,23,29,3,32,36,46,55,59,97,98
4,1,113,133,148,16,162,169,19,20,21,22,23,25,29,32,36,46,55,59,6,70,87,9,92,97
5,1,104,113,148,169,17,18,21,29,3,30,32,36,46,55,97
6,1,104,113,132,133,148,153,156,16,169,17,170,18,19,20,21,22,23,25,29,3,30,32,36,46,55,56,59,6,70,87,92,97,98
7,1,104,113,133,148,156,169,170,2,21,23,25,29,3,30,32,36,46,55,70,87,97,98
8,1,104,113,148,156,16,162,169,17,170,19,21,23,29,30,32,36,46,55,56,59,92,97,98
9,1,104,133,148,169,17,170,18,20,21,22,23,29,32,36,55,6,92,97
10,1,104,113,133,148,156,16,162,169,17,170,18,19,2,21,22,23,25,29,3,30,32,36,46,55,56,59,6,70,87,9,92,97,98
11,113,132,18,20,29,30,55,98
12,1,104,113,132,133,148,156,169,17,170,18,19,2,20,22,23,24,29,3,30,32,36,46,55,59,80,92,97
13,1,104,113,117,132,133,156,16,169,18,20,21,22,23,25,29,3,32,36,46,55,56,9,97,98
14,1,104,113,133,169,170,18,19,29,3,30,32,36,56,59,6,92,97
15,1,104,113,133,148,156,16,162,169,17,2,20,21,22,23,25,29,3,30,32,36,46,55,56,59,6,70,87,92,97,98
16,1,104,113,133,148,16,162,169,170,18,23,24,25,29,32,36,46,59,92,97,98
17,1,104,113,133,148,162,169,170,19,21,22,23,25,29,30,32,36,46,55,59,6,70,87,97,98
18,1,113,132,133,148,169,17,170,18,2,25,29,32,36,55,56,59,6,87,92,97,98
19,1,104,117,133,162,169,170,18,19,2,20,21,22,23,25,29,30,32,36,46,55,56,59,6,70,9,92,97,98
20,1,104,113,133,148,156,16,162,169,18,20,21,23,25,29,30,32,36,46,55,59,6,70,9,92,97,98
21,1,10,104,113,133,148,155,16,169,17,170,18,19,2,20,21,22,23,24,25,29,3,32,36,46,55,56,59,70,92,97,98
22,1,104,113,133,148,156,162,169,170,18,19,20,21,23,25,29,3,30,32,36,46,55,59,6,80,92,97,98
23,1,104,117,133,169,17,170,18,19,2,21,23,29,3,32,36,55,56,70,87,97,98
24,1,104,113,117,132,133,148,156,16,162,169,17,18,19,20,21,22,23,25,29,3,30,32,36,46,55,59,6,70,87,9,92,97,98
25,1,10,113,132,133,148,16,169,170,18,2,21,22,23,24,25,29,30,32,36,46,55,56,59,6,70,80,87,97
26,1,104,133,148,169,18,2,21,22,23,25,30,32,36,55,56,6,70,87,9,92,97
27,1,104,113,117,132,133,148,153,169,18,22,32,36,46,55,56,98
28,1,104,113,148,155,156,169,18,21,23,29,3,32,36,46,55,59,80,92,97
29,1,104,113,132,133,148,16,162,169,17,170,19,2,21,22,23,25,29,30,32,36,46,55,59,6,70,87,9,92,97
30,1,10,113,153,16,162,169,17,170,18,19,2,20,23,29,3,30,36,55,56,6,70,87,92,98
31,1,104,113,132,170,18,21,29,32,46,55,56,59,97,98
32,1,104,113,133,148,156,16,169,17,19,2,21,22,23,25,29,30,32,36,46,55,59,6,70,87,9,92,97
33,1,104,133,148,156,169,17,170,18,19,2,20,21,23,25,29,32,36,46,55,9,92,98
34,1,104,113,132,133,148,156,169,17,170,20,21,22,23,25,29,30,32,36,46,55,6,87,9,97,98
35,1,104,113,117,132,133,148,155,156,16,162,169,17,170,18,19,2,20,21,22,23,25,29,3,32,36,46,55,59,6,70,87,9,92,97,98
36,1,104,113,132,133,148,156,169,170,2,21,22,23,25,29,3,32,36,46,55,59,6,92,97,98
37,1,104,113,117,133,148,16,162,169,17,170,18,19,2,21,22,25,29,32,36,46,55,59,92,97
38,1,104,113,132,133,148,16,162,169,17,170,18,19,2,20,22,23,24,25,29,30,32,36,46,55,59,6,80,9,92,97
39,104,133,25,32,55,56,6
40,1,104,113,133,155,156,16,169,170,18,19,20,21,22,23,25,29,3,32,36,46,55,59,92,97,98
41,1,104,113,117,132,133,148,16,169,17,18,19,20,21,22,23,25,29,30,32,36,46,55,56,6,70,87,9,92,97,98
42,1,113,117,132,133,16,170,22,25,30,32,36,46,55,59,6,9,97
43,1,104,113,117,132,133,148,156,16,169,17,170,18,19,2,20,21,22,23,25,29,3,30,32,36,46,55,59,6,70,87,9,92,97,98
44,156,169,46,56
45,1,104,113,133,148,169,17,170,18,19,21,22,25,29,30,32,36,46,55,59,6,70,80,87,92,97
46,1,104,113,132,133,148,156,169,18,19,20,21,22,24,25,29,32,36,46,55,70,92,97,98
47,1,104,113,132,133,148,156,16,162,169,17,170,18,19,20,21,22,23,25,29,3,30,32,36,46,55,59,6,70,80,87,9,92,97,98
48,1,104,117,148,153,155,169,17,170,18,2,20,21,22,23,29,3,30,32,55,56,59,80,92,97,98
49,1,10,104,113,117,132,133,148,153,156,16,162,169,17,170,18,2,20,21,22,23,25,29,30,32,36,46,55,56,59,6,70,87,9,92,97,98
50,1,104,113,132,133,148,169,17,2,20,22,25,29,3,32,36,46,55,59,6,92,97,98
51,1,104,113,117,132,133,148,155,156,16,162,169,17,170,18,19,2,20,21,22,23,25,29,3,30,32,36,46,55,59,6,70,80,87,9,92,97,98
52,1,104,113,133,148,16,169,170,18,19,2,20,21,22,23,25,29,3,32,36,46,55,59,70,97,98
53,1,10,104,113,132,133,148,155,156,16,162,169,17,170,18,19,2,20,21,22,23,25,29,3,30,32,36,46,55,59,6,70,80,87,9,92,97,98
54,1,16,169,18,46
55,1,104,113,133,148,153,169,170,18,19,2,20,21,22,23,25,29,30,32,36,46,55,56,6
56,1,104,113,133,148,156,16,162,169,170,18,19,2,20,21,22,23,24,25,29,3,30,32,36,46,55,56,59,6,92,97,98
57,1,104,113,133,148,155,156,169,17,170,18,19,2,22,23,24,25,29,32,36,55,59,6,80,87,92,97
58,1,104,113,133,148,156,16,162,169,170,18,19,20,21,22,23,25,29,3,30,32,36,46,55,59,6,70,87,92,97,98
59,1,10,104,113,117,132,133,148,153,156,16,162,169,17,18,19,2,20,21,22,23,25,29,30,32,36,46,55,59,6,70,80,87,9,92,97,98
60,1,10,104,113,132,133,148,153,155,156,16,162,169,17,170,18,19,2,20,21,22,23,25,29,3,30,32,36,46,55,56,59,6,70,80,87,9,92,97,98
61,1,104,113,132,133,148,153,156,16,162,169,170,18,19,2,20,21,22,23,25,29,30,32,36,46,55,56,59,6,70,80,87,9,92,97,98
62,1,133,25,29,30,32,46,55,59
63,1,104,133,148,16,169,170,18,19,20,21,22,29,32,36,46,55,6,92,97
64,1,113,132,133,148,156,16,162,169,170,19,20,21,22,23,30,32,36,46,55,59,6,70,87,92,97
65,1,10,104,113,132,133,148,16,169,17,170,18,19,2,20,21,22,23,25,29,3,30,32,36,46,55,59,6,70,9,92,97
66,1,104,113,117,132,133,148,155,156,16,162,169,17,170,18,19,2,20,21,22,23,25,29,3,30,32,36,46,55,59,6,70,80,87,9,92,97,98
67,1,104,132,133,148,156,16,162,169,17,170,18,19,2,20,22,25,29,30,32,36,55,59,6,70,87,9,92,97,98
68,1,10,104,113,117,132,133,148,16,169,17,170,18,19,2,20,21,22,23,24,25,29,30,32,36,46,55,59,6,70,87,9,92,97,98
69,1,104,113,117,132,133,148,16,169,17,170,18,19,2,20,22,24,25,29,3,30,32,36,55,56,59,6,87,9,92,97
70,1,10,104,113,117,132,133,148,156,16,162,169,17,170,18,19,2,20,21,22,23,24,25,29,3,30,32,36,46,55,56,59,6,70,80,87,92,97,98
71,1,104,113,117,132,133,148,156,16,162,169,18,2,20,21,22,23,29,30,32,36,46,55,59,6,70,87,92,97
72,1,104,113,117,133,148,156,16,162,169,170,18,19,2,20,21,22,23,25,29,3,30,32,36,46,55,59,6,70,80,87,9,92,97
73,1,104,113,117,132,133,148,16,162,169,170,18,19,2,20,21,22,25,29,30,32,36,46,55,56,59,6,70,87,9,92,97
74,1,104,117,133,148,153,156,162,169,20,22,29,3,30,32,36,46,55,59,6,87,9,92,97,98
75,1,104,117,133,148,156,162,169,18,2,20,21,22,25,29,30,32,36,46,55,56,59,6,70,87,9,92,97
76,1,10,104,113,117,132,133,148,156,16,169,17,170,18,19,2,20,21,22,24,25,29,3,30,32,36,55,59,6,70,80,87,9,92,97,98
77,1,104,113,132,133,148,155,156,16,169,17,170,18,2,20,21,22,23,25,29,3,30,32,36,46,55,59,6,70,87,9,92,97,98
78,1,104,113,133,148,156,16,162,169,17,170,18,2,20,21,22,23,25,30,32,36,46,55,6,70,80,87,9,92,97
79,1,104,113,132,133,148,16,162,169,17,170,18,19,20,22,25,29,30,32,36,55,59,6,70,87,92,97
80,1,104,113,132,133,169,18,2,20,21,25,29,30,32,36,55,6,92,97
81,1,104,113,132,133,16,162,169,170,18,2,20,21,22,23,24,25,29,30,32,36,46,55,56,59,6,70,87,92,97,98
82,1,104,133,148,16,162,169,18,19,2,20,21,22,30,32,36,55,56,59,6,70,87,92,97
83,1,104,113,133,148,169,17,170,18,2,20,21,22,23,25,29,3,30,32,36,46,55,6,70,87,9,92,97,98
84,1,104,113,133,148,156,16,162,17,18,21,22,25,29,30,32,36,46,55,59,6,92,97
85,1,104,113,132,133,148,16,169,170,18,19,20,21,22,23,25,29,3,30,32,36,46,55,56,59,6,70,87,9,92,97,98
86,1,104,113,117,132,133,148,156,16,162,169,17,170,18,19,20,21,22,23,25,29,3,30,32,36,46,55,59,6,70,87,9,92,97,98
87,1,104,113,133,18,19,2,22,25,30,32,36,46,55,6,70,87
88,1,170,18,29,32,92,97
89,1,10,104,113,132,133,148,155,156,16,162,169,17,170,18,19,2,20,21,22,23,25,29,30,32,36,46,55,59,6,70,87,9,92,97,98
90,1,104,113,132,133,148,155,156,16,169,17,170,18,19,2,20,21,22,23,24,25,29,3,30,32,36,46,55,56,59,6,92,97,98
91,1,104,113,117,132,133,148,16,17,170,18,2,20,21,22,25,29,30,32,36,55,59,6,70,87,9,92,97,98
92,1,104,113,132,133,169,18,2,20,22,25,29,30,32,36,46,55,56,59,6,87,92,97,98
93,1,104,113,117,132,133,148,156,16,162,169,17,170,18,19,2,20,21,22,24,25,29,30,32,36,46,55,56,59,6,70,80,87,9,92,97,98
94,1,104,117,132,133,16,18,20,22,25,29,30,32,36,46,55,59,6,70,87,97
95,1,10,104,113,117,132,133,148,156,16,162,169,17,18,2,20,21,22,23,25,29,30,32,36,46,55,59,6,70,87,9,92,97
96,1,104,113,133,148,156,16,169,17,20,21,23,25,29,30,32,36,55,59,6,92,97
97,1,104,113,132,133,153,156,169,18,19,2,20,21,22,23,24,25,29,30,32,36,46,55,56,59,6,70,87,92,97,98
98,1,104,113,117,132,133,148,156,16,162,169,17,170,18,19,2,20,21,22,23,24,25,29,30,32,36,46,55,56,59,6,70,80,87,9,92,97,98
99,1,104,113,132,133,148,156,16,162,169,17,170,18,19,2,20,21,22,23,25,29,30,32,36,46,55,59,6,70,80,87,9,92,97,98
100,1,10,104,113,117,132,133,148,155,156,16,162,169,17,170,18,19,2,20,21,22,23,25,29,3,30,32,36,46,55,59,6,70,80,87,9,92,97,98
101,1,10,104,113,132,133,148,156,16,162,169,17,170,18,19,2,20,21,22,23,25,29,3,30,32,36,46,55,56,59,6,70,80,87,9,92,97,98
102,1,10,104,113,117,132,133,148,155,156,16,162,169,17,18,2,20,21,22,25,29,3,30,32,36,46,55,59,6,70,87,9,92,97
103,1,104,113,117,132,133,148,155,156,16,162,169,17,170,18,19,2,20,21,22,25,29,3,30,32,36,46,55,59,6,70,80,87,9,92,97,98
104,1,10,104,113,117,132,133,148,155,156,16,169,17,170,18,19,2,20,22,24,25,29,30,32,36,55,59,6,70,80,87,9,92,97,98
105,1,104,133,148,153,156,16,169,17,170,18,19,2,20,21,22,23,25,29,30,32,36,46,55,59,70,87,9,92,97
106,1,10,104,113,132,148,156,16,169,20,21,22,23,3,32,36,55,59,92,97,98
107,1,10,104,113,117,132,133,148,155,156,16,162,169,170,18,2,20,21,22,23,25,29,3,30,32,36,46,55,56,59,6,70,87,9,92,97
108,1,10,113,117,132,148,156,162,169,18,22,30,32,59,70,87,9,97
109,1,133,156,25,30,32,55,6
110,1,10,113,117,132,133,148,16,162,169,17,170,18,19,2,20,22,25,29,30,32,36,55,59,6,70,87,9,92,97
111,1,10,104,113,132,133,148,155,156,16,169,17,170,18,19,2,20,21,22,23,25,29,3,30,32,36,46,55,59,6,70,87,9,92,97,98
112,1,10,104,113,132,133,148,153,16,162,169,17,170,18,2,20,21,22,25,29,3,30,32,36,46,55,59,6,70,87,9,92,97,98
113,1,104,113,132,133,148,156,16,17,18,2,20,21,22,23,25,29,3,30,32,36,46,55,59,6,70,80,87,92,97,98
114,1,10,104,113,117,132,133,148,16,162,169,18,19,2,20,22,23,25,30,32,36,46,55,59,6,70,87,9,92,97,98
115,1,10,104,113,117,132,133,148,156,16,162,170,18,19,2,20,21,22,23,25,29,30,32,36,55,59,6,70,87,9,92,97,98
116,1,10,104,132,133,148,162,169,17,170,18,19,2,20,21,22,23,25,29,30,32,36,46,55,59,6,70,80,87,9,97
117,1,10,104,113,132,133,148,153,155,156,16,162,169,17,170,18,19,2,21,22,23,24,25,29,3,30,32,36,46,55,56,59,6,70,80,87,9,92,97,98
118,1,10,104,113,132,133,148,16,162,169,17,170,18,2,20,21,22,23,25,29,32,36,46,55,56,59,6,92,97
119,1,132,133,148,156,16,169,17,18,19,22,25,30,32,36,46,55,59,6,70,97
120,1,10,104,113,132,133,148,16,18,2,21,25,29,30,32,36,46,55,6,97,98
121,1,10,104,113,117,132,133,148,156,16,162,169,17,18,2,20,21,22,23,25,29,3,30,32,36,46,55,59,6,9,92,97,98
122,1,10,104,113,117,132,133,148,169,17,170,18,19,2,20,21,22,23,25,29,30,32,36,46,55,59,6,70,80,87,92,97
123,1,104,113,133,148,16,169,18,2,21,23,25,29,30,32,36,46,55,56,59,6,70,87,9,92,97,98
124,1,10,104,113,132,133,156,16,169,18,2,20,21,22,25,29,3,30,32,36,56,59,6,97,98
125,1,10,104,113,117,132,133,148,153,156,16,162,169,18,2,20,21,22,23,25,29,3,30,32,36,46,55,56,6,70,87,9,92,97
126,1,104,113,133,148,169,18,2,21,22,23,25,29,32,36,55,6,70,80,87,9,97,98
127,1,10,104,132,133,155,156,16,162,169,170,18,2,20,21,22,23,29,3,32,36,55,59,80,92,97,98
128,1,10,104,113,132,133,16,169,170,18,21,22,23,25,29,3,30,32,46,55,56,59,97,98
129,1,104,113,117,132,133,148,153,156,16,162,169,17,170,18,19,2,21,22,23,25,29,3,32,36,46,55,56,59,6,70,80,87,9,92,97,98
130,1,10,104,113,132,133,148,153,155,156,16,162,169,17,170,18,2,20,21,22,23,25,29,30,32,36,46,55,56,59,6,70,87,9,92,97
131,1,10,104,113,117,132,133,148,16,162,169,17,170,18,19,2,20,21,22,23,24,25,29,3,30,32,36,55,59,70,80,87,9,92,97,98
132,1,104,132,133,148,156,16,162,169,18,19,2,20,21,22,23,25,29,32,36,46,55,6,70,87,92,97
133,1,10,104,113,117,132,133,148,16,162,169,170,18,19,2,20,21,22,23,25,29,3,30,32,36,46,55,56,59,6,70,87,9,92,97,98
134,1,104,113,133,148,156,16,170,19,21,22,23,25,29,30,32,36,46,55,59,92,97
135,1,104,113,117,132,133,148,16,162,169,18,2,20,21,23,25,30,32,36,55,59,6,70,87,9,92,97,98
136,1,10,104,113,132,133,148,16,169,17,170,18,19,2,20,21,22,25,29,30,32,36,55,59,6,70,87,9,92,97,98
137,1,10,104,113,132,133,148,156,16,169,17,170,18,2,20,21,22,23,25,29,3,30,32,36,46,55,59,6,70,87,9,92,97,98
138,1,10,104,113,132,148,153,169,21,23,25,29,30,32,36,46,55,6,92,97
139,1,10,104,113,117,132,133,148,156,16,162,169,17,18,2,21,22,25,29,30,32,36,55,59,6,70,87,9,97
140,1,132,133,148,153,162,20,22,25,29,30,32,36,55,56,6,70,87,97
141,1,10,132,133,16,169,18,22,25,29,30,36,55,6,70,87,97
142,1,10,113,132,133,16,170,18,2,21,25,3,30,36,55,6,97,98
143,1,10,104,113,117,132,133,148,155,156,16,162,169,17,170,18,19,2,20,21,22,25,29,30,32,36,55,59,6,70,80,87,9,92,97
144,1,10,104,113,132,133,148,156,16,162,169,17,170,18,19,2,20,21,22,25,29,3,30,32,36,55,56,59,6,70,80,87,9,92,97,98
145,1,104,133,148,169,17,170,18,2,21,22,25,29,30,32,36,55,59,6,97
146,1,104,113,132,133,148,156,16,162,169,17,170,18,19,2,20,21,22,23,25,29,3,30,32,36,46,55,59,6,70,80,87,9,92,97
147,1,10,104,117,132,133,148,153,156,16,162,169,17,170,18,19,2,20,21,22,23,25,29,30,32,36,46,55,59,6,70,9,92,97,98
148,1,10,104,113,132,133,148,16,169,17,170,18,19,2,20,21,22,25,29,30,32,36,55,59,6,70,87,9,92,97
149,1,10,104,132,133,148,156,16,170,18,19,20,21,22,23,25,29,30,32,36,46,55,6,70,87,92,97,98
150,1,10,104,113,117,132,133,148,156,16,162,169,17,18,2,20,21,22,23,25,29,30,32,36,46,55,6,70,87,9,92,97
151,1,10,104,113,132,133,148,156,16,162,169,18,2,20,21,22,24,25,29,30,32,36,46,55,56,59,6,70,87,9,92,97,98
152,1,10,104,113,117,132,133,148,156,16,162,169,17,170,18,19,2,21,22,23,25,29,3,30,32,36,46,55,56,59,6,70,87,9,92,97,98
153,1,10,104,113,117,132,133,148,156,16,162,169,170,18,2,20,21,22,24,25,29,3,30,32,36,46,55,59,6,70,87,92,97
154,1,10,104,113,132,133,148,16,162,169,17,170,18,19,2,21,22,23,25,29,30,32,36,46,55,6,70,9,92,97
155,10,104,170,20,21,22,23,32,36,55,59,92,97
156,1,133,148,169,17,170,18,2,20,21,22,25,29,30,32,36,46,55,59,6,70,87,9,92,97
157,1,10,104,113,132,133,16,169,18,2,20,21,22,23,25,29,30,32,36,55,6,9,97,98
158,1,10,104,113,133,148,153,156,16,169,17,170,18,19,20,21,22,23,25,29,30,32,36,46,55,56,59,6,87,9,92,97,98
159,1,10,104,132,16,18,2,22,30,32,36,59,97
160,1,10,132,133,16,169,18,2,20,21,25,30,36,46,55,6,9,92,97
161,1,104,113,133,156,18,2,20,21,22,23,25,3,30,32,36,46,55,59,6,70,87,97,98
162,1,10,104,113,132,133,148,16,169,17,170,18,2,21,22,25,29,30,32,36,55,59,6,70,9,92,97,98
163,1,10,104,113,117,132,133,148,155,156,16,169,17,170,18,2,21,22,23,25,29,3,30,32,36,46,55,59,6,70,80,87,9,92,97
164,1,10,113,132,133,156,16,162,169,2,30,32,36,55,59,9,97
165,1,10,104,113,117,132,133,148,156,16,162,169,17,170,18,19,2,20,21,22,23,24,25,29,3,30,32,36,46,55,56,59,6,70,80,87,9,92,97,98
166,1,133,21,25,29,30,32,36,6,97
167,10,156,29,3,30,32,55,9,97
168,1,10,104,113,132,133,148,156,16,162,170,18,2,20,21,22,23,25,29,30,32,36,46,55,59,6,70,87,9,92,97
169,1,10,132,133,148,155,16,162,169,17,25,30,36,55,56,6,9,92,97,98
170,1,10,104,113,132,133,148,156,16,169,17,170,18,2,20,21,23,24,25,29,3,30,32,36,46,55,70,87,9,92,97,98
171,1,10,132,133,16,162,20,25,29,30,36,55,92,97
172,1,10,104,113,117,132,133,148,16,162,169,17,18,2,21,22,23,25,29,30,32,36,59,6,70,87,9,92,97
173,1,10,104,113,117,132,133,148,156,16,162,169,17,170,18,19,2,20,21,22,23,24,25,29,30,32,36,46,55,59,6,70,87,9,92,97
174,1,10,104,113,132,133,148,156,16,20,21,22,25,29,30,32,36,55,59,6,70,87,9,97
175,1,10,133,148,169,170,18,19,21,25,29,32,36,55,59,6,97,98
176,1,10,104,113,117,132,133,148,16,162,169,170,18,19,2,20,21,22,23,25,29,30,32,36,46,55,56,59,6,70,87,9,97
177,1,10,104,113,132,133,148,20,21,25,30,36,55,59,6,97
178,1,10,104,113,117,132,133,148,156,16,162,169,17,170,18,19,2,20,21,22,23,25,29,3,30,32,36,46,55,59,6,70,87,9,92,97,98
179,1,10,104,113,132,133,148,16,162,169,18,2,21,22,23,25,29,30,32,36,46,55,56,87,9,92,97
180,1,104,113,117,132,133,148,156,169,170,18,19,20,21,22,23,25,30,32,36,46,55,59,6,70,87,92,97
181,1,10,113,162,169,18,25,30,59,9,97
182,1,10,104,113,117,132,133,148,155,156,16,162,169,17,170,18,19,2,20,21,22,23,24,25,29,3,30,32,36,46,55,56,59,6,70,80,87,9,92,97,98
183,1,10,104,113,117,132,133,148,156,16,162,169,18,19,2,20,21,22,23,25,29,3,30,32,36,55,59,6,70,80,87,9,92,97,98
184,1,10,104,113,132,133,148,156,16,162,169,18,19,20,21,22,25,29,30,32,36,46,55,59,6,70,87,9,92,97,98
185,1,10,104,117,132,133,148,155,156,16,169,17,170,18,19,20,21,22,23,25,3,30,32,36,46,55,59,6,70,87,9,92,97,98
186,1,10,104,113,132,133,148,155,156,16,169,170,18,2,20,21,22,23,25,29,3,30,32,36,46,55,59,6,9,92,97,98
187,1,10,104,113,117,132,133,148,16,169,17,170,18,19,2,20,21,22,23,24,25,29,3,30,32,36,46,55,59,6,70,87,92,97,98
188,1,10,104,113,117,132,133,148,153,155,156,16,162,169,17,170,18,2,20,21,22,24,25,29,30,32,36,46,55,59,6,70,87,9,92,97,98
189,1,104,132,133,16,18,2,21,23,25,29,30,32,36,46,55,59,97
190,1,10,104,132,156,16,169,18,2,21,23,30,32,36,55,97
191,1,10,113,117,132,133,156,16,162,169,18,2,20,22,25,29,30,32,36,55,59,6,70,87,9,92,97
192,1,10,104,113,132,133,148,153,156,169,17,170,18,19,2,20,21,22,23,25,29,3,30,32,36,46,55,59,6,70,87,9,92,97,98
193,1,10,104,113,132,133,148,155,156,16,169,17,170,18,2,20,21,22,23,25,29,3,30,32,36,46,55,56,59,6,70,87,9,92,97
194,1,10,104,132,16,169,170,18,2,21,23,25,29,3,30,46,55,59,6,92,97
195,1,10,113,132,133,156,16,162,169,18,20,22,25,29,30,36,55,59,6,9,92,97
196,1,10,113,132,133,148,155,156,16,162,169,17,18,2,20,21,22,23,24,25,29,3,30,32,36,46,55,59,6,70,87,9,92,97,98
197,1,10,117,132,148,155,156,16,162,169,17,170,18,20,21,22,23,29,30,32,36,55,59,6,70,9,92,97
198,1,10,104,113,132,133,148,162,169,17,170,18,2,20,21,22,29,30,36,46,55,56,59,92,97
199,1,104,132,133,148,156,16,162,169,17,18,19,20,21,22,23,24,25,29,3,30,32,36,46,55,6,70,80,92,97
200,1,10,104,113,132,133,148,156,16,169,18,19,2,20,21,22,23,25,29,3,30,32,36,46,55,56,59,6,70,92,97,98
201,1,104,113,132,133,148,156,162,169,17,170,18,19,2,20,21,23,25,29,3,30,32,36,46,55,59,6,70,80,87,92,97
202,1,104,113,132,133,148,155,156,16,162,169,170,18,19,20,21,22,23,25,29,30,32,36,46,55,56,59,6,70,80,87,9,92,97,98
203,1,104,113,133,148,156,16,162,169,17,170,18,19,2,20,21,22,23,25,29,30,32,36,46,55,59,6,70,87,9,92,97
204,104,148,18,21,22,29,32,36,46,55,59,98
205,1,104,113,117,132,133,148,156,16,162,169,17,170,18,2,21,23,25,29,3,30,32,36,46,55,59,6,9,92,97,98
206,1,104,113,132,133,148,16,162,169,170,18,19,2,20,21,22,23,29,30,32,36,46,55,59,6,70,80,87,9,92,97
207,1,104,113,153,156,169,170,18,21,23,29,3,32,36,55,59,97,98
208,1,104,113,132,133,148,156,16,169,170,18,19,2,20,21,22,23,25,29,32,36,46,55,59,92,97,98
209,1,104,113,169,170,18,19,20,21,23,29,3,30,32,36,46,55,59,92,97
210,1,104,113,133,148,169,2,25,29,30,32,36,46,55,6,70,87,9,92,97,98
211,1,104,113,132,156,16,162,169,170,18,21,23,25,29,32,36,46,55,97,98
212,1,104,113,132,18,21,23,32,36,46
213,1,104,113,132,133,148,155,156,169,170,18,2,20,21,22,23,25,29,3,30,32,36,46,55,92,97,98
214,1,104,113,148,156,169,18,2,21,22,23,29,32,36,46,55,80,92,97,98
215,1,104,113,132,133,148,156,162,169,17,170,18,19,2,20,21,22,25,29,32,36,46,55,56,59,6,70,80,87,92,97,98
216,1,10,104,113,117,132,133,148,156,16,169,17,170,18,19,2,20,21,22,23,25,29,30,32,36,46,55,59,6,70,80,87,9,92,97,98
217,1,104,113,132,148,156,16,169,18,20,21,22,23,29,32,36,46,55,59,80,92,97
218,1,104,132,148,156,16,162,169,17,170,18,19,2,20,21,22,23,29,3,30,32,36,46,55,92,97,98
219,1,104,113,132,148,153,156,16,169,170,18,20,21,22,23,25,29,3,32,36,46,55,59,9,97,98
220,1,104,133,148,16,162,169,22,29,30,32,36,46,55,9,97
221,1,104,113,153,156,169,18,21,23,29,3,32,36,46,56,59,80,98
222,1,104,113,117,132,133,148,155,156,16,162,169,17,170,18,19,2,20,21,22,23,25,29,3,30,32,36,46,55,59,6,70,80,87,9,92,97,98
223,1,104,113,132,133,148,156,169,170,19,21,23,25,29,32,36,46,59,97,98
224,1,104,113,132,133,148,155,156,16,162,169,18,20,21,22,23,24,25,29,3,30,32,36,46,55,59,6,9,97,98
225,1,104,113,132,133,148,156,16,162,169,17,170,18,19,2,20,21,22,23,25,29,3,30,32,36,46,55,56,59,6,70,87,9,92,97,98
226,1,104,113,132,133,148,153,156,16,169,18,2,21,29,3,32,36,46,55
227,104,133,148,156,169,17,170,18,20,21,23,25,29,32,36,55,59
228,1,104,113,132,133,148,156,169,18,20,21,29,3,32,36,46,55,59,80,97,98
229,1,104,113,133,148,155,16,162,169,19,20,23,29,3,32,36,46,55,59,6,70,87,92,97,98
230,1,104,113,132,133,148,156,16,169,17,170,20,21,22,23,25,29,30,32,36,46,55,59,9,92,97,98
231,1,104,113,133,148,169,170,18,20,21,22,23,25,29,32,36,46,55,70,87,9,92,97
232,1,104,113,117,132,133,148,16,169,17,170,18,19,2,20,21,22,23,25,29,3,30,32,36,46,55,59,6,92,97,98
233,1,104,113,148,16,169,17,170,18,19,20,21,22,23,29,3,32,36,56,59,6,92,97,98
234,1,104,113,148,169,17,170,18,19,20,21,23,29,3,30,32,36,46,55,59,92,97,98
235,1,104,113,133,148,153,156,162,169,17,19,2,20,21,22,23,25,29,30,32,36,46,55,56,59,6,92,97,98
236,1,104,19,21,23,3,32,36,46,56,59,80,92,98
237,1,104,113,132,133,148,156,169,170,18,19,20,21,23,29,3,30,32,36,46,56,59,92,97,98
238,1,104,113,132,133,148,156,16,162,169,170,18,19,20,21,22,23,25,29,3,30,32,36,46,55,56,59,6,80,92,97,98
239,1,104,113,132,133,148,156,16,169,170,18,19,20,21,23,25,29,30,32,36,46,55,56,6,70,87,92,97
240,1,113,132,133,169,2,22,23,29,32,36,46,56,6,70,9,92,97
241,1,104,113,132,133,148,155,156,16,169,17,170,18,20,21,25,29,3,30,32,36,46,55,59,6,97,98
242,1,104,113,132,133,148,156,16,169,18,19,20,21,23,25,29,3,32,36,46,55,59,6,9,92,97,98
243,1,113,148,169,18,22,23,32,36,46,55,59,92,97
244,1,104,113,132,133,148,156,162,169,170,19,20,21,22,25,29,32,36,46,55,70,80,87,92,97
245,1,113,133,148,169,17,170,18,2,21,22,23,25,29,30,36,46,55,56,59,6,70,87,9,92,97,98
246,1,104,113,132,133,148,156,16,169,17,170,18,19,20,21,25,29,32,36,46,55,92,98
247,1,104,113,156,169,170,18,19,21,23,29,32,36,55,59,92,97,98
248,1,104,113,133,148,156,169,20,21,23,25,29,3,32,36,46,55,97,98
249,1,104,132,133,148,16,162,169,17,170,18,19,2,20,21,22,25,29,32,36,46,55,56,59,6,70,9,92,97,98
250,1,104,113,117,132,133,148,155,156,16,162,169,17,170,18,19,2,20,21,22,23,24,25,29,3,30,32,36,46,55,59,6,70,80,87,9,92,97,98
251,1,104,113,132,156,16,162,169,170,18,19,20,21,29,3,32,36,46,55,59,92,97,98
252,1,104,113,132,133,148,156,16,169,17,170,18,19,2,20,21,22,25,29,3,30,32,36,46,55,56,59,6,70,87,9,92,97,98
253,1,104,113,132,148,156,162,169,17,170,18,2,21,23,29,3,32,36,55,59,97,98
254,1,104,113,132,133,148,156,16,169,170,18,21,23,25,29,3,32,36,46,55,59,98
255,1,104,113,117,132,133,148,16,162,17,170,18,19,2,20,21,22,25,29,30,32,36,46,55,6,92,97
256,1,104,113,132,133,16,169,170,19,20,21,22,23,25,29,32,36,46,55,59,70,87,92,97
257,1,104,113,132,133,148,16,162,169,17,18,20,21,22,25,29,30,32,36,55,59,6,70,87,9,92,97,98
258,1,104,113,132,133,148,153,156,16,169,170,18,20,21,23,24,25,29,3,30,32,36,46,55,59,6,9,92,97,98
259,1,10,104,113,117,132,133,148,16,162,169,170,18,19,2,20,21,22,23,25,29,3,30,32,36,46,55,59,6,70,87,9,92,97,98
260,1,104,113,133,148,16,169,18,20,21,22,25,29,3,30,32,36,46,55,6,97,98
261,1,104,113,117,132,133,148,153,156,16,162,169,17,170,18,2,21,22,25,29,3,32,36,46,55,59,70,87,92,97,98
262,1,10,104,113,132,133,148,153,156,16,169,17,170,18,19,2,20,21,22,23,25,29,3,32,36,46,55,56,59,70,80,9,92,97,98
263,1,104,113,132,133,148,156,16,162,169,17,170,18,19,2,20,21,22,23,25,29,30,32,36,55,59,6,70,87,9,92,97,98
264,1,10,104,113,133,153,155,156,16,169,170,18,2,21,22,23,25,29,30,32,36,46,55,56,59,6,70,87,9,97
265,1,104,113,132,133,148,156,16,162,169,170,20,21,22,23,29,32,36,46,55,59,70,97,98
266,1,104,113,132,133,148,153,156,16,162,169,17,170,18,2,20,21,22,23,25,29,3,30,32,36,46,55,56,59,6,70,80,87,9,92,97,98
267,1,104,113,117,132,133,148,16,162,169,17,19,20,22,25,29,30,32,36,46,55,59,6,70,87,9,92,97
268,1,104,117,132,133,148,156,16,162,169,17,170,18,19,2,20,21,22,23,25,3,32,36,46,55,59,70,80,87,9,92,97,98
269,1,104,113,132,133,148,156,16,162,169,170,18,20,21,22,25,29,3,30,32,36,46,55,59,6,70,87,92,97,98
270,1,104,113,132,133,148,153,156,16,162,169,17,170,18,19,2,20,21,22,23,25,29,30,32,36,46,55,59,6,70,87,9,92,97
271,1,10,104,113,132,133,148,153,156,16,162,169,170,18,19,2,20,21,22,23,25,29,3,30,32,36,46,55,59,6,70,80,87,9,92,97,98
272,1,10,104,113,117,132,133,156,16,169,170,18,20,21,22,25,3,30,32,36,46,55,70,92,97,98
273,1,104,133,16,169,25,29,30,32,55,92,97
274,1,104,113,132,133,148,156,16,18,20,21,22,25,30,32,36,46,55,59,6,70,87,9,92,97
275,1,104,113,132,133,156,16,162,169,170,18,19,2,20,21,22,23,25,29,3,30,32,36,46,55,59,6,9,92,97,98
276,1,104,113,133,18,2,25,32,70,87,97
277,1,104,113,132,133,148,16,169,17,170,2,20,21,22,25,29,30,32,36,46,55,59,6,70,87,92,97
278,1,104,132,133,148,156,16,162,169,17,170,18,19,20,21,22,29,30,32,36,46,55,59,92,97
279,1,104,156,169,19,2,21,29,3,32,46,55,92,98
280,1,156,169
281,1,104,113,117,132,133,148,156,16,162,169,170,18,20,21,22,23,25,29,3,30,32,36,46,55,59,6,9,92,97,98
282,1,104,113,132,133,148,155,156,16,169,17,170,18,19,20,21,22,23,24,25,29,3,30,32,36,46,55,59,6,70,80,87,97,98
283,1,10,104,132,133,148,156,16,162,169,17,18,2,20,21,22,29,30,32,36,46,55,6,80,9,92,97
284,1,104,113,117,132,133,148,156,16,162,169,170,18,19,20,22,23,25,29,30,32,36,46,55,59,6,9,92,97
285,1,104,113,132,133,148,156,17,170,18,19,2,20,21,23,24,25,29,3,30,32,36,46,55,59,6,80,87,92,97,98
286,1,10,104,117,132,133,148,156,16,162,169,18,19,2,20,21,22,25,29,30,32,36,46,55,59,6,70,87,9,92,97
287,1,10,104,113,117,132,133,148,153,155,156,16,162,169,17,170,18,19,2,20,21,22,23,25,29,30,32,36,46,55,56,59,6,87,9,92,97,98
288,1,104,132,148,156,16,169,170,19,2,20,21,23,29,3,30,32,36,55,9,92,97,98
289,1,104,113,148,169,20,21,23,29,32,36,46,55,87,97,98
290,1,104,113,117,132,133,148,156,162,169,18,19,2,20,21,22,23,25,29,3,30,32,36,46,55,59,6,70,80,87,9,92,97,98
291,1,104,132,133,148,16,162,169,20,25,29,32,36,46,55,9,92,97
292,1,104,132,156,16,169,20,21,23,29,30,36,46,55,97,98
293,1,10,104,132,148,156,16,169,18,19,20,23,29,3,32,46,55,92,97,98
294,1,113,133,16,169,170,18,21,23,29,3,36,55,56,97,98
295,1,113,132,133,148,156,16,17,170,18,2,21,22,25,29,30,32,36,46,55,59,6,70,87,9,92,97,98
296,1,104,113,132,133,148,156,16,162,169,17,170,18,19,20,21,22,23,24,25,29,3,30,32,36,46,55,56,59,6,70,87,9,92,97,98
297,1,104,113,132,133,148,156,16,162,169,170,18,19,20,21,25,29,3,30,32,36,46,55,6,9,92,97,98
298,1,104,113,132,133,148,156,16,162,169,18,19,2,20,21,22,23,25,29,3,32,36,46,55,59,6,70,87,9,92,97,98
299,1,10,113,132,133,148,156,16,162,169,170,18,19,2,20,22,25,29,30,32,36,46,55,59,6,70,87,9,92,97,98
300,1,169,18,21,24,29,32,59,97
301,1,104,113,132,133,148,153,156,16,169,17,170,18,20,21,22,23,25,29,30,32,36,46,55,56,59,6,70,9,97,98
302,1,104,132,133,148,16,162,169,170,18,19,20,21,22,25,29,3,30,32,36,46,55,59,6,70,87,92,97,98
303,1,104,113,117,132,133,148,156,16,162,169,17,170,18,2,20,21,22,23,29,3,30,32,36,46,55,56,59,6,70,87,9,92,97,98
304,1,104,132,133,148,156,16,169,20,25,29,3,30,32,36,46,55,6,97
305,104,169,21,23,29,36,56,97
306,1,104,113,132,133,148,156,16,162,169,17,170,18,2,20,21,23,29,3,32,36,46,55,56,59,80,9,92,97,98
307,1,104,113,132,133,148,156,16,169,17,18,19,2,20,21,22,23,25,29,30,32,36,46,55,56,59,6,80,92,97
308,1,10,104,113,132,133,148,155,156,16,169,17,170,18,19,2,20,21,23,25,29,3,30,32,36,46,55,59,70,87,92,97,98
309,1,104,113,132,133,148,156,16,162,169,170,18,19,20,21,23,25,29,3,30,32,36,46,55,59,6,70,87,92,97,98
310,1,10,104,113,132,133,156,16,19,20,21,22,23,25,29,3,30,32,36,46,55,59,6,70,80,92,97
311,1,10,104,113,132,133,156,16,170,18,20,21,23,25,29,3,30,32,36,46,55,59,6,70,87,92,97,98
312,1,10,104,113,132,133,148,156,16,169,170,18,2,20,21,22,23,25,29,3,30,32,36,46,55,59,6,92,97,98
313,1,104,113,117,132,133,148,16,162,169,170,18,20,21,22,25,29,32,36,46,55,59,6,70,87,92,97
314,1,10,104,113,117,132,133,148,16,162,169,170,18,19,2,20,21,22,23,24,29,30,32,36,46,55,59,6,70,80,87,9,92,97
315,1,104,113,132,133,148,156,16,170,18,19,20,21,22,23,29,30,36,46,55,6,92,97
316,1,10,104,113,132,133,148,16,162,169,18,2,20,21,22,25,29,30,32,36,46,55,56,59,6,70,87,9,92,97,98
317,1,132,133,148,156,16,162,169,170,18,19,2,20,21,22,29,3,30,32,36,46,55,80,9,92,97,98
318,1,10,104,113,132,133,148,155,156,16,162,169,19,2,20,21,22,23,25,29,3,30,32,36,46,55,59,6,9,92,97,98
319,1,10,132,156,16,169,18,21,29,30,32,36,55,59,92
320,1,104,133,148,156,16,169,170,18,19,20,21,22,23,25,29,30,32,36,46,55,56,59,6,9,92,97
321,1,104,113,132,156,16,2,20,21,22,23,29,32,36,46,55,97
322,104,113,132,133,16,169,170,18,19,21,25,30,32,36,46,59,70,87,92,97
323,1,10,104,113,117,132,133,148,153,156,16,162,169,17,170,18,19,2,20,21,22,23,24,25,29,3,30,32,36,46,55,56,59,6,70,80,87,9,92,97,98
324,1,104,132,133,156,16,169,2,20,21,22,23,24,25,29,30,32,36,55,56,59,6,9,92,97,98
325,1,10,104,113,132,133,148,153,16,169,170,18,2,20,21,22,23,25,29,30,32,36,46,55,6,80,9,92,97,98
326,1,104,132,133,148,19,21,22,25,29,30,32,36,55,6,97,98
327,1,104,113,132,133,148,155,156,16,169,17,18,2,21,25,3,30,32,36,46,55,59,92,97,98
328,1,10,104,113,132,133,148,156,16,169,17,170,18,19,2,20,21,22,25,29,30,32,36,46,55,59,6,70,87,9,92,97
329,1,10,104,113,117,132,133,148,156,16,162,169,17,170,18,19,2,20,21,22,23,24,25,29,3,30,32,36,46,55,56,59,6,70,80,87,9,92,97,98
330,1,10,104,113,132,133,148,153,16,169,170,18,2,21,22,23,25,29,3,30,32,36,46,55,59,6,70,87,92,97
331,1,104,113,132,133,148,153,156,16,169,17,170,18,20,21,23,25,29,3,30,32,36,46,55,56,59,6,70,87,92,97,98
332,1,104,132,133,148,156,16,162,169,17,170,18,19,2,20,21,23,24,25,29,3,30,32,36,46,55,59,6,9,92,97,98
333,1,10,104,113,132,133,148,155,156,16,162,169,170,18,20,22,23,25,29,3,30,32,36,46,55,59,6,70,9,92,97,98
334,1,10,104,113,132,133,148,156,16,162,169,17,170,18,2,20,21,22,25,29,30,32,36,55,56,59,6,70,87,9,92,97
335,1,132,133,156,16,169,170,18,20,21,29,3,30,32,36,46,55,59,92,97,98
336,1,104,113,132,133,156,16,169,170,18,2,21,23,25,29,3,30,32,36,46,55,6,92,97,98
337,1,104,113,132,133,156,169,170,18,2,21,22,23,25,29,30,32,36,46,55,59,6,97
338,1,104,113,133,170,21,23,25,29,30,32,36,55,59,6,70,80,87,9,92,97,98
339,1,132,133,16,169,25,29,3,30,46,55,6,98
340,1,104,113,132,133,148,153,156,16,169,170,18,20,21,22,25,29,30,32,36,46,55,56,59,6,92,97,98
341,1,104,113,133,148,16,169,17,18,19,2,21,22,23,25,29,30,32,36,55,59,6,70,87,92,97
342,1,117,132,133,148,156,16,162,169,18,19,2,20,21,22,29,30,32,36,46,55,59,6,70,87,92,97
343,1,10,104,113,132,133,148,156,16,162,169,17,170,18,19,2,20,21,22,23,25,29,3,30,32,36,46,55,56,59,6,70,87,9,92,97,98
344,1,10,132,16,169,20,21,29,3,30,32,55,59,92,97,98
345,1,10,104,113,132,133,148,155,156,16,162,169,170,18,19,2,20,21,22,23,25,29,30,32,36,46,55,59,6,70,87,92,97,98
346,18,20,23,3,32,55
347,1,104,113,132,133,148,153,16,169,17,170,19,20,21,22,25,30,32,36,46,55,59,70,87,92,97
348,1,10,104,113,117,132,133,148,16,162,169,170,18,19,20,22,25,29,30,32,36,46,55,59,6,70,87,92,97
349,1,10,104,113,117,132,133,148,153,156,16,169,170,18,2,20,21,22,23,25,29,30,32,36,46,55,56,6,70,92,97,98
350,1,10,104,113,132,133,148,153,156,16,169,18,19,20,21,23,29,30,32,36,46,55,56,6,92,97
351,1,113,132,133,148,156,16,169,17,170,18,2,21,22,23,25,29,3,32,36,46,55,70,87,92,97,98
352,1,10,104,113,132,133,153,16,169,18,19,2,20,21,23,25,29,30,32,36,46,55,56,70,92,97,98
353,1,104,113,117,133,148,156,162,169,170,18,2,21,22,29,30,32,36,55,59,6,70,87,9,97
354,1,113,132,16,169,170,18,2,21,22,29,30,36,6
355,1,104,113,132,133,148,156,16,169,170,18,2,20,21,22,23,29,30,32,36,46,55,59,9,92
356,1,10,104,113,132,133,148,16,162,169,17,170,18,19,2,20,21,22,23,25,29,3,30,32,36,46,55,56,59,6,70,87,9,92,97,98
357,1,10,104,113,117,132,133,16,162,169,17,18,19,2,20,21,22,23,29,30,32,36,46,55,59,6,70,87,9,92,97
358,1,10,113,132,133,148,156,16,169,20,25,29,3,30,32,36,46,55,6,92,97
359,1,113,132,156,16,169,170,18,20,21,22,30,32,55,59,92,97
360,162,23
361,1,10,104,113,132,155,156,16,169,18,19,2,21,29,3,30,36,46,55,56,59,92,97,98
362,1,10,104,113,117,132,133,148,156,16,162,169,170,18,19,2,20,21,22,25,29,3,30,32,36,55,56,59,6,70,87,9,92,97,98
363,1,10,104,113,117,132,133,148,156,16,162,169,17,170,18,19,2,20,21,22,23,24,25,29,3,30,32,36,46,55,56,59,6,70,87,9,92,97,98
364,1,10,104,113,132,133,148,156,16,169,17,170,18,2,20,21,22,23,25,29,30,32,36,55,59,6,70,80,87,9,92,97
365,1,113,132,133,148,156,16,2,21,25,36,55,70,87,92,97,98
366,1,10,104,113,117,132,133,148,156,16,162,169,17,170,18,19,2,21,22,25,29,30,32,36,46,55,59,6,70,87,9,92,97
367,1,10,104,113,132,133,148,155,156,16,162,169,170,18,2,20,21,22,23,24,25,29,30,32,36,46,55,56,59,6,70,87,9,92,97,98
368,1,104,133,148,16,169,18,2,21,30,32,46,55,9,92,97
369,1,10,132,156,16,169,18,30,36,55,92,97
370,1,113,132,133,16,169,19,2,20,21,22,29,3,30,32,36,55,59,9,92,97,98
371,1,10,104,113,132,133,156,16,169,18,19,20,21,23,25,29,30,32,36,46,55,59,92,97
372,1,10,104,113,117,132,133,148,153,16,169,18,20,25,29,3,30,32,36,55,59,9,92,97,98
373,1,10,132,133,155,16,169,18,2,21,23,25,29,30,32,36,55,97
374,1,10,104,113,132,133,156,16,162,169,18,21,23,25,29,30,32,36,46,55,59,6,70,87,92,97
375,1,10,104,113,117,132,133,148,16,162,169,17,170,18,19,2,20,21,22,23,25,29,30,32,36,55,59,6,70,80,87,9,92,97
376,1,10,113,132,133,148,16,169,17,22,25,29,30,32,36,55,6
377,1,10,113,132,133,16,169,18,2,22,24,29,30,32,36,55,9,97,98
378,1,104,113,117,132,133,148,155,156,162,169,170,18,19,2,20,21,22,23,24,25,29,3,30,32,36,46,55,56,59,6,70,80,87,9,92,97,98
379,1,104,113,132,133,155,156,169,20,21,22,25,29,30,32,36,46,55,70,87,97,98
380,1,10,104,113,117,132,133,148,153,156,16,169,17,170,18,19,2,21,22,23,25,29,30,32,36,46,55,56,6,70,87,9,92,97,98
381,1,104,113,132,133,148,16,169,18,2,20,24,25,30,32,36,55,6,97,98
382,1,104,162,169,170,2,22,32,59,70,87,92,97
383,1,104,113,132,133,148,16,169,18,2,21,22,23,25,3,30,32,36,46,55,6,70,97
384,1,104,117,132,133,148,156,16,162,169,17,170,18,19,2,20,22,23,25,29,30,32,36,46,55,59,6,70,87,92,97
385,1,10,104,113,132,133,148,156,16,162,169,18,2,20,21,22,23,29,30,32,36,46,55,59,6,70,80,87,9,92,97,98
386,1,10,104,132,156,16,21,30,55,56
387,1,10,132,133,156,18,25,32,36,46,55,6,70,87
388,1,10,113,132,156,16,169,18,20,21,23,24,29,3,30,32,36,46,55,59,80,92,97,98
389,1,10,104,113,132,133,148,156,16,169,17,18,19,2,21,22,23,24,29,30,32,36,46,55,59,6,70,87,9,92,97,98
390,1,10,104,113,117,132,133,148,156,16,162,169,17,18,19,2,20,21,22,23,25,29,3,30,32,36,46,55,59,6,70,87,9,92,97,98
391,1,10,104,113,117,132,133,148,153,156,16,162,169,17,170,18,19,2,20,21,22,23,25,29,3,30,32,36,55,56,59,6,70,87,9,92,97,98
392,1,10,104,113,132,133,16,162,169,18,2,20,21,22,23,25,29,3,30,32,36,46,55,59,6,70,87,92,97,98
393,1,10,113,132,133,148,156,16,169,19,20,21,25,29,30,32,36,46,55,59,6,92,97
394,1,10,104,113,132,133,148,156,16,162,169,18,2,20,21,22,23,25,29,30,32,36,46,59,6,92
395,1,10,104,132,16,169,20,30,32,46,55,59,92,97
396,1,10,104,113,132,156,16,18,21,23,30,32,36,46,55,6,70,87,92,97
397,1,104,132,16,18,20,23,29,30,46,55,92,97
398,1,104,113,132,133,148,16,169,17,170,18,19,20,21,22,23,24,25,29,30,32,36,46,55,59,6,70,87,9,92,97,98
399,1,10,132,16,169,18,2,23,30,36,46,70
400,1,10,104,113,132,133,148,155,156,16,169,17,170,18,19,2,20,21,22,23,25,29,3,30,32,36,46,55,59,70,9,92,97,98
401,1,10,104,113,132,133,148,155,156,16,169,17,170,18,19,2,20,21,22,23,25,29,30,32,36,46,55,56,59,6,70,80,87,9,92,97,98
402,1,104,133,148,155,156,16,162,169,17,170,18,19,20,21,22,23,25,29,3,32,36,46,55,6,87,92,97,98
403,1,10,104,113,132,133,156,16,162,169,170,18,19,20,21,22,23,25,29,30,32,36,55,59,6,70,87,97,98
404,1,10,104,113,132,156,16,169,20,22,29,30,55,6
405,1,10,113,132,133,156,16,169,20,21,22,29,3,30,32,36,55,6,70,87,92,97,98
406,1,104,113,117,132,133,148,153,156,16,169,17,170,18,19,2,20,21,22,23,25,29,3,30,32,36,46,55,56,59,6,70,80,87,9,92,97,98
407,1,10,104,113,132,133,148,156,16,162,169,170,18,19,20,21,22,23,25,29,30,32,36,46,55,59,6,70,87,9,92,97,98
408,16,29
409,1,104,117,132,133,155,16,169,17,170,18,20,21,29,30,32,36,55,56,59,6,70,92,97,98
410,1,10,104,113,133,153,155,16,169,170,18,20,23,25,29,30,32,46,55,59,6,70,9,97
411,1,104,113,132,133,153,155,156,16,162,169,17,18,20,23,29,30,32,36,46,55,59,70,92,97,98
412,1,104,113,132,133,148,153,16,162,169,17,18,21,22,23,24,29,30,32,46,55,59,6,70,80,9,92,97,98
413,1,104,113,117,132,133,148,153,155,156,16,162,169,17,170,18,19,2,20,21,22,24,29,3,30,32,36,46,55,56,59,6,70,80,9,97,98
414,113,132,133,16,169,17,18,21,29,30,36,59,98
415,1,10,104,113,117,132,133,148,153,156,16,162,169,17,18,2,21,22,23,24,25,29,30,32,36,59,6,70,80,9,97,98
416,1,10,104,113,117,132,133,148,155,16,162,169,170,18,2,20,21,22,23,24,29,3,30,32,36,46,55,56,59,6,70,87,9,92,97,98
417,1,104,113,132,133,148,155,156,16,169,17,18,20,21,22,23,24,25,29,30,32,55,56,59,70,87,92,97,98
418,1,104,113,117,132,133,148,153,155,156,16,162,169,17,170,18,20,21,22,23,25,29,3,30,32,46,55,59,6,70,9,92,97,98
419,1,104,113,132,133,153,156,16,169,17,18,2,20,21,29,30,32,36,55,59,9,97,98
420,1,104,113,117,132,133,148,153,155,16,162,169,17,18,24,25,29,30,32,46,59,6,9,92,97,98
421,1,10,104,113,117,132,148,153,155,156,16,162,169,17,170,18,2,21,22,24,29,30,32,36,46,55,56,59,80,9,92,97
422,1,104,113,117,132,133,153,155,156,16,162,169,17,170,18,2,20,21,22,29,30,32,36,55,56,59,6,70,80,87,9,92,97,98
423,1,104,113,132,133,148,156,16,162,169,17,170,18,2,20,21,22,23,24,25,29,3,30,32,36,55,56,59,6,70,92,97,98
424,1,10,104,113,117,132,133,148,153,155,156,16,162,169,17,170,18,19,2,20,21,22,23,24,25,29,3,30,32,36,46,55,56,59,6,70,80,87,9,92,97,98
425,1,104,113,132,133,148,153,16,162,169,17,170,18,21,22,23,24,29,30,32,36,46,55,56,59,6,70,80,9,92,97,98
426,1,104,113,117,132,133,148,155,16,169,17,170,18,2,20,21,22,23,24,29,30,32,36,55,56,59,6,70,80,9,92,97,98
427,1,104,113,117,132,133,148,155,156,16,162,169,17,170,18,20,24,29,30,32,36,59,6,70,80,87,92,97,98
428,1,104,113,132,148,16,162,169,18,2,21,29,30,59,6,9,92,97
429,1,104,113,117,132,133,153,155,156,162,169,17,18,20,22,23,24,25,29,30,32,36,55,56,59,6,70,87,9,92,97,98
430,1,10,104,113,132,133,148,153,155,16,169,170,18,2,20,21,25,29,30,32,36,55,56,59,6,9,92,97,98
431,1,104,113,117,132,148,153,155,16,162,169,17,170,18,20,21,22,23,25,29,30,32,36,46,55,56,59,6,70,9,92,97,98
432,1,104,113,117,132,133,148,153,155,16,162,169,17,170,18,2,20,21,22,23,24,25,29,30,32,36,46,55,56,59,6,70,9,92,97,98
433,1,104,113,117,132,133,148,153,16,162,169,17,170,18,21,25,29,3,30,32,36,46,59,6,70,9,92,97,98
434,1,104,113,132,148,153,162,169,17,170,18,2,21,22,23,24,29,3,30,32,36,46,59,70,87,9,92,97
435,1,104,113,132,133,148,153,156,16,169,17,170,18,2,20,21,22,23,25,29,30,32,36,55,56,59,9,97,98
436,1,25,29,30
437,1,113,132,133,16,169,17,18,21,22,29,30,32,36,59,6,97,98
438,1,104,113,132,133,16,162,169,17,170,18,20,21,22,25,29,3,30,36,59,70,87,92,97,98
439,1,104,113,117,132,133,148,153,155,156,16,169,17,170,18,2,20,21,22,23,25,29,30,32,36,46,55,56,59,70,92,97,98
440,1,104,113,132,133,148,153,155,16,162,169,17,170,18,19,20,22,24,25,29,30,32,36,55,59,6,70,9,92,97,98
441,1,113,132,148,16,162,169,170,18,21,22,29,3,36,55,56,59,6,87,92
442,1,104,113,132,148,153,16,162,169,170,24,29,30,36,59,6,9,92,97
443,1,113,117,132,133,169,18,21,30,32,36,56,59,97
444,104,113,117,132,153,169,17,18,21,29,32,59,6,9
445,1,113,132,153,16,162,169,18,24,25,29,30,32,36,56,59,80,9,98
446,1,10,104,113,117,132,133,148,153,156,16,162,169,17,170,18,20,21,22,23,24,25,29,30,32,36,46,55,56,59,6,70,80,87,9,92,97,98
447,1,104,113,117,132,133,148,153,155,156,16,162,169,17,18,2,20,21,22,23,24,25,29,30,32,36,46,56,59,6,70,9,92,97,98
448,1,113,132,133,153,169,17,18,21,29,30,32,36,6,70,9,92,97,98
449,1,104,113,117,132,133,148,153,155,156,16,169,17,170,18,2,22,24,25,29,30,32,55,59,6,70,80,9,92,97,98
450,1,113,132,133,148,169,18,2,21,23,24,25,29,30,32,36,46,59,70,97,98
451,1,104,113,117,132,133,148,153,155,16,162,169,18,21,23,24,25,29,30,32,36,46,59,6,9,92,97,98
452,1,104,113,132,16,162,169,18,21,24,29,3,36,55,59
453,1,133,16,169,18,20,29,3,30,59,98
454,1,132,133,169,18,20,21,36,59,98
455,1,10,104,113,117,132,148,155,16,162,169,17,18,19,20,22,24,25,29,3,30,32,36,55,56,59,87,92,97,98
456,1,104,113,117,132,133,148,155,16,169,17,170,18,20,21,23,29,30,32,36,55,59,6,92,97,98
457,1,104,113,132,133,148,155,156,16,162,169,17,18,2,21,22,23,24,29,3,30,32,36,55,56,59,97,98
458,1,104,113,133,16,169,17,18,22,29,30,36,55,59,97,98
459,1,104,113,132,148,153,155,156,16,169,17,170,18,20,21,22,24,25,29,30,32,36,59,70,9,92,97,98
460,1,10,104,113,117,132,133,148,153,155,16,162,169,17,170,18,20,21,22,24,25,29,3,30,32,36,55,56,59,6,70,80,9,92,97,98
461,1,113,132,133,155,169,18,20,22,29,30,32,36,55,59,70,92,97,98
462,1,104,117,133,155,16,169,17,170,18,21,22,29,30,32,55,56,59,70,92,97
463,1,113,132,155,16,169,17,170,18,2,21,36,46,59,92,97,98
464,1,104,113,132,148,156,16,162,169,17,170,18,24,25,29,3,30,32,36,59,6,97
465,1,10,104,113,132,133,148,153,155,156,16,162,169,17,170,18,20,21,22,25,29,3,30,32,36,55,56,59,6,87,9,92,97,98
466,1,104,113,132,153,155,156,162,169,17,170,18,22,25,29,30,32,59,9,92,97,98
467,1,10,104,113,117,132,133,148,153,155,156,16,162,169,17,170,18,19,2,20,21,22,23,24,25,29,3,30,32,36,46,55,56,59,6,70,80,87,9,92,97,98
468,1,104,113,132,133,153,155,16,162,169,17,170,18,20,21,22,24,25,29,30,32,36,55,56,59,9,92,97,98
469,1,10,104,113,132,153,155,16,169,17,170,18,20,23,24,25,29,30,32,36,55,59,9,92,97,98
470,1,104,113,132,133,155,16,162,169,17,18,20,22,29,30,32,55,56,59,70,80,92,97,98
471,113,16,18,29,59
472,1,104,113,117,132,133,153,155,16,162,169,17,170,18,20,21,22,23,24,25,29,30,32,36,55,56,59,70,80,87,9,92,97,98
473,1,104,113,132,148,155,156,16,162,169,17,170,18,20,21,29,30,32,36,55,56,59,6,70,92,97,98
474,1,104,113,132,133,153,156,16,162,169,17,170,18,20,21,22,23,24,29,30,32,36,46,55,56,59,70,9,97,98
475,1,16,169,18,29,30,59,98
476,1,104,113,117,132,133,148,153,155,16,162,169,17,170,18,20,22,29,30,32,55,56,59,70,80,9,92,97,98
477,1,104,113,153,16,162,169,17,170,18,20,25,29,30,32,36,59,6,70,9,92,98
478,133,148,16,17,18,30,56,97
479,1,104,113,117,132,148,153,155,16,169,17,170,18,20,22,24,25,29,3,30,32,36,55,56,59,6,70,9,92,97,98
480,1,104,113,132,133,153,155,16,162,169,17,18,20,21,29,30,32,36,55,56,59,6,70,9,92,97,98
481,1,113,117,132,16,18,30,36,98
482,1,104,113,132,148,153,16,169,17,170,18,21,22,24,25,29,30,32,36,56,59,6,70,87,9,97,98
483,1,104,113,117,132,148,16,169,18,22,29,30,32,36,55,97,98
484,1,104,113,132,133,153,16,169,17,18,20,21,22,24,25,29,3,30,32,36,55,56,59,6,70,9,92,97,98
485,1,104,113,117,132,153,162,169,17,18,20,21,23,25,29,30,32,36,55,59,9,97,98
486,1,10,104,113,117,132,153,155,16,162,169,17,170,18,21,22,29,30,32,36,55,56,59,6,70,9,92,97,98
487,16,169,18,22,32,59,97,98
488,1,104,113,132,133,148,153,156,16,162,169,17,170,18,2,20,21,22,24,25,29,3,30,32,36,46,55,56,59,80,87,9,92,97,98
489,1,104,113,117,132,133,148,153,155,156,16,162,169,17,170,18,2,20,22,23,24,25,29,30,32,36,46,55,59,6,70,9,92,97,98
490,117,169,17,18,20,29,55,6,98
491,1,104,113,117,132,133,148,153,155,16,162,169,17,170,18,20,21,22,23,25,29,30,32,36,46,55,56,59,6,70,80,9,92,97,98
492,1,10,104,113,117,132,133,148,153,155,156,16,162,169,17,170,18,20,21,22,24,25,29,30,32,36,46,55,56,59,6,70,9,92,97,98
493,1,104,113,117,132,133,148,153,16,162,169,18,20,21,22,24,29,30,32,36,56,59,70,97
494,1,104,113,117,132,133,148,156,16,162,169,17,170,18,20,21,22,23,24,29,3,30,32,36,55,56,59,6,70,80,9,97
495,1,113,155,169,17,18,29,30,36,55,59,9,92,97
496,1,10,104,113,117,132,133,148,153,155,16,162,169,17,170,18,20,22,24,25,29,3,30,32,36,55,56,59,6,70,9,92,97,98
497,1,104,113,117,132,133,148,153,155,16,162,169,17,170,18,2,20,21,22,24,25,29,3,30,32,36,55,56,59,6,70,87,9,92,97,98
498,1,10,104,113,132,133,153,155,156,16,162,169,17,170,18,21,22,24,25,29,30,32,36,55,59,6,70,80,9,92,97,98
499,1,104,113,132,148,156,16,169,170,18,20,21,25,29,30,32,55,56,59,70,97
500,1,104,113,117,132,133,148,153,155,156,16,162,169,17,170,18,2,20,21,22,24,25,29,3,30,32,36,46,55,56,59,6,70,80,9,92,97,98
501,1,104,113,117,132,133,148,153,16,162,169,18,20,21,22,24,25,29,3,30,36,56,59,70,9,97,98
502,1,10,113,132,16,162,169,170,18,22,29,3,30,32,36,55,59,97,98
503,1,104,113,132,148,153,156,169,17,170,18,22,23,25,29,30,32,36,55,56,59,9,97,98
504,1,10,104,113,132,133,153,155,156,16,162,169,170,18,2,21,22,23,24,29,30,32,36,55,59,9,97,98
505,1,10,104,113,133,155,16,162,169,17,170,18,2,20,22,29,3,30,32,36,55,59,92,97,98
506,1,104,113,117,132,148,153,156,16,162,169,17,170,18,20,21,22,29,3,30,32,36,55,56,59,6,70,80,9,92,97,98
507,1,104,113,117,132,133,148,153,155,156,16,162,169,17,170,18,2,21,22,23,24,25,29,3,30,32,36,46,55,56,59,6,70,9,92,97,98
508,1,113,132,162,169,170,18,21,22,29,30,32,36,55,59,70,92,97,98
509,1,10,104,113,117,132,133,148,153,155,156,16,162,169,17,170,18,22,23,24,25,29,30,32,36,46,55,59,6,9,92,97,98
510,1,104,113,133,155,156,16,162,169,17,170,18,2,20,22,25,29,30,32,55,59,70,97,98
511,1,104,113,132,155,16,162,169,17,170,18,22,29,30,32,36,55,59,6,9,92,97,98
512,1,10,104,113,117,132,153,155,162,169,17,170,18,20,22,24,29,30,32,36,55,59,70,92,97,98
513,1,104,113,132,162,169,17,170,18,30,32,36,56,59,97
514,1,10,104,113,117,132,133,148,153,155,156,16,162,169,17,170,18,2,20,22,23,24,25,29,30,32,36,55,56,59,6,80,9,92,97,98
515,1,10,104,113,117,132,133,148,153,155,16,162,169,17,170,18,20,21,22,23,24,25,29,30,32,36,46,55,56,59,6,70,9,92,97
516,1,104,113,132,156,169,17,170,18,21,22,29,30,32,55,59,70,97
517,1,10,104,113,117,132,133,148,153,155,16,162,169,17,170,18,20,21,22,24,25,29,30,32,36,55,59,6,70,9,92,97,98
518,1,104,113,132,155,156,16,162,169,17,170,18,21,22,23,24,25,29,30,32,36,55,56,59,6,92,97,98
519,1,104,113,117,132,148,153,156,162,169,18,22,24,29,30,32,36,46,56,59,70,9,92,97
520,1,104,113,117,132,162,169,170,18,22,29,32,46,55,56,59,9,92,97
521,1,10,104,113,132,153,162,169,17,170,18,20,22,23,29,3,30,32,36,59,6,97
522,1,104,117,132,16,162,169,17,18,20,22,29,30,32,46,59,97,98
523,1,104,113,117,148,153,155,16,162,169,17,18,20,22,25,29,30,32,36,55,56,59,70,9,92,97,98
524,1,104,113,117,132,133,148,153,156,16,162,169,17,170,18,20,21,22,23,24,25,29,30,32,36,46,55,59,70,80,9,92,97
525,1,10,104,113,117,132,133,148,153,155,16,162,169,17,170,18,20,21,22,23,24,25,29,3,30,32,36,55,56,59,70,87,9,92,97,98
526,1,104,113,117,132,133,148,153,155,156,16,162,169,17,170,18,19,2,21,22,23,25,29,3,30,32,36,46,55,56,59,6,70,87,9,92,97,98
527,1,104,113,117,132,133,148,153,16,162,169,17,170,18,20,22,24,25,29,3,30,32,36,46,55,59,6,70,92,97,98
528,1,10,104,113,117,132,133,155,156,16,162,169,17,170,18,19,2,20,21,22,23,25,29,3,30,32,36,46,55,56,59,6,70,92,97,98
529,1,104,113,117,132,133,148,153,155,16,162,169,17,170,18,22,25,29,30,32,55,56,59,6,70,92,97,98
530,1,10,104,113,117,132,133,148,153,155,156,16,162,169,17,170,18,20,21,22,23,24,25,29,30,32,36,46,55,56,59,6,9,92,97,98
531,1,104,113,132,133,153,155,156,162,169,17,170,18,20,21,29,30,32,55,59,70,9,92,97,98
532,1,104,113,132,133,148,153,155,16,162,169,17,170,18,22,23,24,25,29,30,32,36,46,55,56,59,6,70,9,92,97,98
533,1,10,104,113,132,133,148,155,156,16,169,17,170,18,20,21,22,23,24,25,29,30,32,36,46,55,56,59,70,9,92,97,98
534,1,10,104,113,117,132,133,148,153,155,16,162,169,17,170,18,20,21,22,29,30,32,36,55,56,59,6,70,87,9,92,97,98
535,1,104,113,132,133,153,155,156,16,162,169,17,170,18,21,22,29,30,32,36,55,59,6,70,87,9,92,97,98
536,1,113,132,16,162,17,18,36,55,97
537,1,10,104,113,132,133,148,153,155,156,16,162,169,170,18,19,2,20,21,22,24,25,29,3,30,32,36,46,55,59,6,70,9,92,97,98
538,1,10,104,113,117,132,153,155,156,16,162,169,17,170,18,21,22,29,30,32,36,55,59,9,92,97
539,1,10,104,113,132,133,153,155,156,16,162,169,17,170,18,22,23,29,3,30,32,36,55,56,59,9,92,97,98
540,1,113,132,133,153,155,16,162,169,170,18,20,21,22,29,30,32,36,56,59,87,92,97
541,1,10,104,113,132,133,148,155,156,16,162,169,17,18,2,20,22,23,24,25,29,30,32,36,46,55,59,70,80,9,92,97,98
542,1,10,104,113,117,132,133,153,155,16,162,169,17,170,18,22,24,25,29,30,32,36,55,59,92,97,98
543,1,104,113,133,155,16,18,22,36,59,87
544,1,10,104,113,133,16,162,169,17,170,18,20,22,29,30,32,36,55,56,59,92,97,98
545,1,10,104,113,117,132,133,148,153,155,16,162,169,17,170,18,19,2,20,21,22,23,29,3,30,32,36,55,56,59,6,70,80,87,9,92,97,98
546,1,10,104,113,16,162,170,18,22,29,36,55,59,97
547,1,10,104,113,117,132,148,153,155,156,16,162,169,17,170,18,20,22,23,24,25,29,30,32,36,46,55,59,9,92,97,98
548,1,104,113,132,153,155,16,162,169,17,170,18,2,22,29,32,36,46,55,56,59,9,92,97,98
549,1,10,104,113,117,132,133,153,155,16,162,169,17,170,18,2,20,21,22,23,29,3,30,32,36,46,55,56,59,6,70,9,92,97,98
550,1,10,104,113,132,133,148,155,16,162,169,17,170,18,2,20,22,25,29,30,32,36,46,55,59,87,9,92,97,98
551,1,104,113,132,133,153,155,156,162,169,17,170,18,19,2,21,22,24,29,3,30,32,55,59,70,87,9,92,97,98
552,1,104,113,117,132,133,148,153,16,162,169,17,170,18,20,22,25,29,30,32,36,55,56,59,6,70,9,92,97,98
553,1,10,104,113,117,132,133,148,153,16,162,169,17,170,18,2,20,22,23,24,25,29,30,32,36,46,55,59,70,9,92,97,98
554,1,104,113,117,132,133,153,155,16,162,169,17,170,18,2,21,22,23,24,25,29,30,32,36,46,55,56,59,6,87,9,92,97,98
555,1,104,113,132,153,162,169,17,18,20,29,55,9,97,98
556,1,104,113,132,153,155,16,169,17,18,20,22,29,30,32,36,46,59,6,92,97
557,1,104,113,117,132,148,153,16,162,169,17,170,18,20,21,22,23,24,25,29,30,32,36,46,56,59,9,92,97,98
558,1,104,113,117,132,133,169,17,170,18,22,25,29,30,32,56,59,6,92,97,98
559,1,104,113,117,132,133,153,155,16,162,169,17,170,18,22,24,29,3,30,32,36,55,56,59,70,87,9,92,97,98
560,1,104,113,133,155,162,169,17,18,22,23,25,29,30,32,36,55,6,87,92,98
561,113,132,16,162,169,17,170,18,21,36,59,97
562,1,10,113,132,153,155,16,162,169,17,170,18,2,22,29,32,36,55,59,92,97,98
563,1,10,104,155,16,18,29,32,36,46,92,97,98
564,1,132,16,162,169,17,29,30,36,55
565,1,113,132,16,162,169,170,18,22,36,55,59,6,97,98
566,1,104,113,132,162,170,18,22,24,29,56,92
567,1,10,104,113,117,132,133,148,153,155,156,16,162,169,17,170,18,20,21,23,25,29,30,32,36,46,55,56,59,70,9,92,97,98
568,1,104,113,132,133,148,153,155,16,162,169,170,18,21,22,29,3,30,32,36,55,56,59,6,70,87,92,97
569,1,113,155,162,169,18,32,92,97
570,1,162
571,1,104,113,155,16,162,169,18,22,25,29,56,59,92,97
572,1,10,104,113,132,153,16,162,169,17,170,18,22,24,29,32,36,46,55,56,6,9,97
573,1,10,104,113,117,132,133,148,153,155,16,162,169,17,170,18,2,22,25,29,30,32,36,46,55,56,59,6,9,92,97,98
574,1,10,104,113,117,132,133,148,153,155,16,162,169,17,170,18,19,2,20,21,22,24,25,29,3,30,32,36,46,55,59,6,70,80,9,92,97,98
575,1,104,113,132,162,169,170,18,29,30,32,46,59,92
576,1,104,113,132,16,162,169,17,18,2,22,29,30,32,59,92,98
577,1,104,113,117,132,133,148,153,155,16,169,17,170,18,2,22,23,25,29,30,32,46,55,59,6,70,9,92,97,98
578,1,10,104,113,132,155,162,169,17,170,18,24,29,30,32,36,55,59,6,92,97
579,113,18,19,2,22,36,59
580,1,10,104,113,117,132,155,156,16,162,169,17,170,18,2,20,22,24,29,3,30,32,36,46,55,59,9,92,97,98
581,1,10,104,113,132,133,148,153,155,16,162,169,17,170,18,20,22,23,24,29,30,32,36,46,55,56,59,6,70,80,9,92,97,98
582,1,104,113,117,153,155,16,162,169,17,170,18,20,22,29,30,32,36,46,55,59,9,92,97,98
583,1,10,104,113,132,153,155,16,162,169,17,170,18,20,22,29,30,32,36,55,56,92,97,98
584,1,10,104,169,17,170,18,32,36,55
585,1,104,113,117,155,162,169,17,170,18,22,24,25,29,30,32,55,56,59,6,92,97,98
586,1,104,113,132,133,16,162,169,17,170,18,22,29,30,32,36,59,92,97
587,1,113,132,133,162,169,170,18,22,29,30,56,97
588,1,104,117,132,155,162,169,17,170,18,22,24,30,32,36,55,56,92,97,98
589,1,104,113,132,16,169,170,18,21,22,25,29
590,1,113,132,155,169,17,18,22,25,29,30,32,55,59,70,92,97
591,1,10,104,113,117,132,133,155,16,162,169,17,170,18,21,22,24,29,3,30,32,36,55,56,59,70,9,92,97,98
592,1,10,104,113,132,148,153,155,169,170,18,23,30,32,36,46,55,59,9,92,97
593,1,104,113,132,148,153,155,16,162,169,17,170,18,20,21,22,23,29,3,30,32,36,46,55,59,6,70,92,97,98
594,1,10,104,113,117,132,133,153,155,16,162,169,17,170,18,2,20,21,22,25,29,30,32,36,55,56,59,6,70,87,9,92,97,98
595,1,104,132,155,16,162,169,17,170,18,22,29,32,36,55,59,92,97,98
596,1,10,104,113,132,155,16,162,169,170,18,22,29,3,30,32,36,55,56,59,92,97
597,1,104,113,132,133,162,169,17,170,18,21,22,30,59
598,1,113,169,29
599,1,10,104,113,117,132,133,155,16,162,169,17,170,18,20,22,24,25,29,30,32,36,55,59,70,92,97,98
600,1,10,104,113,132,155,156,162,169,170,18,22,29,30,32,36,55,56,59,97,98
601,1,104,113,117,132,153,16,162,169,17,170,18,22,24,29,30,32,36,55,59,6,9,92,97,98
602,1,113,155,162
603,1,113,132,162,169,170,18,22,29,30,32,59,92,97
604,1,10,104,162,169,170,18,22,32,59,87
605,1,10,104,113,132,153,156,162,169,17,170,18,21,22,29,30,32,36,55,59,9,92,97,98
606,1,104,113,117,132,133,153,155,162,169,17,170,18,21,22,29,30,32,36,55,59,70,9,92,97,98
607,1,104,113,132,148,153,16,162,169,17,18,21,24,29,30,36,56,59,70,9,92
608,1,104,113,117,132,148,16,169,17,170,18,21,22,23,24,29,30,32,36,56,59,6,70,80
609,1,104,113,117,132,133,148,155,156,16,162,169,17,170,18,20,21,22,23,24,25,29,30,32,36,55,56,59,6,70,80,92,97,98
610,1,104,113,132,133,148,156,16,162,169,17,170,18,20,21,22,24,29,3,30,32,36,46,55,56,59,70,9,97
611,1,104,113,117,133,148,155,16,162,169,17,170,18,22,29,30,32,59,6,80,92,98
612,1,104,113,132,133,148,156,16,162,169,17,170,18,20,21,22,23,24,25,29,3,30,32,46,55,59,6,70,80,9,97
613,1,104,113,132,169,17,18,20,21,29,36,55,59,80,98
614,1,113,117,133,153,169,18,20,21,36,59,70,97
615,1,113,132,148,155,156,16,169,17,18,24,30,32,36,59,70,97,98
616,1,104,113,132,133,148,153,155,156,16,162,169,170,18,21,22,25,29,30,32,36,56,59,70,9,97
617,1,104,113,132,133,148,162,169,18,20,21,23,24,29,30,32,59,6,70,80,92
618,1,104,113,132,133,148,153,16,169,170,18,2,20,21,22,23,24,25,29,30,32,36,55,56,59,6,70,87,9,97,98
619,1,104,113,117,132,133,16,162,169,17,170,18,21,22,29,3,30,32,36,55,56,59,70,97,98
620,1,104,113,132,156,162,169,18,21,22,29,32,59,70,97
621,1,104,113,117,132,133,148,155,156,16,162,169,17,18,21,23,24,29,30,32,36,55,59,70,92,97,98
622,1,104,113,117,132,133,148,153,16,162,169,17,170,18,21,30,32,55,59,80,9,92,97,98
623,1,104,113,132,148,16,169,17,170,18,24,29,3,30,32,36,46,56,59,70,97
624,1,104,113,132,133,148,16,162,169,17,18,19,2,20,21,22,24,25,29,30,32,36,55,56,59,6,70,87,98
625,1,104,113,132,148,156,162,169,17,21,23,24,30,32,36,46,59,70
626,1,113,156,169,18,20,21,22,24,30,32,46,59,70
627,1,104,113,117,132,133,148,156,16,162,169,17,18,20,21,22,23,24,29,30,32,36,46,56,59,6,70,80,9,97
628,1,104,113,117,132,148,153,16,162,169,170,18,21,24,25,29,3,30,32,36,55,56,59,6,70,9,92,97
629,1,117,132,133,148,16,162,169,17,170,18,20,21,22,29,30,32,36,55,56,59,70,97
630,1,104,113,132,148,153,155,169,17,170,18,20,21,23,24,25,29,3,30,32,36,46,59,6,70,92,97,98
631,1,113,132,133,156,16,169,18,20,21,22,24,29,30,32,59,9
632,1,104,113,132,148,16,169,17,18,21,23,29,3,30,32,59,80
633,1,104,113,132,133,148,153,155,156,16,162,169,17,170,18,2,20,21,23,24,25,29,30,32,36,55,56,59,6,70,9,92,97,98
634,1,113,132,133,162,169,17,18,20,25,30,32,36,56,59,6,70,9
635,1,113,132,133,155,16,169,17,18,21,22,24,25,29,30,36,56,59,97,98
636,1,104,113,132,133,148,155,16,169,17,18,2,21,29,30,32,36,56,59,70,80,92
637,1,104,113,132,133,148,153,16,162,169,17,170,18,20,21,22,24,29,3,36,55,59,87,9
638,1,113,117,132,148,16,169,18,21,29,30,36,56,59,70,80,97
639,1,113,132,133,155,16,162,169,17,170,18,2,21,29,30,32,59,92,97,98
640,1,10,104,113,117,132,133,148,153,155,16,162,169,17,170,18,20,21,22,23,24,25,29,3,30,32,36,46,55,56,59,6,70,80,9,97,98
641,1,104,113,132,133,148,153,155,156,16,162,169,17,170,18,2,20,21,23,24,25,29,3,30,32,36,46,59,6,70,87,9,92,97
642,1,113,132,16,169,18,2,20,24,36,46,59,97
643,1,104,113,117,132,133,16,162,169,17,18,20,22,24,29,3,30,32,36,46,55,56,59,70,92,97
644,1,113,132,169,17,21,30,32,59,6,70,80
645,1,104,113,117,132,16,169,17,18,21,22,29,30,36,55,56,59,6,92,97
646,1,104,113,132,133,155,162,169,17,18,20,22,23,24,25,29,30,32,36,59,70,9,92,98
647,1,132,148,16,162,169,17,18,2,20,21,22,25,29,30,36,55,56,59
648,1,104,113,132,133,148,153,156,169,18,2,21,29,30,36,59,70,9,97
649,1,113,132,133,148,153,16,169,17,18,2,20,22,24,29,30,32,36,55,59,6,70,97,98
650,1,104,113,117,132,133,148,153,16,162,169,17,170,18,21,29,30,32,55,59,6,70,80,9,92,97
651,1,104,113,117,132,133,148,153,16,162,169,17,170,18,20,21,22,24,29,3,30,32,36,55,56,59,6,70,80,9,97,98
652,1,104,113,132,133,148,153,16,162,169,17,18,21,22,29,30,36,59,9,97
653,1,104,113,117,132,133,148,156,16,169,170,18,20,21,25,29,30,32,36,56,59,6,9,97
654,1,104,117,132,133,148,16,169,17,170,18,20,25,29,30,32,36,55,56,59,6,70,92
655,1,113,132,148,16,169,17,18,21,22,24,25,29,3,30,32,36,46,59,70,87,97
656,1,104,113,117,132,133,148,156,16,162,169,17,18,21,29,30,32,36,59,92,97
657,1,104,113,132,133,153,155,156,16,169,17,170,18,2,20,21,23,24,25,29,30,32,36,55,56,59,6,70,9,92,97,98
658,1,104,113,117,132,133,148,153,156,16,162,169,18,2,24,29,3,30,32,59,70,80,9,92,97
659,1,104,113,132,133,148,156,16,162,169,18,19,21,22,29,3,30,32,56,59,6,70,9,92,97,98
660,1,113,132,148,153,156,162,169,18,21,24,29,30,32,36,56,59,80,98
661,1,104,113,117,132,133,148,153,155,156,16,162,169,17,170,18,20,21,22,24,25,29,3,30,32,36,55,59,70,80,9,92,97,98
662,1,10,104,113,132,153,16,169,17,170,18,19,21,22,29,3,30,32,36,55,59,9,97
663,1,104,113,132,148,153,16,162,169,17,18,22,24,25,29,30,36,55,59,9,97
664,1,104,113,117,133,148,169,18,23,29,3,30,32,36,59,97
665,1,104,113,117,132,133,148,155,16,162,169,17,170,18,20,21,22,23,24,25,29,3,30,32,36,59,70,80,92,97,98
666,1,104,113,117,153,16,169,18,20,22,29,3,30,36,56,59,9,97
667,1,104,113,117,132,133,155,156,16,169,17,170,18,20,21,22,29,30,32,36,55,59,6,70,80,87,9,92,97,98
668,1,104,113,117,132,148,153,156,16,162,169,17,170,18,20,21,22,24,29,3,30,32,55,56,59,70,80,87,9,92,97
669,1,104,113,117,132,133,153,155,16,169,17,18,21,22,25,29,30,32,55,59,80,9,92,97,98
670,1,104,113,117,132,133,16,162,169,17,18,19,2,22,25,29,30,32,55,59,70,87,9,92,97,98
671,1,104,113,132,153,155,162,169,17,18,21,22,29,30,32,36,55,59,6,92,97
672,1,104,113,117,148,153,16,162,169,17,18,20,24,29,30,46,56,59,70,87,97
673,1,104,113,117,132,133,16,162,169,17,18,21,22,29,3,30,32,36,59,97,98
674,1,104,113,117,132,133,148,16,169,17,170,18,20,21,22,24,25,29,3,30,32,36,46,55,56,59,6,97
675,1,104,113,117,132,133,153,155,156,16,162,169,170,18,20,22,25,3,30,32,36,55,56,59,6,70,9,92,97,98
676,1,104,113,117,132,133,153,155,16,162,169,17,170,18,20,21,22,25,29,30,32,36,55,56,59,70,9,92,97,98
677,1,113,153,16,169,170,18,20,22,25,32,36,55,56,59,70,92,97,98
678,1,104,113,132,153,162,169,17,170,18,21,22,29,30,36,59,97
679,1,104,113,132,133,156,16,169,17,170,18,29,3,30,32,59,6,70,97
680,1,104,113,117,132,133,148,153,155,16,162,169,17,170,18,2,20,21,22,23,24,25,29,3,30,32,36,46,55,56,59,6,70,80,87,9,92,97,98
681,1,104,113,117,132,133,148,153,155,16,169,17,18,20,21,29,3,30,32,36,59,70,80,9,92,97
682,1,104,113,132,133,156,16,162,169,17,170,18,20,21,22,25,29,3,30,32,36,55,56,59,80,97
683,1,104,113,117,132,133,148,16,169,17,18,19,2,21,22,25,29,3,30,32,36,59,70,92,98
684,1,104,113,117,132,133,148,153,155,156,16,162,169,17,170,18,2,20,22,24,25,29,3,30,32,36,46,55,56,59,80,9,97
685,1,104,113,132,133,155,156,16,169,17,18,20,23,29,30,32,36,59,70,9,92,97,98
686,1,104,113,132,148,153,155,162,169,18,22,29,30,55,59,97
687,1,104,113,132,155,16,169,17,170,18,22,29,30,32,36,55,56,59,6,70,92,97,98
688,1,104,117,132,133,16,162,169,18,20,24,29,30,32,36,59,6,70,80,97
689,1,113,117,132,133,156,16,162,169,17,18,2,20,21,22,23,29,3,30,32,36,55,56,59,70,80,97,98
690,1,104,113,132,133,16,162,169,17,170,18,2,20,21,29,3,32,36,56,59,6,70,98
691,1,104,113,132,133,153,155,16,162,169,17,170,18,20,21,22,29,3,30,32,36,46,55,56,59,70,9,92,97,98
692,1,104,113,117,132,153,156,169,18,20,29,30,32,59,6,70,9,92
693,1,10,104,113,132,153,155,16,162,169,17,170,18,20,21,22,23,25,29,30,32,36,46,55,56,59,87,9,92,97,98
694,1,113,117,132,133,148,153,16,162,169,170,18,20,21,22,25,29,3,30,32,36,55,59,6,70,9,97
695,1,104,113,132,133,155,156,16,162,169,17,170,18,19,22,24,25,29,3,30,32,36,46,55,56,59,6,70,9,92,97,98
696,1,104,113,117,132,133,148,153,155,156,16,162,169,17,170,18,20,21,22,23,24,29,3,30,32,36,46,55,56,59,70,9,92,97,98
697,1,132,16,162,169,18,30,36,56,59,92,97
698,1,104,113,117,132,133,148,153,155,156,16,162,169,17,170,18,20,21,22,24,25,29,30,32,36,55,56,59,70,9,92,97,98
699,1,104,113,132,133,155,16,162,169,17,18,19,2,20,21,22,23,24,25,29,30,32,36,46,55,56,59,6,92,97,98
700,1,104,113,117,153,16,162,169,17,170,18,20,22,29,30,32,36,55,56,59,6,9,92,97
701,1,10,104,113,117,132,133,148,155,156,16,162,169,17,170,18,20,22,23,24,25,29,30,32,36,46,55,56,59,6,70,80,9,92,97,98
702,1,104,113,117,132,153,16,169,18,21,3,59,9,98
703,1,104,113,132,133,155,156,16,169,17,18,20,21,22,25,29,30,32,36,55,59,9,92,97,98
704,1,104,113,117,132,133,148,153,155,156,16,162,169,17,170,18,19,2,20,21,22,23,24,25,29,3,30,32,36,46,55,56,59,6,80,87,9,92,97,98
705,1,10,104,113,117,132,133,148,153,156,16,162,169,17,170,18,20,21,22,23,24,29,30,32,36,55,56,59,6,70,9,92,97,98
706,1,113,132,148,156,16,169,170,18,20,21,29,30,32,56,59,6,70,97,98
707,1,104,113,117,132,155,156,16,169,17,170,18,19,2,20,22,29,3,30,32,36,55,56,59,70,87,92,97,98
708,1,104,117,132,133,148,155,16,162,169,17,170,18,2,20,22,23,25,29,30,32,36,46,55,59,6,70,87,92,97,98
709,1,104,113,132,133,148,156,169,18,21,29,3,30,32,36,56,59,70,80,9,97,98
710,1,104,132,133,148,153,156,16,169,17,170,18,23,24,25,30,32,36,59,6,70,80,87,9,92,97
711,1,104,113,132,133,148,16,162,169,17,18,21,25,29,30,32,36,59,97
712,1,104,113,132,133,153,155,156,16,169,17,18,20,21,22,25,29,30,32,36,46,55,56,59,6,87,92,97
713,1,104,113,132,133,148,153,155,16,162,169,17,170,18,20,22,23,24,25,29,3,30,32,36,46,55,56,59,6,70,9,92,97,98
714,1,104,113,117,132,148,16,162,169,17,170,18,19,2,21,22,23,24,25,29,3,30,32,36,56,59,6,70,80,87,97
715,1,113,132,156,16,162,169,170,18,21,29,30,32,36,59,70,97
716,1,104,113,117,132,148,155,16,162,169,17,170,18,20,21,23,24,25,29,30,32,36,46,59,70,97
717,1,104,113,132,133,148,153,155,16,162,169,17,170,18,20,21,22,23,25,29,30,32,36,55,56,59,6,70,9,92,97,98
718,1,104,113,117,132,148,155,162,169,17,18,20,22,25,29,30,32,36,55,59,6,70,87,92,98
719,1,104,113,117,132,133,153,155,156,16,162,169,17,170,18,20,21,22,23,24,29,30,32,55,59,70,80,92,97,98
720,1,10,104,113,132,155,162,169,17,18,20,22,3,46,87,9,92
721,1,104,113,132,133,153,155,16,162,169,17,170,18,20,22,24,25,29,3,32,36,55,56,59,70,9,92,97
722,1,113,16,162,18,22,29,32,59,97
723,1,113,132,155,162,169,17,18,22,29,30,32,36,56,59,97,98
724,1,10,104,113,117,132,133,153,155,16,162,169,17,170,18,19,2,21,22,24,29,3,30,32,36,46,55,56,59,6,87,9,92,97,98
725,1,113,132,153,155,156,16,169,18,2,21,22,29,3,30,32,36,59,92,97,98
726,1,117,162,18,29,3,30,32,36,59,97,98
727,1,113,132,148,153,156,16,162,169,17,170,18,20,21,22,29,30,32,36,55,56,59,70,87,9,97
728,1,113,132,133,155,156,16,162,169,17,170,18,19,2,20,21,22,29,3,30,32,36,59,70,9,92,97,98
729,1,113,117,132,133,155,16,162,169,17,18,2,20,21,24,25,29,3,30,32,36,55,56,59,70,92,97,98
730,1,104,113,117,132,133,153,156,16,162,169,17,18,22,24,29,3,30,32,36,55,56,59,70,80,9,92,98
731,1,104,113,132,153,155,16,162,169,17,170,18,19,2,22,25,29,3,30,32,36,55,56,59,6,87,9,92,97,98
732,1,162,169,18,21,22,29,3,30,32,36,59,97
733,1,104,113,132,148,153,155,156,16,162,169,17,170,18,2,22,29,3,30,32,36,55,56,59,6,70,87,9,92,97,98
734,1,104,113,117,132,153,155,156,16,169,170,18,20,21,22,29,30,32,36,55,59,70,92,97,98
735,1,104,113,117,132,133,148,155,156,16,162,169,17,170,18,2,22,23,24,25,29,30,32,36,46,55,56,59,9,92,97,98
736,1,104,113,132,153,155,16,162,169,17,170,18,22,24,29,30,32,36,56,59,70,92,97,98
737,1,104,113,117,132,133,148,153,155,156,16,162,169,17,170,18,20,21,22,23,24,25,29,30,32,36,55,56,59,6,70,80,9,92,97,98
738,1,10,104,113,132,148,156,162,169,17,170,18,19,2,21,22,24,29,3,30,32,36,55,56,59,9,97,98
739,1,10,104,113,117,132,133,148,153,155,16,162,169,17,170,18,20,21,22,23,24,25,29,3,30,32,36,55,56,59,6,70,87,9,97
740,1,104,113,132,133,155,16,162,169,170,18,20,22,30,32,36,55,59,70,92,97
741,1,104,113,117,132,155,16,162,169,17,170,18,19,2,21,22,29,3,30,32,36,55,56,59,70,92,97,98
742,1,104,113,132,133,148,156,16,162,169,18,20,22,25,29,3,30,32,36,46,59,87,92,97
743,1,104,113,117,132,133,148,153,155,156,16,162,169,17,170,18,20,21,22,24,25,29,3,30,32,36,55,56,59,6,70,9,92,97,98
744,1,104,113,117,132,133,155,16,162,169,17,170,18,20,21,22,29,3,30,32,36,55,56,59,92,97
745,1,10,104,113,117,132,148,153,155,156,16,162,169,17,170,18,19,2,22,23,25,29,3,30,32,36,46,59,6,9,92,97
746,1,104,113,132,16,162,169,170,22,29,30,32,59,92,97
747,1,132,16,169,17,20,30,36,55,59,70,97
748,1,104,113,117,132,133,155,16,162,169,17,170,18,20,22,24,25,29,30,32,36,55,56,59,70,80,9,92,97
749,1,104,113,117,132,133,148,153,155,156,16,162,169,17,170,18,19,2,20,21,22,23,25,29,3,30,32,36,46,55,56,59,9,92,97,98
750,1,104,113,117,132,133,148,153,16,162,169,17,170,18,20,21,22,23,24,29,30,32,36,46,55,56,59,6,70,9,92,97,98
751,1,104,113,132,133,148,153,155,156,16,162,169,17,170,18,2,20,22,23,24,25,29,30,32,36,55,56,59,6,70,80,9,92,97,98
752,1,10,104,113,117,132,133,148,155,16,162,169,17,170,18,20,21,22,24,25,29,30,32,36,46,55,56,59,6,70,92,97,98
753,1,104,113,117,132,133,155,16,162,169,170,18,21,22,25,29,3,30,32,36,55,59,92,97,98
754,1,104,113,117,132,133,148,153,155,156,16,162,169,17,170,18,21,22,23,24,25,29,3,30,32,36,46,55,56,59,6,70,9,92,97,98
755,1,104,113,132,148,153,16,162,169,17,170,18,21,22,24,25,29,3,30,32,36,46,59,70,9,92,97,98
756,1,104,113,117,132,133,148,153,156,16,162,169,17,170,18,20,21,22,23,24,25,29,30,32,36,55,56,59,6,70,80,87,9,97,98
757,1,104,113,133,148,153,156,16,162,169,17,170,18,21,22,24,25,29,3,30,32,46,55,59,6,70,80,87,9,92,97,98
758,1,10,104,113,117,132,133,148,153,155,156,16,162,169,17,170,18,2,20,21,22,24,29,3,30,32,36,55,56,59,6,70,9,92,97,98
759,1,104,113,132,155,16,162,169,17,170,18,22,29,30,32,36,55,56,59,92,97
760,1,104,113,117,132,133,148,153,155,156,16,162,169,17,170,18,2,20,22,23,24,25,29,3,30,32,36,46,55,56,59,6,70,80,87,9,92,97,98
761,1,104,113,117,132,133,148,153,155,156,16,162,169,17,170,18,2,20,21,22,23,24,25,29,3,30,32,36,46,55,56,59,6,70,9,92,97,98
762,1,10,104,113,117,132,133,148,153,155,156,16,162,169,17,170,18,19,2,21,22,23,24,25,29,3,30,32,36,46,55,56,59,9,92,97,98
763,1,10,104,113,117,132,153,155,16,162,169,17,170,18,22,24,29,30,32,36,46,55,59,9,92,97,98
764,1,10,104,113,132,133,153,16,162,169,17,170,18,19,2,21,22,29,3,30,32,36,46,55,56,59,6,97,98
765,1,104,113,117,132,133,148,153,155,156,16,162,169,17,170,18,2,20,21,22,24,25,29,3,30,32,36,55,56,59,6,70,80,9,92,97,98
766,1,113,162,22,30,59,97
767,1,104,113,117,132,133,148,155,16,162,169,17,170,18,22,25,29,3,30,32,55,59,70,92,97,98
768,1,104,113,117,132,148,153,156,162,169,170,18,2,21,24,25,29,30,32,36,46,59,6,70,80,9,97
769,1,113,132,133,153,16,162,169,17,170,18,21,22,24,29,30,32,36,46,55,56,59,6,70,97
770,1,104,113,117,132,133,148,153,16,162,169,17,170,18,21,22,24,25,29,3,30,32,36,55,56,59,6,70,80,87,9,92
771,1,104,113,117,132,153,155,16,162,169,170,18,21,22,24,29,30,32,36,46,55,59,70,9,92,97,98
772,1,10,104,113,117,132,133,148,153,155,156,16,162,169,17,170,18,2,20,22,23,24,25,29,3,30,32,36,55,56,59,6,70,80,9,92,97,98
773,1,104,113,132,133,156,16,169,170,18,20,21,22,29,3,30,32,36,56,59,6,70,80,9,92,98
774,1,104,113,117,132,133,148,153,155,156,16,162,169,17,170,18,20,21,22,23,24,25,29,3,30,32,36,46,55,56,59,6,70,87,9,92,97,98
775,1,104,113,117,132,133,16,162,169,17,170,18,21,22,24,29,32,36,55,59,97
776,1,113,117,132,133,148,156,16,162,169,170,18,2,20,21,22,24,29,3,30,32,36,55,56,59,70,80,87,97
777,1,104,113,117,132,133,16,162,169,170,18,2,22,24,29,30,32,36,55,56,59,70,87,92,97
778,1,104,113,117,132,133,153,155,156,16,162,169,17,170,18,21,22,23,24,29,3,30,32,36,55,56,59,6,70,87,9,92,97,98
779,1,132,133,156,16,162,169,18,24,25,29,32,46,59,80
780,1,104,113,133,148,155,16,162,169,17,170,22,23,29,30,32,55,56,59,6,70,80,87,92,98
781,1,104,117,133,153,156,16,169,170,18,21,25,3,30,32,55,56,59,9,92,97
782,1,104,113,117,132,133,148,153,155,16,162,169,17,170,18,20,21,22,24,25,29,3,30,32,36,55,56,59,6,70,9,92,97,98
783,1,10,104,113,117,132,133,148,153,156,16,162,169,17,170,18,19,2,20,21,22,23,24,25,29,3,30,32,36,46,55,56,59,6,70,87,9,92,97,98
784,1,113,132,162,169,170,18,21,22,56,59,98
785,1,104,113,117,132,133,148,153,155,16,169,17,170,18,20,22,25,29,30,32,36,55,59,6,70,87,9,92,97,98
786,1,113,132,153,16,162,170,18,22,25,29,3,30,32,36,56,59,9,97
787,1,113,132,133,16,162,169,170,18,22,24,29,30,32,55,56,59,6,92,97
788,1,104,113,117,132,133,148,153,155,16,162,169,17,170,18,20,21,22,23,24,25,29,30,32,36,46,59,70,92,97,98
789,1,104,113,117,132,133,148,155,16,162,169,17,170,18,22,29,30,32,36,46,55,56,59,6,70,87,92,97,98
790,1,104,132,170,18,22,29,30,32,36
791,1,104,113,132,162,169,17,18,21,22,29,30,59,6,92,97
792,1,104,113,117,132,133,153,155,16,162,169,17,170,18,20,21,22,29,3,30,32,36,55,56,59,6,87,9,92,97,98
793,1,104,113,132,133,16,162,169,17,18,21,25,29,3,30,32,36,59,97
794,1,113,132,148,155,162,169,17,170,18,21,30,32,56,70,92,98
795,1,10,104,113,117,132,148,155,16,162,169,17,170,18,21,22,29,30,32,36,55,56,59,6,70,87,9,92,97,98
796,1,104,113,132,133,148,155,16,162,169,17,170,18,20,21,22,29,3,30,32,36,55,56,59,70,92,97
797,1,10,104,113,132,133,153,155,16,162,169,17,170,18,20,22,24,29,3,30,32,36,46,55,56,59,87,9,92,97
798,1,104,113,132,133,148,153,155,156,16,162,169,17,18,20,21,22,25,29,3,30,32,36,56,59,6,70,87,9,92,97,98
799,1,117,133,16,162,170,18,20,22,30,32,55,59
800,1,104,113,162,169,170,22,29,32,56
801,1,104,113,132,162,169,170,18,21,22,24,29,3,30,36,59
802,1,104,113,132,162,169,18,22,29,30,32,56,59,97
803,1,113,132,133,148,16,169,30,59,70
804,1,104,113,132,16,162,169,170,18,20,22,29,3,30,55,59,92,97
805,1,113,117,132,133,16,162,170,18,19,2,20,22,24,29,3,30,32,36,55,56,59,87,97
806,1,10,104,113,132,133,156,16,162,169,17,170,18,21,22,29,30,32,36,55,56,59,6,97,98
807,1,113,132,148,153,16,162,169,17,170,18,22,24,29,30,32,46,55,59,92,97
808,1,104,113,132,155,16,162,169,170,18,20,22,29,30,32,36,56,59,6,87,92,97,98
809,1,113,132,162,169,170,18,22,24,29,30,32,59,70,92
810,1,104,113,132,155,16,162,169,17,170,18,2,21,25,29,30,32,36,55,56,59,70,92,97
811,1,104,113,16,162,169,170,18,21,22,29,3,30,32,36,56,59,97
812,1,10,104,113,117,132,133,148,153,155,16,162,169,17,170,18,19,2,20,21,22,23,24,25,29,3,30,32,36,55,56,59,6,70,9,92,97,98
813,1,104,113,132,133,153,155,16,162,170,18,22,29,32,36,97
814,1,16,162,170,18,22,32,59
815,1,104,113,132,16,162,17,18,30,55,97
816,1,10,104,113,117,132,133,148,153,155,16,162,169,17,170,18,2,22,23,24,25,29,3,30,32,36,55,56,59,6,70,9,92,97,98
817,1,104,113,132,133,153,155,16,162,169,17,170,18,20,21,22,29,30,32,36,55,59,70,9,92,97,98
